ISO-10303-21;
HEADER;
FILE_DESCRIPTION (( 'STEP AP214' ),
    '1' );
FILE_NAME ('Top plate.STEP',
    '2026-02-16T21:12:11',
    ( '' ),
    ( '' ),
    'SwSTEP 2.0',
    'SolidWorks 2024',
    '' );
FILE_SCHEMA (( 'AUTOMOTIVE_DESIGN' ));
ENDSEC;

DATA;
#1 = FACE_OUTER_BOUND ( 'NONE', #6476, .T. ) ;
#2 = EDGE_CURVE ( 'NONE', #5330, #6759, #3040, .T. ) ;
#3 =( LENGTH_UNIT ( ) NAMED_UNIT ( * ) SI_UNIT ( .MILLI., .METRE. ) );
#4 = DIRECTION ( 'NONE',  ( -0.000000000000000000, -0.000000000000000000, -1.000000000000000000 ) ) ;
#5 = VECTOR ( 'NONE', #6240, 1000.000000000000000 ) ;
#6 = ORIENTED_EDGE ( 'NONE', *, *, #1958, .T. ) ;
#7 = EDGE_CURVE ( 'NONE', #3222, #625, #2180, .T. ) ;
#8 = CARTESIAN_POINT ( 'NONE',  ( 11.75000000000080114, -44.00000000000001421, 0.000000000000000000 ) ) ;
#9 = DIRECTION ( 'NONE',  ( -0.000000000000000000, -0.000000000000000000, -1.000000000000000000 ) ) ;
#10 = DIRECTION ( 'NONE',  ( -1.000000000000000000, 0.000000000000000000, 0.000000000000000000 ) ) ;
#11 = ORIENTED_EDGE ( 'NONE', *, *, #1747, .T. ) ;
#12 = LINE ( 'NONE', #6281, #6536 ) ;
#13 = FACE_OUTER_BOUND ( 'NONE', #6891, .T. ) ;
#14 = AXIS2_PLACEMENT_3D ( 'NONE', #4900, #2689, #4863 ) ;
#15 = EDGE_LOOP ( 'NONE', ( #5212, #430, #2581, #6533 ) ) ;
#16 = VERTEX_POINT ( 'NONE', #1325 ) ;
#17 = VERTEX_POINT ( 'NONE', #4177 ) ;
#18 = CARTESIAN_POINT ( 'NONE',  ( 12.75000000000039257, 5.999999999999984901, 2.000000000000000000 ) ) ;
#19 = CARTESIAN_POINT ( 'NONE',  ( 26.25000000000059330, -25.00000000000000711, 2.000000000000000000 ) ) ;
#20 = CARTESIAN_POINT ( 'NONE',  ( 31.75000000000040146, 5.999999999999984901, 2.000000000000000000 ) ) ;
#21 = AXIS2_PLACEMENT_3D ( 'NONE', #5215, #6993, #528 ) ;
#22 = VERTEX_POINT ( 'NONE', #4215 ) ;
#23 = DIRECTION ( 'NONE',  ( -0.000000000000000000, 0.000000000000000000, -1.000000000000000000 ) ) ;
#24 = VERTEX_POINT ( 'NONE', #3686 ) ;
#25 = AXIS2_PLACEMENT_3D ( 'NONE', #1961, #4929, #7133 ) ;
#26 = EDGE_LOOP ( 'NONE', ( #3468, #433, #3415, #3028, #667, #743, #626, #167 ) ) ;
#27 = EDGE_LOOP ( 'NONE', ( #4047, #4051, #5499, #5377 ) ) ;
#28 = DIRECTION ( 'NONE',  ( -1.000000000000000000, 0.000000000000000000, 0.000000000000000000 ) ) ;
#29 = DIRECTION ( 'NONE',  ( -1.000000000000000000, 0.000000000000000000, 0.000000000000000000 ) ) ;
#30 = AXIS2_PLACEMENT_3D ( 'NONE', #1524, #951, #2818 ) ;
#31 = DIRECTION ( 'NONE',  ( -0.000000000000000000, 1.000000000000000000, -0.000000000000000000 ) ) ;
#32 = FACE_OUTER_BOUND ( 'NONE', #6722, .T. ) ;
#33 = ORIENTED_EDGE ( 'NONE', *, *, #4251, .T. ) ;
#34 = VECTOR ( 'NONE', #4170, 1000.000000000000000 ) ;
#35 = DIRECTION ( 'NONE',  ( 0.000000000000000000, 0.000000000000000000, 1.000000000000000000 ) ) ;
#36 = ORIENTED_EDGE ( 'NONE', *, *, #3207, .F. ) ;
#37 = EDGE_CURVE ( 'NONE', #4927, #6323, #6013, .T. ) ;
#38 = ORIENTED_EDGE ( 'NONE', *, *, #2053, .T. ) ;
#39 = CIRCLE ( 'NONE', #5996, 0.9999999999999974465 ) ;
#40 = EDGE_CURVE ( 'NONE', #5998, #6901, #3041, .T. ) ;
#41 = CYLINDRICAL_SURFACE ( 'NONE', #6015, 1.000000000000000888 ) ;
#42 = EDGE_CURVE ( 'NONE', #6809, #6609, #2552, .T. ) ;
#43 = VECTOR ( 'NONE', #6412, 1000.000000000000000 ) ;
#44 = CARTESIAN_POINT ( 'NONE',  ( -11.74999999999940314, -25.00000000000000711, 0.000000000000000000 ) ) ;
#45 = AXIS2_PLACEMENT_3D ( 'NONE', #2751, #4611, #2211 ) ;
#46 = CARTESIAN_POINT ( 'NONE',  ( 31.75000000000000000, 30.99999999999998579, 0.000000000000000000 ) ) ;
#47 = VECTOR ( 'NONE', #3379, 1000.000000000000000 ) ;
#48 = CARTESIAN_POINT ( 'NONE',  ( -31.74999999999960565, -6.000000000000012434, 0.000000000000000000 ) ) ;
#49 = CARTESIAN_POINT ( 'NONE',  ( 44.25000000000000000, 31.99999999999998579, 2.000000000000000000 ) ) ;
#50 = CARTESIAN_POINT ( 'NONE',  ( -12.74999999999920242, -32.00000000000001421, 2.000000000000000000 ) ) ;
#51 = LINE ( 'NONE', #5789, #3560 ) ;
#52 = DIRECTION ( 'NONE',  ( 0.000000000000000000, 0.000000000000000000, 1.000000000000000000 ) ) ;
#53 = CARTESIAN_POINT ( 'NONE',  ( -12.74999999999980282, 25.99999999999997868, 2.000000000000000000 ) ) ;
#54 = EDGE_CURVE ( 'NONE', #561, #145, #821, .T. ) ;
#55 = VERTEX_POINT ( 'NONE', #187 ) ;
#56 = ORIENTED_EDGE ( 'NONE', *, *, #4305, .T. ) ;
#57 = DIRECTION ( 'NONE',  ( -1.000000000000000000, -0.000000000000000000, -0.000000000000000000 ) ) ;
#58 = VECTOR ( 'NONE', #3436, 1000.000000000000000 ) ;
#59 = CARTESIAN_POINT ( 'NONE',  ( 44.25000000000039790, 6.999999999999978684, 2.000000000000000000 ) ) ;
#60 = DIRECTION ( 'NONE',  ( 0.000000000000000000, 1.000000000000000000, 0.000000000000000000 ) ) ;
#61 = EDGE_LOOP ( 'NONE', ( #4735, #1005, #6, #3397, #6165, #6967, #4977, #7367 ) ) ;
#62 = CARTESIAN_POINT ( 'NONE',  ( -29.69999999999999929, 28.49999999999998934, 8.572527594031469492E-17 ) ) ;
#63 = ORIENTED_EDGE ( 'NONE', *, *, #4752, .T. ) ;
#64 = ORIENTED_EDGE ( 'NONE', *, *, #3134, .T. ) ;
#65 = ORIENTED_EDGE ( 'NONE', *, *, #284, .F. ) ;
#66 = DIRECTION ( 'NONE',  ( 0.000000000000000000, 0.000000000000000000, 1.000000000000000000 ) ) ;
#67 = CIRCLE ( 'NONE', #4315, 1.199999999999999734 ) ;
#68 = CARTESIAN_POINT ( 'NONE',  ( 31.75000000000079226, -31.00000000000002132, 2.000000000000000000 ) ) ;
#69 = CARTESIAN_POINT ( 'NONE',  ( 12.75000000000059330, -26.00000000000001066, 2.000000000000000000 ) ) ;
#70 = DIRECTION ( 'NONE',  ( -1.000000000000000000, 0.000000000000000000, 0.000000000000000000 ) ) ;
#71 = VERTEX_POINT ( 'NONE', #3148 ) ;
#72 = DIRECTION ( 'NONE',  ( -0.000000000000000000, -0.000000000000000000, -1.000000000000000000 ) ) ;
#73 = VERTEX_POINT ( 'NONE', #5935 ) ;
#74 = DIRECTION ( 'NONE',  ( 1.000000000000000000, 0.000000000000000000, 0.000000000000000000 ) ) ;
#75 = VERTEX_POINT ( 'NONE', #2585 ) ;
#76 = ADVANCED_FACE ( 'NONE', ( #4828 ), #7147, .T. ) ;
#77 = DIRECTION ( 'NONE',  ( -0.000000000000000000, -0.000000000000000000, -1.000000000000000000 ) ) ;
#78 = DIRECTION ( 'NONE',  ( -0.000000000000000000, -0.000000000000000000, -1.000000000000000000 ) ) ;
#79 = CARTESIAN_POINT ( 'NONE',  ( 25.25000000000058975, -26.00000000000001066, 2.000000000000000000 ) ) ;
#80 = DIRECTION ( 'NONE',  ( -0.000000000000000000, 0.000000000000000000, -1.000000000000000000 ) ) ;
#81 = CARTESIAN_POINT ( 'NONE',  ( 26.25000000000039080, -6.000000000000012434, 0.000000000000000000 ) ) ;
#82 = LINE ( 'NONE', #6314, #2165 ) ;
#83 = AXIS2_PLACEMENT_3D ( 'NONE', #6540, #4217, #4830 ) ;
#84 = DIRECTION ( 'NONE',  ( 1.000000000000000000, 0.000000000000000000, 0.000000000000000000 ) ) ;
#85 = VECTOR ( 'NONE', #2680, 1000.000000000000000 ) ;
#86 = FACE_BOUND ( 'NONE', #1648, .T. ) ;
#87 = DIRECTION ( 'NONE',  ( -1.000000000000000000, 0.000000000000000000, 0.000000000000000000 ) ) ;
#88 = EDGE_CURVE ( 'NONE', #1125, #6284, #511, .T. ) ;
#89 = VERTEX_POINT ( 'NONE', #6325 ) ;
#90 = VECTOR ( 'NONE', #3890, 1000.000000000000000 ) ;
#91 = AXIS2_PLACEMENT_3D ( 'NONE', #164, #4110, #1334 ) ;
#92 = ORIENTED_EDGE ( 'NONE', *, *, #4990, .F. ) ;
#93 = CYLINDRICAL_SURFACE ( 'NONE', #4799, 0.9999999999999974465 ) ;
#94 = LINE ( 'NONE', #59, #5357 ) ;
#95 = EDGE_CURVE ( 'NONE', #2215, #4363, #2066, .T. ) ;
#96 = CIRCLE ( 'NONE', #7144, 1.000000000000000888 ) ;
#97 = EDGE_CURVE ( 'NONE', #3455, #3835, #1646, .T. ) ;
#98 = LINE ( 'NONE', #4703, #1426 ) ;
#99 = AXIS2_PLACEMENT_3D ( 'NONE', #3206, #6272, #4025 ) ;
#100 = ORIENTED_EDGE ( 'NONE', *, *, #3956, .T. ) ;
#101 = CARTESIAN_POINT ( 'NONE',  ( -25.24999999999920064, -44.00000000000001421, 0.000000000000000000 ) ) ;
#102 = ORIENTED_EDGE ( 'NONE', *, *, #7020, .T. ) ;
#103 = ORIENTED_EDGE ( 'NONE', *, *, #4604, .F. ) ;
#104 = VERTEX_POINT ( 'NONE', #2834 ) ;
#105 = CARTESIAN_POINT ( 'NONE',  ( -25.24999999999920064, -45.00000000000001421, 2.000000000000000000 ) ) ;
#106 = EDGE_CURVE ( 'NONE', #695, #5330, #3470, .T. ) ;
#107 = CARTESIAN_POINT ( 'NONE',  ( -25.24999999999980105, 12.99999999999998757, 0.000000000000000000 ) ) ;
#108 = CARTESIAN_POINT ( 'NONE',  ( 11.75000000000060041, -13.00000000000001066, 0.000000000000000000 ) ) ;
#109 = VERTEX_POINT ( 'NONE', #6854 ) ;
#110 = DIRECTION ( 'NONE',  ( 1.000000000000000000, 0.000000000000000000, 0.000000000000000000 ) ) ;
#111 = ORIENTED_EDGE ( 'NONE', *, *, #2373, .T. ) ;
#112 = ORIENTED_EDGE ( 'NONE', *, *, #1728, .F. ) ;
#113 = FACE_OUTER_BOUND ( 'NONE', #4866, .T. ) ;
#114 = AXIS2_PLACEMENT_3D ( 'NONE', #4747, #6410, #28 ) ;
#115 = FACE_OUTER_BOUND ( 'NONE', #2504, .T. ) ;
#116 = PLANE ( 'NONE',  #4498 ) ;
#117 = LINE ( 'NONE', #2484, #173 ) ;
#118 = DIRECTION ( 'NONE',  ( -0.000000000000000000, 1.000000000000000000, -0.000000000000000000 ) ) ;
#119 = CARTESIAN_POINT ( 'NONE',  ( -6.249999999999998224, 31.99999999999998579, 2.000000000000000000 ) ) ;
#120 = CARTESIAN_POINT ( 'NONE',  ( 7.250000000000391687, 5.999999999999984901, 2.000000000000000000 ) ) ;
#121 = FACE_BOUND ( 'NONE', #2189, .T. ) ;
#122 = CARTESIAN_POINT ( 'NONE',  ( 44.25000000000059686, -13.00000000000001066, 2.000000000000000000 ) ) ;
#123 = ORIENTED_EDGE ( 'NONE', *, *, #2548, .F. ) ;
#124 = EDGE_CURVE ( 'NONE', #2239, #3378, #2221, .T. ) ;
#125 = ORIENTED_EDGE ( 'NONE', *, *, #1061, .T. ) ;
#126 = ADVANCED_FACE ( 'NONE', ( #3400 ), #1148, .F. ) ;
#127 = DIRECTION ( 'NONE',  ( -0.000000000000000000, -0.000000000000000000, -1.000000000000000000 ) ) ;
#128 = DIRECTION ( 'NONE',  ( -1.000000000000000000, -0.000000000000000000, -0.000000000000000000 ) ) ;
#129 = AXIS2_PLACEMENT_3D ( 'NONE', #3021, #4738, #6400 ) ;
#130 = DIRECTION ( 'NONE',  ( 0.000000000000000000, -1.000000000000000000, 0.000000000000000000 ) ) ;
#131 = VECTOR ( 'NONE', #6995, 1000.000000000000000 ) ;
#132 = EDGE_CURVE ( 'NONE', #7091, #6802, #1448, .T. ) ;
#133 = DIRECTION ( 'NONE',  ( -0.000000000000000000, 0.000000000000000000, -1.000000000000000000 ) ) ;
#134 = ORIENTED_EDGE ( 'NONE', *, *, #4509, .T. ) ;
#135 = LINE ( 'NONE', #4783, #2201 ) ;
#136 = ORIENTED_EDGE ( 'NONE', *, *, #6426, .F. ) ;
#137 = VECTOR ( 'NONE', #558, 1000.000000000000000 ) ;
#138 = EDGE_LOOP ( 'NONE', ( #6342, #559, #5324, #2102 ) ) ;
#139 = VERTEX_POINT ( 'NONE', #6254 ) ;
#140 = DIRECTION ( 'NONE',  ( 0.000000000000000000, 0.000000000000000000, 1.000000000000000000 ) ) ;
#141 = EDGE_CURVE ( 'NONE', #3556, #851, #5154, .T. ) ;
#142 = DIRECTION ( 'NONE',  ( 0.000000000000000000, 0.000000000000000000, 1.000000000000000000 ) ) ;
#143 = VECTOR ( 'NONE', #257, 1000.000000000000000 ) ;
#144 = EDGE_CURVE ( 'NONE', #3026, #842, #601, .T. ) ;
#145 = VERTEX_POINT ( 'NONE', #3331 ) ;
#146 = DIRECTION ( 'NONE',  ( 1.000000000000000000, 0.000000000000000000, 0.000000000000000000 ) ) ;
#147 = EDGE_CURVE ( 'NONE', #1916, #636, #1037, .T. ) ;
#148 = ORIENTED_EDGE ( 'NONE', *, *, #6517, .T. ) ;
#149 = EDGE_CURVE ( 'NONE', #1675, #4027, #2760, .T. ) ;
#150 = CARTESIAN_POINT ( 'NONE',  ( 31.75000000000000000, 43.99999999999998579, 0.000000000000000000 ) ) ;
#151 = DIRECTION ( 'NONE',  ( 1.000000000000000000, 0.000000000000000000, 0.000000000000000000 ) ) ;
#152 = LINE ( 'NONE', #6502, #3615 ) ;
#153 = ADVANCED_FACE ( 'NONE', ( #2255 ), #7502, .F. ) ;
#154 = DIRECTION ( 'NONE',  ( 1.000000000000000000, 0.000000000000000000, 0.000000000000000000 ) ) ;
#155 = VECTOR ( 'NONE', #5220, 1000.000000000000000 ) ;
#156 = AXIS2_PLACEMENT_3D ( 'NONE', #308, #6735, #2705 ) ;
#157 = DIRECTION ( 'NONE',  ( 1.000000000000000000, 0.000000000000000000, 0.000000000000000000 ) ) ;
#158 = VECTOR ( 'NONE', #3649, 1000.000000000000000 ) ;
#159 = VECTOR ( 'NONE', #2267, 1000.000000000000000 ) ;
#160 = DIRECTION ( 'NONE',  ( -1.000000000000000000, 0.000000000000000000, 0.000000000000000000 ) ) ;
#161 = CARTESIAN_POINT ( 'NONE',  ( 6.250000000000796696, -45.00000000000001421, 0.000000000000000000 ) ) ;
#162 = DIRECTION ( 'NONE',  ( 0.000000000000000000, 0.000000000000000000, 1.000000000000000000 ) ) ;
#163 = VECTOR ( 'NONE', #6801, 1000.000000000000000 ) ;
#164 = CARTESIAN_POINT ( 'NONE',  ( -6.249999999999200639, -32.00000000000001421, 2.000000000000000000 ) ) ;
#165 = VERTEX_POINT ( 'NONE', #435 ) ;
#166 = ORIENTED_EDGE ( 'NONE', *, *, #5903, .T. ) ;
#167 = ORIENTED_EDGE ( 'NONE', *, *, #329, .F. ) ;
#168 = CARTESIAN_POINT ( 'NONE',  ( -25.24999999999959854, 6.999999999999978684, 0.000000000000000000 ) ) ;
#169 = DIRECTION ( 'NONE',  ( 0.000000000000000000, 0.000000000000000000, 1.000000000000000000 ) ) ;
#170 = LINE ( 'NONE', #4814, #7041 ) ;
#171 = ADVANCED_FACE ( 'NONE', ( #2796 ), #4619, .T. ) ;
#172 = DIRECTION ( 'NONE',  ( -0.000000000000000000, -0.000000000000000000, -1.000000000000000000 ) ) ;
#173 = VECTOR ( 'NONE', #6467, 1000.000000000000000 ) ;
#174 = ORIENTED_EDGE ( 'NONE', *, *, #6385, .T. ) ;
#175 = FACE_OUTER_BOUND ( 'NONE', #6227, .T. ) ;
#176 = ORIENTED_EDGE ( 'NONE', *, *, #1814, .T. ) ;
#177 = AXIS2_PLACEMENT_3D ( 'NONE', #6853, #5686, #476 ) ;
#178 = VERTEX_POINT ( 'NONE', #5232 ) ;
#179 = ORIENTED_EDGE ( 'NONE', *, *, #2706, .T. ) ;
#180 = CIRCLE ( 'NONE', #1273, 0.9999999999999974465 ) ;
#181 = CYLINDRICAL_SURFACE ( 'NONE', #2170, 1.000000000000000888 ) ;
#182 = DIRECTION ( 'NONE',  ( 0.000000000000000000, -0.000000000000000000, 1.000000000000000000 ) ) ;
#183 = EDGE_LOOP ( 'NONE', ( #2960, #6825, #3593, #7481 ) ) ;
#184 = CARTESIAN_POINT ( 'NONE',  ( -31.74999999999940314, -25.00000000000000711, 0.000000000000000000 ) ) ;
#185 = ORIENTED_EDGE ( 'NONE', *, *, #5442, .T. ) ;
#186 = EDGE_LOOP ( 'NONE', ( #6646, #6072, #932, #1682 ) ) ;
#187 = CARTESIAN_POINT ( 'NONE',  ( 12.75000000000059330, -26.00000000000001066, 0.000000000000000000 ) ) ;
#188 = CARTESIAN_POINT ( 'NONE',  ( -25.24999999999920064, -45.00000000000001421, 2.000000000000000000 ) ) ;
#189 = EDGE_CURVE ( 'NONE', #4464, #3270, #6679, .T. ) ;
#190 = DIRECTION ( 'NONE',  ( -0.000000000000000000, -0.000000000000000000, -1.000000000000000000 ) ) ;
#191 = CARTESIAN_POINT ( 'NONE',  ( -31.74999999999960565, 6.999999999999978684, 2.000000000000000000 ) ) ;
#192 = CARTESIAN_POINT ( 'NONE',  ( 12.75000000000039257, 6.999999999999978684, 2.000000000000000000 ) ) ;
#193 = EDGE_CURVE ( 'NONE', #1735, #3902, #240, .T. ) ;
#194 = CARTESIAN_POINT ( 'NONE',  ( 12.74999999999999822, 30.99999999999998579, 0.000000000000000000 ) ) ;
#195 = CYLINDRICAL_SURFACE ( 'NONE', #3684, 0.9999999999999974465 ) ;
#196 = CARTESIAN_POINT ( 'NONE',  ( 46.50000000000000000, -43.50000000000001421, 2.000000000000000000 ) ) ;
#197 = CARTESIAN_POINT ( 'NONE',  ( -25.24999999999999645, 43.99999999999998579, 0.000000000000000000 ) ) ;
#198 = EDGE_LOOP ( 'NONE', ( #3796, #4858, #4624, #1742, #7096, #2182, #2429, #1683 ) ) ;
#199 = VERTEX_POINT ( 'NONE', #4470 ) ;
#200 = VERTEX_POINT ( 'NONE', #6790 ) ;
#201 = CARTESIAN_POINT ( 'NONE',  ( -6.249999999999402256, -25.00000000000000711, 2.000000000000000000 ) ) ;
#202 = VECTOR ( 'NONE', #2177, 1000.000000000000000 ) ;
#203 = LINE ( 'NONE', #2531, #905 ) ;
#204 = DIRECTION ( 'NONE',  ( 0.000000000000000000, 0.000000000000000000, 1.000000000000000000 ) ) ;
#205 = EDGE_CURVE ( 'NONE', #6257, #1153, #4548, .T. ) ;
#206 = CARTESIAN_POINT ( 'NONE',  ( 6.250000000000796696, -45.00000000000001421, 2.000000000000000000 ) ) ;
#207 = ORIENTED_EDGE ( 'NONE', *, *, #5524, .F. ) ;
#208 = DIRECTION ( 'NONE',  ( -1.000000000000000000, 0.000000000000000000, 0.000000000000000000 ) ) ;
#209 = VECTOR ( 'NONE', #2069, 1000.000000000000000 ) ;
#210 = CIRCLE ( 'NONE', #2037, 0.9999999999999974465 ) ;
#211 = VERTEX_POINT ( 'NONE', #3547 ) ;
#212 = ORIENTED_EDGE ( 'NONE', *, *, #6056, .F. ) ;
#213 = ORIENTED_EDGE ( 'NONE', *, *, #2736, .T. ) ;
#214 = FACE_OUTER_BOUND ( 'NONE', #3146, .T. ) ;
#215 = VECTOR ( 'NONE', #4925, 1000.000000000000000 ) ;
#216 = CIRCLE ( 'NONE', #7015, 1.199999999999999734 ) ;
#217 = CARTESIAN_POINT ( 'NONE',  ( 29.69999999999998508, 28.49999999999999645, 2.000000000000000000 ) ) ;
#218 = ORIENTED_EDGE ( 'NONE', *, *, #3952, .F. ) ;
#219 = LINE ( 'NONE', #5431, #2686 ) ;
#220 = ORIENTED_EDGE ( 'NONE', *, *, #5964, .T. ) ;
#221 = AXIS2_PLACEMENT_3D ( 'NONE', #5860, #7412, #2202 ) ;
#222 = ORIENTED_EDGE ( 'NONE', *, *, #2699, .F. ) ;
#223 = EDGE_CURVE ( 'NONE', #22, #4681, #170, .T. ) ;
#224 = DIRECTION ( 'NONE',  ( 0.000000000000000000, 0.000000000000000000, 1.000000000000000000 ) ) ;
#225 = AXIS2_PLACEMENT_3D ( 'NONE', #5829, #2896, #7000 ) ;
#226 = CARTESIAN_POINT ( 'NONE',  ( -30.74999999999960565, 5.999999999999984901, 0.000000000000000000 ) ) ;
#227 = ADVANCED_FACE ( 'NONE', ( #1272 ), #3627, .F. ) ;
#228 = CARTESIAN_POINT ( 'NONE',  ( 12.74999999999999822, 31.99999999999998579, 2.000000000000000000 ) ) ;
#229 = DIRECTION ( 'NONE',  ( -0.000000000000000000, 1.000000000000000000, -0.000000000000000000 ) ) ;
#230 = EDGE_CURVE ( 'NONE', #5940, #4993, #2376, .T. ) ;
#231 = AXIS2_PLACEMENT_3D ( 'NONE', #776, #4860, #7173 ) ;
#232 = DIRECTION ( 'NONE',  ( 0.000000000000000000, -0.000000000000000000, -1.000000000000000000 ) ) ;
#233 = EDGE_CURVE ( 'NONE', #1320, #6675, #4010, .T. ) ;
#234 = CARTESIAN_POINT ( 'NONE',  ( 12.75000000000079581, -45.00000000000001421, 2.000000000000000000 ) ) ;
#235 = DIRECTION ( 'NONE',  ( -1.000000000000000000, 0.000000000000000000, 0.000000000000000000 ) ) ;
#236 = CIRCLE ( 'NONE', #4114, 0.9999999999999940048 ) ;
#237 = CARTESIAN_POINT ( 'NONE',  ( 7.250000000000391687, 5.999999999999984901, 2.000000000000000000 ) ) ;
#238 = ORIENTED_EDGE ( 'NONE', *, *, #3613, .F. ) ;
#239 = EDGE_CURVE ( 'NONE', #4306, #2352, #1308, .T. ) ;
#240 = CIRCLE ( 'NONE', #6078, 1.199999999999999734 ) ;
#241 = VERTEX_POINT ( 'NONE', #2337 ) ;
#242 = LINE ( 'NONE', #1338, #3449 ) ;
#243 = DIRECTION ( 'NONE',  ( -1.000000000000000000, 0.000000000000000000, 0.000000000000000000 ) ) ;
#244 = CARTESIAN_POINT ( 'NONE',  ( -30.74999999999940314, -25.00000000000000711, 2.000000000000000000 ) ) ;
#245 = LINE ( 'NONE', #2571, #3252 ) ;
#246 = DIRECTION ( 'NONE',  ( -0.000000000000000000, -0.000000000000000000, -1.000000000000000000 ) ) ;
#247 = ORIENTED_EDGE ( 'NONE', *, *, #4839, .F. ) ;
#248 = CARTESIAN_POINT ( 'NONE',  ( -7.249999999999396039, -25.00000000000000711, 2.000000000000000000 ) ) ;
#249 = EDGE_CURVE ( 'NONE', #290, #5821, #730, .T. ) ;
#250 = ORIENTED_EDGE ( 'NONE', *, *, #1485, .T. ) ;
#251 = AXIS2_PLACEMENT_3D ( 'NONE', #5953, #5308, #2415 ) ;
#252 = VERTEX_POINT ( 'NONE', #19 ) ;
#253 = ORIENTED_EDGE ( 'NONE', *, *, #5487, .T. ) ;
#254 = LINE ( 'NONE', #3224, #6905 ) ;
#255 = CARTESIAN_POINT ( 'NONE',  ( -25.24999999999959854, -7.000000000000013323, 2.000000000000000000 ) ) ;
#256 = ORIENTED_EDGE ( 'NONE', *, *, #1550, .F. ) ;
#257 = DIRECTION ( 'NONE',  ( -0.000000000000000000, 1.000000000000000000, -0.000000000000000000 ) ) ;
#258 = ORIENTED_EDGE ( 'NONE', *, *, #1567, .F. ) ;
#259 = CIRCLE ( 'NONE', #5113, 1.000000000000000888 ) ;
#260 = ORIENTED_EDGE ( 'NONE', *, *, #4841, .T. ) ;
#261 = EDGE_LOOP ( 'NONE', ( #7303, #363, #3301, #1884 ) ) ;
#262 = LINE ( 'NONE', #4884, #3585 ) ;
#263 = AXIS2_PLACEMENT_3D ( 'NONE', #101, #2340, #5236 ) ;
#264 = LINE ( 'NONE', #3151, #1487 ) ;
#265 = DIRECTION ( 'NONE',  ( -0.000000000000000000, -0.000000000000000000, -1.000000000000000000 ) ) ;
#266 = EDGE_CURVE ( 'NONE', #5507, #2794, #94, .T. ) ;
#267 = DIRECTION ( 'NONE',  ( -1.000000000000000000, 0.000000000000000000, 0.000000000000000000 ) ) ;
#268 = DIRECTION ( 'NONE',  ( -0.000000000000000000, -0.000000000000000000, -1.000000000000000000 ) ) ;
#269 = CIRCLE ( 'NONE', #1231, 0.9999999999999974465 ) ;
#270 = ADVANCED_FACE ( 'NONE', ( #2983 ), #661, .F. ) ;
#271 = DIRECTION ( 'NONE',  ( 0.000000000000000000, 0.000000000000000000, 1.000000000000000000 ) ) ;
#272 = CARTESIAN_POINT ( 'NONE',  ( 46.50000000000000000, -43.50000000000001421, 2.000000000000000000 ) ) ;
#273 = DIRECTION ( 'NONE',  ( 1.000000000000000000, 0.000000000000000000, 0.000000000000000000 ) ) ;
#274 = VECTOR ( 'NONE', #6140, 1000.000000000000000 ) ;
#275 = DIRECTION ( 'NONE',  ( -0.000000000000000000, 0.000000000000000000, -1.000000000000000000 ) ) ;
#276 = ORIENTED_EDGE ( 'NONE', *, *, #592, .T. ) ;
#277 = VECTOR ( 'NONE', #4522, 1000.000000000000000 ) ;
#278 = ORIENTED_EDGE ( 'NONE', *, *, #4184, .F. ) ;
#279 = DIRECTION ( 'NONE',  ( -1.000000000000000000, 0.000000000000000000, 0.000000000000000000 ) ) ;
#280 = DIRECTION ( 'NONE',  ( 0.000000000000000000, 0.000000000000000000, 1.000000000000000000 ) ) ;
#281 = DIRECTION ( 'NONE',  ( -0.000000000000000000, -0.000000000000000000, -1.000000000000000000 ) ) ;
#282 = VECTOR ( 'NONE', #5804, 1000.000000000000000 ) ;
#283 = CARTESIAN_POINT ( 'NONE',  ( 44.25000000000000000, 30.99999999999998579, 2.000000000000000000 ) ) ;
#284 = EDGE_CURVE ( 'NONE', #7364, #6878, #3650, .T. ) ;
#285 = CYLINDRICAL_SURFACE ( 'NONE', #5070, 0.9999999999999940048 ) ;
#286 = LINE ( 'NONE', #3218, #2028 ) ;
#287 = AXIS2_PLACEMENT_3D ( 'NONE', #7042, #4805, #4650 ) ;
#288 = EDGE_LOOP ( 'NONE', ( #549, #5608, #2911, #6793 ) ) ;
#289 = DIRECTION ( 'NONE',  ( -0.000000000000000000, -0.000000000000000000, -1.000000000000000000 ) ) ;
#290 = VERTEX_POINT ( 'NONE', #1768 ) ;
#291 = EDGE_LOOP ( 'NONE', ( #5885, #7455, #6172, #7135 ) ) ;
#292 = ORIENTED_EDGE ( 'NONE', *, *, #3639, .T. ) ;
#293 = DIRECTION ( 'NONE',  ( 0.000000000000000000, 0.000000000000000000, 1.000000000000000000 ) ) ;
#294 = AXIS2_PLACEMENT_3D ( 'NONE', #2632, #416, #5557 ) ;
#295 = DIRECTION ( 'NONE',  ( 1.000000000000000000, 0.000000000000000000, 0.000000000000000000 ) ) ;
#296 = ORIENTED_EDGE ( 'NONE', *, *, #3754, .T. ) ;
#297 = DIRECTION ( 'NONE',  ( 0.000000000000000000, -1.000000000000000000, 0.000000000000000000 ) ) ;
#298 = ORIENTED_EDGE ( 'NONE', *, *, #2320, .F. ) ;
#299 = ORIENTED_EDGE ( 'NONE', *, *, #1604, .T. ) ;
#300 = DIRECTION ( 'NONE',  ( 0.000000000000000000, 0.000000000000000000, 1.000000000000000000 ) ) ;
#301 = AXIS2_PLACEMENT_3D ( 'NONE', #6134, #5668, #863 ) ;
#302 = DIRECTION ( 'NONE',  ( 0.000000000000000000, 0.000000000000000000, 1.000000000000000000 ) ) ;
#303 = LINE ( 'NONE', #2016, #4719 ) ;
#304 = ADVANCED_FACE ( 'NONE', ( #4700 ), #7012, .F. ) ;
#305 = CARTESIAN_POINT ( 'NONE',  ( 7.250000000000797584, -44.00000000000001421, 0.000000000000000000 ) ) ;
#306 = CARTESIAN_POINT ( 'NONE',  ( -25.24999999999980105, 11.99999999999998579, 2.000000000000000000 ) ) ;
#307 = EDGE_CURVE ( 'NONE', #5360, #1349, #3666, .T. ) ;
#308 = CARTESIAN_POINT ( 'NONE',  ( -25.24999999999940314, -13.00000000000001066, 2.000000000000000000 ) ) ;
#309 = DIRECTION ( 'NONE',  ( 0.000000000000000000, -1.000000000000000000, 0.000000000000000000 ) ) ;
#310 = AXIS2_PLACEMENT_3D ( 'NONE', #4777, #7092, #765 ) ;
#311 = CARTESIAN_POINT ( 'NONE',  ( 25.24999999999999289, 31.99999999999998579, 2.000000000000000000 ) ) ;
#312 = FACE_OUTER_BOUND ( 'NONE', #4379, .T. ) ;
#313 = ORIENTED_EDGE ( 'NONE', *, *, #2206, .F. ) ;
#314 = VERTEX_POINT ( 'NONE', #1846 ) ;
#315 = DIRECTION ( 'NONE',  ( -1.000000000000000000, 0.000000000000000000, 0.000000000000000000 ) ) ;
#316 = CARTESIAN_POINT ( 'NONE',  ( -30.74999999999920064, -44.00000000000001421, 0.000000000000000000 ) ) ;
#317 = CARTESIAN_POINT ( 'NONE',  ( -28.50000000000000000, 28.49999999999998934, 0.000000000000000000 ) ) ;
#318 = ADVANCED_FACE ( 'NONE', ( #1227 ), #1186, .T. ) ;
#319 = FACE_OUTER_BOUND ( 'NONE', #2245, .T. ) ;
#320 = CARTESIAN_POINT ( 'NONE',  ( 31.75000000000059686, -12.00000000000001776, 2.000000000000000000 ) ) ;
#321 = LINE ( 'NONE', #7245, #1045 ) ;
#322 = ORIENTED_EDGE ( 'NONE', *, *, #1712, .F. ) ;
#323 = CARTESIAN_POINT ( 'NONE',  ( -31.74999999999979750, 24.99999999999998579, 2.000000000000000000 ) ) ;
#324 = VERTEX_POINT ( 'NONE', #7093 ) ;
#325 = ADVANCED_FACE ( 'NONE', ( #5995 ), #6481, .F. ) ;
#326 = ORIENTED_EDGE ( 'NONE', *, *, #6482, .T. ) ;
#327 = ORIENTED_EDGE ( 'NONE', *, *, #7167, .T. ) ;
#328 = DIRECTION ( 'NONE',  ( 1.000000000000000000, 0.000000000000000000, 0.000000000000000000 ) ) ;
#329 = EDGE_CURVE ( 'NONE', #6802, #3908, #6974, .T. ) ;
#330 = ADVANCED_FACE ( 'NONE', ( #5838 ), #1802, .T. ) ;
#331 = EDGE_CURVE ( 'NONE', #7069, #4236, #4346, .T. ) ;
#332 = DIRECTION ( 'NONE',  ( 0.000000000000000000, -0.000000000000000000, -1.000000000000000000 ) ) ;
#333 = CIRCLE ( 'NONE', #1906, 1.000000000000000888 ) ;
#334 = ORIENTED_EDGE ( 'NONE', *, *, #7432, .T. ) ;
#335 = DIRECTION ( 'NONE',  ( -1.000000000000000000, 0.000000000000000000, 0.000000000000000000 ) ) ;
#336 = ORIENTED_EDGE ( 'NONE', *, *, #1093, .F. ) ;
#337 = EDGE_CURVE ( 'NONE', #314, #5786, #7293, .T. ) ;
#338 = ORIENTED_EDGE ( 'NONE', *, *, #5343, .T. ) ;
#339 = AXIS2_PLACEMENT_3D ( 'NONE', #1345, #5918, #2907 ) ;
#340 = ORIENTED_EDGE ( 'NONE', *, *, #4658, .T. ) ;
#341 = AXIS2_PLACEMENT_3D ( 'NONE', #1266, #3582, #5910 ) ;
#342 = DIRECTION ( 'NONE',  ( 1.000000000000000000, 0.000000000000000000, 0.000000000000000000 ) ) ;
#343 = CARTESIAN_POINT ( 'NONE',  ( -27.30000000000000071, 28.49999999999998934, 8.572527594031469492E-17 ) ) ;
#344 = AXIS2_PLACEMENT_3D ( 'NONE', #6434, #3090, #5411 ) ;
#345 = CYLINDRICAL_SURFACE ( 'NONE', #6567, 1.199999999999999734 ) ;
#346 = CIRCLE ( 'NONE', #2045, 0.9999999999999940048 ) ;
#347 = FACE_OUTER_BOUND ( 'NONE', #5961, .T. ) ;
#348 = ORIENTED_EDGE ( 'NONE', *, *, #5343, .F. ) ;
#349 = DIRECTION ( 'NONE',  ( 0.000000000000000000, 0.000000000000000000, 1.000000000000000000 ) ) ;
#350 = AXIS2_PLACEMENT_3D ( 'NONE', #3363, #7429, #2183 ) ;
#351 = CYLINDRICAL_SURFACE ( 'NONE', #7263, 0.9999999999999940048 ) ;
#352 = CARTESIAN_POINT ( 'NONE',  ( 6.250000000000394351, -6.000000000000012434, 2.000000000000000000 ) ) ;
#353 = ORIENTED_EDGE ( 'NONE', *, *, #3069, .F. ) ;
#354 = CARTESIAN_POINT ( 'NONE',  ( 12.74999999999999822, 30.99999999999998579, 2.000000000000000000 ) ) ;
#355 = DIRECTION ( 'NONE',  ( -1.000000000000000000, 0.000000000000000000, 0.000000000000000000 ) ) ;
#356 = FACE_OUTER_BOUND ( 'NONE', #6024, .T. ) ;
#357 = CARTESIAN_POINT ( 'NONE',  ( -44.24999999999940314, -13.00000000000001066, 2.000000000000000000 ) ) ;
#358 = CARTESIAN_POINT ( 'NONE',  ( 6.249999999999998224, 43.99999999999998579, 2.000000000000000000 ) ) ;
#359 = FACE_OUTER_BOUND ( 'NONE', #6819, .T. ) ;
#360 = ORIENTED_EDGE ( 'NONE', *, *, #3954, .T. ) ;
#361 = ADVANCED_FACE ( 'NONE', ( #2642 ), #3214, .F. ) ;
#362 = DIRECTION ( 'NONE',  ( 1.000000000000000000, 0.000000000000000000, -0.000000000000000000 ) ) ;
#363 = ORIENTED_EDGE ( 'NONE', *, *, #7211, .F. ) ;
#364 = ORIENTED_EDGE ( 'NONE', *, *, #3015, .T. ) ;
#365 = CARTESIAN_POINT ( 'NONE',  ( -28.50000000000000000, 28.49999999999998934, 8.572527594031469492E-17 ) ) ;
#366 = EDGE_CURVE ( 'NONE', #3035, #3268, #4885, .T. ) ;
#367 = FACE_OUTER_BOUND ( 'NONE', #995, .T. ) ;
#368 = VERTEX_POINT ( 'NONE', #4959 ) ;
#369 = CARTESIAN_POINT ( 'NONE',  ( 31.75000000000040146, -7.000000000000013323, 2.000000000000000000 ) ) ;
#370 = ORIENTED_EDGE ( 'NONE', *, *, #7117, .T. ) ;
#371 = AXIS2_PLACEMENT_3D ( 'NONE', #7185, #6162, #1477 ) ;
#372 = ORIENTED_EDGE ( 'NONE', *, *, #5165, .F. ) ;
#373 = EDGE_LOOP ( 'NONE', ( #4477, #4849, #148, #5386 ) ) ;
#374 = EDGE_CURVE ( 'NONE', #1542, #725, #1213, .T. ) ;
#375 = ADVANCED_FACE ( 'NONE', ( #1382 ), #2677, .T. ) ;
#376 = CARTESIAN_POINT ( 'NONE',  ( -12.74999999999960210, -6.000000000000012434, 0.000000000000000000 ) ) ;
#377 = CARTESIAN_POINT ( 'NONE',  ( -31.75000000000000000, 43.99999999999998579, 2.000000000000000000 ) ) ;
#378 = CIRCLE ( 'NONE', #7058, 3.000000000000016431 ) ;
#379 = EDGE_CURVE ( 'NONE', #2578, #3026, #3820, .T. ) ;
#380 = CARTESIAN_POINT ( 'NONE',  ( 7.250000000000200728, 12.99999999999998757, 0.000000000000000000 ) ) ;
#381 = CARTESIAN_POINT ( 'NONE',  ( 30.75000000000079581, -32.00000000000001421, 2.000000000000000000 ) ) ;
#382 = VERTEX_POINT ( 'NONE', #7202 ) ;
#383 = CARTESIAN_POINT ( 'NONE',  ( 31.75000000000019540, 11.99999999999998579, 2.000000000000000000 ) ) ;
#384 = EDGE_CURVE ( 'NONE', #5450, #4697, #1991, .T. ) ;
#385 = FACE_OUTER_BOUND ( 'NONE', #2995, .T. ) ;
#386 = DIRECTION ( 'NONE',  ( -0.000000000000000000, -0.000000000000000000, -1.000000000000000000 ) ) ;
#387 = AXIS2_PLACEMENT_3D ( 'NONE', #1928, #7210, #2614 ) ;
#388 = ORIENTED_EDGE ( 'NONE', *, *, #7497, .T. ) ;
#389 = DIRECTION ( 'NONE',  ( -0.000000000000000000, -0.000000000000000000, -1.000000000000000000 ) ) ;
#390 = CARTESIAN_POINT ( 'NONE',  ( -26.24999999999999289, 43.99999999999998579, 2.000000000000000000 ) ) ;
#391 = CARTESIAN_POINT ( 'NONE',  ( -11.74999999999940314, -25.00000000000000711, 2.000000000000000000 ) ) ;
#392 = CARTESIAN_POINT ( 'NONE',  ( 26.25000000000019540, 24.99999999999998579, 2.000000000000000000 ) ) ;
#393 = VECTOR ( 'NONE', #1238, 1000.000000000000000 ) ;
#394 = DIRECTION ( 'NONE',  ( -0.000000000000000000, -0.000000000000000000, -1.000000000000000000 ) ) ;
#395 = CARTESIAN_POINT ( 'NONE',  ( 7.250000000000395239, -6.000000000000012434, 2.000000000000000000 ) ) ;
#396 = VERTEX_POINT ( 'NONE', #6028 ) ;
#397 = DIRECTION ( 'NONE',  ( 0.000000000000000000, -1.000000000000000000, 0.000000000000000000 ) ) ;
#398 = AXIS2_PLACEMENT_3D ( 'NONE', #6057, #4804, #4226 ) ;
#399 = VECTOR ( 'NONE', #2667, 1000.000000000000000 ) ;
#400 = EDGE_LOOP ( 'NONE', ( #2121, #372, #2493, #7450 ) ) ;
#401 = VERTEX_POINT ( 'NONE', #914 ) ;
#402 = AXIS2_PLACEMENT_3D ( 'NONE', #2657, #2081, #4861 ) ;
#403 = DIRECTION ( 'NONE',  ( -0.000000000000000000, -0.000000000000000000, -1.000000000000000000 ) ) ;
#404 = EDGE_CURVE ( 'NONE', #2427, #5187, #5967, .T. ) ;
#405 = CIRCLE ( 'NONE', #5878, 0.9999999999999974465 ) ;
#406 = DIRECTION ( 'NONE',  ( 0.000000000000000000, -1.000000000000000000, 0.000000000000000000 ) ) ;
#407 = EDGE_CURVE ( 'NONE', #3479, #5081, #3247, .T. ) ;
#408 = EDGE_LOOP ( 'NONE', ( #3210, #2886, #1277, #5213 ) ) ;
#409 = CARTESIAN_POINT ( 'NONE',  ( 44.25000000000078870, -44.00000000000001421, 2.000000000000000000 ) ) ;
#410 = ORIENTED_EDGE ( 'NONE', *, *, #1378, .F. ) ;
#411 = ORIENTED_EDGE ( 'NONE', *, *, #2039, .F. ) ;
#412 = CYLINDRICAL_SURFACE ( 'NONE', #3799, 0.9999999999999974465 ) ;
#413 = ADVANCED_FACE ( 'NONE', ( #356 ), #3174, .F. ) ;
#414 = DIRECTION ( 'NONE',  ( -0.000000000000000000, -0.000000000000000000, -1.000000000000000000 ) ) ;
#415 = DIRECTION ( 'NONE',  ( -0.000000000000000000, -0.000000000000000000, -1.000000000000000000 ) ) ;
#416 = DIRECTION ( 'NONE',  ( -1.000000000000000000, 0.000000000000000000, 0.000000000000000000 ) ) ;
#417 = ORIENTED_EDGE ( 'NONE', *, *, #2695, .T. ) ;
#418 = EDGE_CURVE ( 'NONE', #5703, #3479, #2532, .T. ) ;
#419 = VECTOR ( 'NONE', #2020, 1000.000000000000000 ) ;
#420 = PLANE ( 'NONE',  #5990 ) ;
#421 = CARTESIAN_POINT ( 'NONE',  ( 7.250000000000395239, -6.000000000000012434, 0.000000000000000000 ) ) ;
#422 = DIRECTION ( 'NONE',  ( 0.000000000000000000, 0.000000000000000000, 1.000000000000000000 ) ) ;
#423 = VERTEX_POINT ( 'NONE', #3743 ) ;
#424 = CARTESIAN_POINT ( 'NONE',  ( -45.24999999999919709, -32.00000000000001421, 0.000000000000000000 ) ) ;
#425 = AXIS2_PLACEMENT_3D ( 'NONE', #2029, #837, #6027 ) ;
#426 = CARTESIAN_POINT ( 'NONE',  ( -6.249999999999200639, -32.00000000000001421, 2.000000000000000000 ) ) ;
#427 = CYLINDRICAL_SURFACE ( 'NONE', #7088, 0.9999999999999974465 ) ;
#428 = FACE_BOUND ( 'NONE', #3361, .T. ) ;
#429 = CARTESIAN_POINT ( 'NONE',  ( 25.25000000000019540, 12.99999999999998757, 0.000000000000000000 ) ) ;
#430 = ORIENTED_EDGE ( 'NONE', *, *, #97, .F. ) ;
#431 = FACE_OUTER_BOUND ( 'NONE', #6677, .T. ) ;
#432 = VERTEX_POINT ( 'NONE', #244 ) ;
#433 = ORIENTED_EDGE ( 'NONE', *, *, #3476, .F. ) ;
#434 = DIRECTION ( 'NONE',  ( -0.000000000000000000, -0.000000000000000000, -1.000000000000000000 ) ) ;
#435 = CARTESIAN_POINT ( 'NONE',  ( 25.24999999999999289, 44.99999999999997868, 2.000000000000000000 ) ) ;
#436 = EDGE_CURVE ( 'NONE', #423, #5800, #1453, .T. ) ;
#437 = CARTESIAN_POINT ( 'NONE',  ( 45.25000000000059686, -13.00000000000001066, 0.000000000000000000 ) ) ;
#438 = ORIENTED_EDGE ( 'NONE', *, *, #1156, .F. ) ;
#439 = CARTESIAN_POINT ( 'NONE',  ( 31.75000000000040146, -7.000000000000013323, 2.000000000000000000 ) ) ;
#440 = EDGE_LOOP ( 'NONE', ( #103, #885, #5685, #4422 ) ) ;
#441 = ORIENTED_EDGE ( 'NONE', *, *, #2564, .F. ) ;
#442 = ORIENTED_EDGE ( 'NONE', *, *, #4453, .F. ) ;
#443 = AXIS2_PLACEMENT_3D ( 'NONE', #5662, #1623, #523 ) ;
#444 = DIRECTION ( 'NONE',  ( -0.000000000000000000, -0.000000000000000000, -1.000000000000000000 ) ) ;
#445 = CARTESIAN_POINT ( 'NONE',  ( -12.74999999999940492, -12.00000000000001776, 2.000000000000000000 ) ) ;
#446 = CARTESIAN_POINT ( 'NONE',  ( 30.75000000000079581, -44.00000000000001421, 2.000000000000000000 ) ) ;
#447 = DIRECTION ( 'NONE',  ( -1.000000000000000000, 0.000000000000000000, 0.000000000000000000 ) ) ;
#448 = ORIENTED_EDGE ( 'NONE', *, *, #2115, .F. ) ;
#449 = CARTESIAN_POINT ( 'NONE',  ( -6.249999999999602984, -7.000000000000013323, 2.000000000000000000 ) ) ;
#450 = CIRCLE ( 'NONE', #3609, 2.999999999999995559 ) ;
#451 = ORIENTED_EDGE ( 'NONE', *, *, #6661, .T. ) ;
#452 = ADVANCED_FACE ( 'NONE', ( #4922 ), #2070, .F. ) ;
#453 = DIRECTION ( 'NONE',  ( -0.000000000000000000, -0.000000000000000000, -1.000000000000000000 ) ) ;
#454 = ADVANCED_FACE ( 'NONE', ( #6704 ), #4425, .F. ) ;
#455 = AXIS2_PLACEMENT_3D ( 'NONE', #7278, #2072, #4387 ) ;
#456 = AXIS2_PLACEMENT_3D ( 'NONE', #4294, #3233, #6127 ) ;
#457 = FACE_OUTER_BOUND ( 'NONE', #1634, .T. ) ;
#458 = DIRECTION ( 'NONE',  ( 0.000000000000000000, 0.000000000000000000, 1.000000000000000000 ) ) ;
#459 = EDGE_CURVE ( 'NONE', #290, #7249, #7165, .T. ) ;
#460 = ADVANCED_FACE ( 'NONE', ( #1563 ), #989, .F. ) ;
#462 = EDGE_LOOP ( 'NONE', ( #1892, #3403, #6218, #3037 ) ) ;
#461 = ADVANCED_FACE ( 'NONE', ( #5642 ), #2288, .T. ) ;
#463 = CARTESIAN_POINT ( 'NONE',  ( 31.75000000000059686, -12.00000000000001776, 0.000000000000000000 ) ) ;
#464 = EDGE_CURVE ( 'NONE', #104, #3896, #6280, .T. ) ;
#465 = DIRECTION ( 'NONE',  ( -0.000000000000000000, -0.000000000000000000, -1.000000000000000000 ) ) ;
#466 = CARTESIAN_POINT ( 'NONE',  ( -11.74999999999920242, -44.00000000000001421, 2.000000000000000000 ) ) ;
#467 = FACE_BOUND ( 'NONE', #540, .T. ) ;
#468 = EDGE_CURVE ( 'NONE', #3066, #4927, #4290, .T. ) ;
#469 = DIRECTION ( 'NONE',  ( -1.000000000000000000, 0.000000000000000000, 0.000000000000000000 ) ) ;
#470 = CIRCLE ( 'NONE', #5797, 0.9999999999999940048 ) ;
#471 = EDGE_CURVE ( 'NONE', #2690, #2082, #5141, .T. ) ;
#472 = ORIENTED_EDGE ( 'NONE', *, *, #3947, .T. ) ;
#473 = DIRECTION ( 'NONE',  ( -1.000000000000000000, -0.000000000000000000, -0.000000000000000000 ) ) ;
#474 = ORIENTED_EDGE ( 'NONE', *, *, #7070, .F. ) ;
#475 = ORIENTED_EDGE ( 'NONE', *, *, #3517, .F. ) ;
#476 = DIRECTION ( 'NONE',  ( 1.000000000000000000, 0.000000000000000000, 0.000000000000000000 ) ) ;
#477 = DIRECTION ( 'NONE',  ( 0.000000000000000000, -1.000000000000000000, 0.000000000000000000 ) ) ;
#478 = CIRCLE ( 'NONE', #1111, 1.000000000000000888 ) ;
#479 = LINE ( 'NONE', #1727, #1609 ) ;
#480 = ADVANCED_FACE ( 'NONE', ( #5753 ), #427, .F. ) ;
#481 = ORIENTED_EDGE ( 'NONE', *, *, #4275, .T. ) ;
#482 = CARTESIAN_POINT ( 'NONE',  ( -6.249999999999797495, 11.99999999999998579, 2.000000000000000000 ) ) ;
#483 = ORIENTED_EDGE ( 'NONE', *, *, #5528, .F. ) ;
#484 = ORIENTED_EDGE ( 'NONE', *, *, #3942, .F. ) ;
#485 = AXIS2_PLACEMENT_3D ( 'NONE', #3900, #2870, #5802 ) ;
#486 = DIRECTION ( 'NONE',  ( -1.000000000000000000, -0.000000000000000000, -0.000000000000000000 ) ) ;
#487 = LINE ( 'NONE', #6334, #6468 ) ;
#488 = DIRECTION ( 'NONE',  ( -0.000000000000000000, -0.000000000000000000, -1.000000000000000000 ) ) ;
#489 = DIRECTION ( 'NONE',  ( -1.000000000000000000, -0.000000000000000000, -0.000000000000000000 ) ) ;
#490 = ORIENTED_EDGE ( 'NONE', *, *, #4559, .T. ) ;
#491 = CARTESIAN_POINT ( 'NONE',  ( 44.25000000000019185, 24.99999999999998579, 2.000000000000000000 ) ) ;
#492 = ORIENTED_EDGE ( 'NONE', *, *, #3386, .F. ) ;
#493 = ORIENTED_EDGE ( 'NONE', *, *, #904, .T. ) ;
#494 = VECTOR ( 'NONE', #3133, 1000.000000000000000 ) ;
#495 = LINE ( 'NONE', #3382, #6217 ) ;
#496 = VECTOR ( 'NONE', #7485, 1000.000000000000000 ) ;
#497 = DIRECTION ( 'NONE',  ( -0.000000000000000000, -1.000000000000000000, -0.000000000000000000 ) ) ;
#498 = SURFACE_STYLE_FILL_AREA ( #2893 ) ;
#499 = EDGE_CURVE ( 'NONE', #324, #6436, #5105, .T. ) ;
#500 = ORIENTED_EDGE ( 'NONE', *, *, #6512, .F. ) ;
#501 = DIRECTION ( 'NONE',  ( 0.000000000000000000, 0.000000000000000000, 1.000000000000000000 ) ) ;
#502 = LINE ( 'NONE', #3425, #4725 ) ;
#503 = CARTESIAN_POINT ( 'NONE',  ( -30.74999999999940314, -13.00000000000001066, 2.000000000000000000 ) ) ;
#504 = VECTOR ( 'NONE', #297, 1000.000000000000000 ) ;
#505 = FACE_BOUND ( 'NONE', #6372, .T. ) ;
#506 = CARTESIAN_POINT ( 'NONE',  ( -12.74999999999940492, -13.00000000000001066, 0.000000000000000000 ) ) ;
#507 = VERTEX_POINT ( 'NONE', #3321 ) ;
#508 = VERTEX_POINT ( 'NONE', #1029 ) ;
#509 = CARTESIAN_POINT ( 'NONE',  ( 26.24999999999999645, 43.99999999999998579, 2.000000000000000000 ) ) ;
#510 = EDGE_CURVE ( 'NONE', #2297, #4278, #7208, .T. ) ;
#511 = LINE ( 'NONE', #7430, #5099 ) ;
#512 = CARTESIAN_POINT ( 'NONE',  ( -30.74999999999960210, -6.000000000000012434, 0.000000000000000000 ) ) ;
#513 = AXIS2_PLACEMENT_3D ( 'NONE', #4028, #2285, #1790 ) ;
#514 = EDGE_LOOP ( 'NONE', ( #7319, #7383, #6341, #1729 ) ) ;
#515 = CARTESIAN_POINT ( 'NONE',  ( -6.249999999999797495, 11.99999999999998579, 2.000000000000000000 ) ) ;
#516 = VECTOR ( 'NONE', #473, 1000.000000000000000 ) ;
#517 = ORIENTED_EDGE ( 'NONE', *, *, #2997, .F. ) ;
#518 = CIRCLE ( 'NONE', #5261, 0.9999999999999940048 ) ;
#519 = ORIENTED_EDGE ( 'NONE', *, *, #1567, .T. ) ;
#520 = ORIENTED_EDGE ( 'NONE', *, *, #4471, .F. ) ;
#521 = DIRECTION ( 'NONE',  ( 1.000000000000000000, 0.000000000000000000, 0.000000000000000000 ) ) ;
#522 = CARTESIAN_POINT ( 'NONE',  ( -43.50000000000002132, 43.50000000000000000, 2.000000000000000000 ) ) ;
#523 = DIRECTION ( 'NONE',  ( -0.000000000000000000, 0.000000000000000000, -1.000000000000000000 ) ) ;
#524 = DIRECTION ( 'NONE',  ( -0.000000000000000000, -0.000000000000000000, -1.000000000000000000 ) ) ;
#525 = ORIENTED_EDGE ( 'NONE', *, *, #5425, .F. ) ;
#526 = CARTESIAN_POINT ( 'NONE',  ( -25.24999999999980105, 25.99999999999997868, 2.000000000000000000 ) ) ;
#527 = ORIENTED_EDGE ( 'NONE', *, *, #2052, .F. ) ;
#528 = DIRECTION ( 'NONE',  ( 1.000000000000000000, 0.000000000000000000, 0.000000000000000000 ) ) ;
#529 = ADVANCED_FACE ( 'NONE', ( #7355 ), #5065, .F. ) ;
#530 = DIRECTION ( 'NONE',  ( -0.000000000000000000, -0.000000000000000000, -1.000000000000000000 ) ) ;
#531 = CIRCLE ( 'NONE', #4909, 1.199999999999999734 ) ;
#532 =( NAMED_UNIT ( * ) PLANE_ANGLE_UNIT ( ) SI_UNIT ( $, .RADIAN. ) );
#533 = ORIENTED_EDGE ( 'NONE', *, *, #926, .F. ) ;
#534 = CARTESIAN_POINT ( 'NONE',  ( -31.74999999999940314, -25.00000000000000711, 2.000000000000000000 ) ) ;
#535 = FACE_OUTER_BOUND ( 'NONE', #1207, .T. ) ;
#536 = DIRECTION ( 'NONE',  ( 1.000000000000000000, 0.000000000000000000, 0.000000000000000000 ) ) ;
#537 = FACE_BOUND ( 'NONE', #5379, .T. ) ;
#538 = DIRECTION ( 'NONE',  ( 0.000000000000000000, -1.000000000000000000, 0.000000000000000000 ) ) ;
#539 = ORIENTED_EDGE ( 'NONE', *, *, #755, .T. ) ;
#540 = EDGE_LOOP ( 'NONE', ( #6115, #2713, #4720, #1502, #6970, #6355, #2227, #4286 ) ) ;
#541 = CARTESIAN_POINT ( 'NONE',  ( -30.74999999999960565, 5.999999999999984901, 2.000000000000000000 ) ) ;
#542 = EDGE_CURVE ( 'NONE', #4278, #4561, #4458, .T. ) ;
#543 = CARTESIAN_POINT ( 'NONE',  ( -31.74999999999920419, -45.00000000000001421, 2.000000000000000000 ) ) ;
#544 = CARTESIAN_POINT ( 'NONE',  ( -6.249999999999602984, -6.000000000000012434, 2.000000000000000000 ) ) ;
#545 = ORIENTED_EDGE ( 'NONE', *, *, #3262, .F. ) ;
#546 = DIRECTION ( 'NONE',  ( 0.000000000000000000, 0.000000000000000000, 1.000000000000000000 ) ) ;
#547 = ORIENTED_EDGE ( 'NONE', *, *, #6517, .F. ) ;
#548 = EDGE_CURVE ( 'NONE', #918, #5094, #6315, .T. ) ;
#549 = ORIENTED_EDGE ( 'NONE', *, *, #4421, .F. ) ;
#550 = EDGE_CURVE ( 'NONE', #4089, #2528, #5712, .T. ) ;
#551 = ORIENTED_EDGE ( 'NONE', *, *, #7046, .T. ) ;
#552 = ADVANCED_FACE ( 'NONE', ( #2249 ), #2821, .T. ) ;
#553 = EDGE_CURVE ( 'NONE', #6490, #3228, #3392, .T. ) ;
#554 = LINE ( 'NONE', #2957, #7204 ) ;
#555 = PLANE ( 'NONE',  #5503 ) ;
#556 = CARTESIAN_POINT ( 'NONE',  ( 44.25000000000059686, -25.00000000000000711, 0.000000000000000000 ) ) ;
#557 = ORIENTED_EDGE ( 'NONE', *, *, #3078, .T. ) ;
#558 = DIRECTION ( 'NONE',  ( 0.000000000000000000, -1.000000000000000000, 0.000000000000000000 ) ) ;
#559 = ORIENTED_EDGE ( 'NONE', *, *, #3713, .F. ) ;
#560 = DIRECTION ( 'NONE',  ( 1.000000000000000000, 0.000000000000000000, 0.000000000000000000 ) ) ;
#561 = VERTEX_POINT ( 'NONE', #4572 ) ;
#562 = VERTEX_POINT ( 'NONE', #3427 ) ;
#563 = CIRCLE ( 'NONE', #2261, 1.000000000000000888 ) ;
#564 = LINE ( 'NONE', #2356, #2324 ) ;
#565 = LINE ( 'NONE', #3880, #6285 ) ;
#566 = DIRECTION ( 'NONE',  ( -0.000000000000000000, -0.000000000000000000, -1.000000000000000000 ) ) ;
#567 = VECTOR ( 'NONE', #5717, 1000.000000000000000 ) ;
#568 = VECTOR ( 'NONE', #7244, 1000.000000000000000 ) ;
#569 = DIRECTION ( 'NONE',  ( -1.000000000000000000, -0.000000000000000000, -0.000000000000000000 ) ) ;
#570 = VECTOR ( 'NONE', #3496, 1000.000000000000000 ) ;
#571 = CARTESIAN_POINT ( 'NONE',  ( -6.249999999999998224, 43.99999999999998579, 2.000000000000000000 ) ) ;
#572 = LINE ( 'NONE', #7083, #2482 ) ;
#573 = VERTEX_POINT ( 'NONE', #5181 ) ;
#574 = FACE_BOUND ( 'NONE', #1429, .T. ) ;
#575 = DIRECTION ( 'NONE',  ( 0.000000000000000000, 0.000000000000000000, 1.000000000000000000 ) ) ;
#576 = VECTOR ( 'NONE', #865, 1000.000000000000000 ) ;
#577 = ORIENTED_EDGE ( 'NONE', *, *, #5496, .T. ) ;
#578 = CIRCLE ( 'NONE', #7498, 0.9999999999999974465 ) ;
#579 = VERTEX_POINT ( 'NONE', #391 ) ;
#580 = ORIENTED_EDGE ( 'NONE', *, *, #4361, .T. ) ;
#581 = DIRECTION ( 'NONE',  ( -0.000000000000000000, 1.000000000000000000, -0.000000000000000000 ) ) ;
#582 = DIRECTION ( 'NONE',  ( 1.000000000000000000, 0.000000000000000000, 0.000000000000000000 ) ) ;
#583 = VECTOR ( 'NONE', #4649, 1000.000000000000000 ) ;
#584 = EDGE_CURVE ( 'NONE', #5621, #6664, #4493, .T. ) ;
#585 = ADVANCED_FACE ( 'NONE', ( #3927 ), #6244, .F. ) ;
#586 = FACE_OUTER_BOUND ( 'NONE', #2625, .T. ) ;
#587 = ORIENTED_EDGE ( 'NONE', *, *, #3577, .T. ) ;
#588 = CARTESIAN_POINT ( 'NONE',  ( 31.75000000000000000, 31.99999999999998579, 2.000000000000000000 ) ) ;
#589 = ORIENTED_EDGE ( 'NONE', *, *, #6374, .F. ) ;
#590 = VECTOR ( 'NONE', #811, 1000.000000000000000 ) ;
#591 = ORIENTED_EDGE ( 'NONE', *, *, #499, .T. ) ;
#592 = EDGE_CURVE ( 'NONE', #6123, #6809, #1875, .T. ) ;
#593 = CARTESIAN_POINT ( 'NONE',  ( 44.25000000000039790, 6.999999999999978684, 0.000000000000000000 ) ) ;
#594 = DIRECTION ( 'NONE',  ( 1.000000000000000000, 0.000000000000000000, 0.000000000000000000 ) ) ;
#595 = DIRECTION ( 'NONE',  ( 0.000000000000000000, 0.000000000000000000, 1.000000000000000000 ) ) ;
#596 = CARTESIAN_POINT ( 'NONE',  ( -26.24999999999919353, -44.00000000000001421, 2.000000000000000000 ) ) ;
#597 = ORIENTED_EDGE ( 'NONE', *, *, #2371, .T. ) ;
#598 = DIRECTION ( 'NONE',  ( 0.000000000000000000, 0.000000000000000000, 1.000000000000000000 ) ) ;
#599 = ORIENTED_EDGE ( 'NONE', *, *, #5957, .T. ) ;
#600 = DIRECTION ( 'NONE',  ( 1.000000000000000000, 0.000000000000000000, 0.000000000000000000 ) ) ;
#601 = CIRCLE ( 'NONE', #5706, 1.000000000000000888 ) ;
#602 = ORIENTED_EDGE ( 'NONE', *, *, #233, .F. ) ;
#603 = LINE ( 'NONE', #1089, #4185 ) ;
#604 = EDGE_CURVE ( 'NONE', #3938, #6686, #5336, .T. ) ;
#605 = LINE ( 'NONE', #1828, #2527 ) ;
#606 = CARTESIAN_POINT ( 'NONE',  ( 26.25000000000019185, 24.99999999999998579, 0.000000000000000000 ) ) ;
#607 = VECTOR ( 'NONE', #1493, 1000.000000000000000 ) ;
#608 = VECTOR ( 'NONE', #7036, 1000.000000000000000 ) ;
#609 = CARTESIAN_POINT ( 'NONE',  ( -6.249999999999998224, 43.99999999999998579, 2.000000000000000000 ) ) ;
#610 = CARTESIAN_POINT ( 'NONE',  ( 6.250000000000595080, -12.00000000000001776, 2.000000000000000000 ) ) ;
#611 = CARTESIAN_POINT ( 'NONE',  ( 6.250000000000595080, -12.00000000000001776, 0.000000000000000000 ) ) ;
#612 = PLANE ( 'NONE',  #6171 ) ;
#613 = CARTESIAN_POINT ( 'NONE',  ( 45.25000000000039790, -6.000000000000012434, 0.000000000000000000 ) ) ;
#614 = VECTOR ( 'NONE', #3154, 1000.000000000000000 ) ;
#615 = ORIENTED_EDGE ( 'NONE', *, *, #2473, .T. ) ;
#616 = ORIENTED_EDGE ( 'NONE', *, *, #5114, .F. ) ;
#617 = CARTESIAN_POINT ( 'NONE',  ( -44.24999999999960210, 6.999999999999978684, 0.000000000000000000 ) ) ;
#618 = AXIS2_PLACEMENT_3D ( 'NONE', #1689, #1113, #4008 ) ;
#619 = CARTESIAN_POINT ( 'NONE',  ( -44.24999999999919709, -45.00000000000001421, 2.000000000000000000 ) ) ;
#620 = DIRECTION ( 'NONE',  ( 0.000000000000000000, -0.000000000000000000, 1.000000000000000000 ) ) ;
#621 = VERTEX_POINT ( 'NONE', #161 ) ;
#622 = CARTESIAN_POINT ( 'NONE',  ( 31.75000000000040146, 6.999999999999978684, 2.000000000000000000 ) ) ;
#623 = ORIENTED_EDGE ( 'NONE', *, *, #5988, .F. ) ;
#624 = EDGE_CURVE ( 'NONE', #3302, #3711, #1870, .T. ) ;
#625 = VERTEX_POINT ( 'NONE', #3462 ) ;
#626 = ORIENTED_EDGE ( 'NONE', *, *, #6861, .F. ) ;
#627 = FACE_OUTER_BOUND ( 'NONE', #15, .T. ) ;
#628 = DIRECTION ( 'NONE',  ( -1.000000000000000000, -0.000000000000000000, -0.000000000000000000 ) ) ;
#629 = ADVANCED_FACE ( 'NONE', ( #2897 ), #1837, .T. ) ;
#630 = VECTOR ( 'NONE', #6918, 1000.000000000000000 ) ;
#631 = LINE ( 'NONE', #2958, #5013 ) ;
#632 = DIRECTION ( 'NONE',  ( 1.000000000000000000, 0.000000000000000000, 0.000000000000000000 ) ) ;
#633 = ORIENTED_EDGE ( 'NONE', *, *, #2421, .T. ) ;
#634 = AXIS2_PLACEMENT_3D ( 'NONE', #671, #2991, #6680 ) ;
#635 = DIRECTION ( 'NONE',  ( 0.000000000000000000, 0.000000000000000000, 1.000000000000000000 ) ) ;
#636 = VERTEX_POINT ( 'NONE', #611 ) ;
#637 = DIRECTION ( 'NONE',  ( 0.000000000000000000, -1.000000000000000000, 0.000000000000000000 ) ) ;
#638 = ORIENTED_EDGE ( 'NONE', *, *, #2477, .T. ) ;
#639 = VECTOR ( 'NONE', #2186, 1000.000000000000000 ) ;
#640 = LINE ( 'NONE', #4683, #7460 ) ;
#641 = EDGE_CURVE ( 'NONE', #6080, #4568, #4538, .T. ) ;
#642 = AXIS2_PLACEMENT_3D ( 'NONE', #2846, #5166, #2304 ) ;
#643 = DIRECTION ( 'NONE',  ( 0.000000000000000000, 0.000000000000000000, 1.000000000000000000 ) ) ;
#644 = VECTOR ( 'NONE', #1912, 1000.000000000000000 ) ;
#645 = DIRECTION ( 'NONE',  ( -1.000000000000000000, -0.000000000000000000, -0.000000000000000000 ) ) ;
#646 = CARTESIAN_POINT ( 'NONE',  ( 31.75000000000079226, -44.00000000000001421, 2.000000000000000000 ) ) ;
#647 = PRODUCT_DEFINITION ( 'UNKNOWN', '', #1120, #942 ) ;
#648 = EDGE_CURVE ( 'NONE', #2427, #3337, #5222, .T. ) ;
#649 = EDGE_CURVE ( 'NONE', #1896, #4464, #2325, .T. ) ;
#650 = CARTESIAN_POINT ( 'NONE',  ( -12.74999999999960210, -7.000000000000013323, 0.000000000000000000 ) ) ;
#651 = CARTESIAN_POINT ( 'NONE',  ( 45.25000000000078870, -32.00000000000001421, 2.000000000000000000 ) ) ;
#652 = CARTESIAN_POINT ( 'NONE',  ( -25.24999999999999645, 30.99999999999998579, 2.000000000000000000 ) ) ;
#653 = VECTOR ( 'NONE', #6562, 1000.000000000000000 ) ;
#654 = CARTESIAN_POINT ( 'NONE',  ( 25.25000000000058975, -13.00000000000001066, 2.000000000000000000 ) ) ;
#655 = DIRECTION ( 'NONE',  ( -1.000000000000000000, 0.000000000000000000, 0.000000000000000000 ) ) ;
#656 = ORIENTED_EDGE ( 'NONE', *, *, #1984, .T. ) ;
#657 = ADVANCED_FACE ( 'NONE', ( #3012 ), #3617, .T. ) ;
#658 = ORIENTED_EDGE ( 'NONE', *, *, #3906, .T. ) ;
#659 = CARTESIAN_POINT ( 'NONE',  ( 31.75000000000079226, -31.00000000000002132, 0.000000000000000000 ) ) ;
#660 = AXIS2_PLACEMENT_3D ( 'NONE', #7163, #4269, #279 ) ;
#661 = CYLINDRICAL_SURFACE ( 'NONE', #251, 1.199999999999999734 ) ;
#662 = CARTESIAN_POINT ( 'NONE',  ( 31.75000000000079226, -45.00000000000001421, 2.000000000000000000 ) ) ;
#663 = VERTEX_POINT ( 'NONE', #3580 ) ;
#664 = FACE_OUTER_BOUND ( 'NONE', #3506, .T. ) ;
#665 = ORIENTED_EDGE ( 'NONE', *, *, #1942, .T. ) ;
#666 = VERTEX_POINT ( 'NONE', #120 ) ;
#667 = ORIENTED_EDGE ( 'NONE', *, *, #1528, .F. ) ;
#668 = DIRECTION ( 'NONE',  ( -1.000000000000000000, 0.000000000000000000, 0.000000000000000000 ) ) ;
#669 = AXIS2_PLACEMENT_3D ( 'NONE', #7129, #280, #3702 ) ;
#670 = ORIENTED_EDGE ( 'NONE', *, *, #7066, .T. ) ;
#671 = CARTESIAN_POINT ( 'NONE',  ( 25.25000000000058975, -13.00000000000001066, 0.000000000000000000 ) ) ;
#672 = LINE ( 'NONE', #5246, #5057 ) ;
#673 = ORIENTED_EDGE ( 'NONE', *, *, #3811, .T. ) ;
#674 = DIRECTION ( 'NONE',  ( -0.000000000000000000, 1.000000000000000000, -0.000000000000000000 ) ) ;
#675 = EDGE_LOOP ( 'NONE', ( #2112, #6138, #833, #6962 ) ) ;
#676 = DIRECTION ( 'NONE',  ( -1.000000000000000000, 0.000000000000000000, 0.000000000000000000 ) ) ;
#677 = VERTEX_POINT ( 'NONE', #2486 ) ;
#678 = LINE ( 'NONE', #1940, #6058 ) ;
#679 = CARTESIAN_POINT ( 'NONE',  ( -30.74999999999980105, 24.99999999999998579, 2.000000000000000000 ) ) ;
#680 = LINE ( 'NONE', #6544, #2080 ) ;
#681 = EDGE_CURVE ( 'NONE', #4027, #22, #269, .T. ) ;
#682 = DIRECTION ( 'NONE',  ( 1.000000000000000000, 0.000000000000000000, 0.000000000000000000 ) ) ;
#683 = EDGE_CURVE ( 'NONE', #104, #4894, #51, .T. ) ;
#684 = ORIENTED_EDGE ( 'NONE', *, *, #5585, .F. ) ;
#685 = LINE ( 'NONE', #5906, #4279 ) ;
#686 = DIRECTION ( 'NONE',  ( 1.000000000000000000, 0.000000000000000000, 0.000000000000000000 ) ) ;
#687 = DIRECTION ( 'NONE',  ( -0.000000000000000000, 1.000000000000000000, -0.000000000000000000 ) ) ;
#688 = VECTOR ( 'NONE', #1048, 1000.000000000000000 ) ;
#689 = FACE_BOUND ( 'NONE', #4848, .T. ) ;
#690 = LINE ( 'NONE', #3014, #5562 ) ;
#691 = ORIENTED_EDGE ( 'NONE', *, *, #5162, .T. ) ;
#692 = AXIS2_PLACEMENT_3D ( 'NONE', #2140, #5533, #6705 ) ;
#693 = VECTOR ( 'NONE', #6358, 1000.000000000000000 ) ;
#694 = ADVANCED_FACE ( 'NONE', ( #2443 ), #2408, .T. ) ;
#695 = VERTEX_POINT ( 'NONE', #7120 ) ;
#696 = DIRECTION ( 'NONE',  ( -0.000000000000000000, -0.000000000000000000, -1.000000000000000000 ) ) ;
#697 = DIRECTION ( 'NONE',  ( 1.000000000000000000, 0.000000000000000000, 0.000000000000000000 ) ) ;
#698 = EDGE_CURVE ( 'NONE', #1398, #6925, #1253, .T. ) ;
#699 = EDGE_CURVE ( 'NONE', #1691, #4303, #572, .T. ) ;
#700 = AXIS2_PLACEMENT_3D ( 'NONE', #311, #5563, #6096 ) ;
#701 = CARTESIAN_POINT ( 'NONE',  ( 30.75000000000040856, 5.999999999999984901, 2.000000000000000000 ) ) ;
#702 = VECTOR ( 'NONE', #3163, 1000.000000000000000 ) ;
#703 = ORIENTED_EDGE ( 'NONE', *, *, #5280, .T. ) ;
#704 = DIRECTION ( 'NONE',  ( -1.000000000000000000, 0.000000000000000000, 0.000000000000000000 ) ) ;
#705 = ORIENTED_EDGE ( 'NONE', *, *, #1800, .F. ) ;
#706 = EDGE_LOOP ( 'NONE', ( #6927, #6422, #7010, #5291 ) ) ;
#707 = ORIENTED_EDGE ( 'NONE', *, *, #284, .T. ) ;
#708 = CARTESIAN_POINT ( 'NONE',  ( -26.24999999999999289, 43.99999999999998579, 0.000000000000000000 ) ) ;
#709 = CARTESIAN_POINT ( 'NONE',  ( -30.74999999999940314, -25.00000000000000711, 0.000000000000000000 ) ) ;
#710 = CARTESIAN_POINT ( 'NONE',  ( -25.24999999999980105, 11.99999999999998579, 0.000000000000000000 ) ) ;
#711 = ORIENTED_EDGE ( 'NONE', *, *, #471, .F. ) ;
#712 = DIRECTION ( 'NONE',  ( -0.000000000000000000, 1.000000000000000000, -0.000000000000000000 ) ) ;
#713 = ORIENTED_EDGE ( 'NONE', *, *, #4402, .T. ) ;
#714 = DIRECTION ( 'NONE',  ( 1.000000000000000000, 0.000000000000000000, 0.000000000000000000 ) ) ;
#715 = DIRECTION ( 'NONE',  ( 1.000000000000000000, 0.000000000000000000, 0.000000000000000000 ) ) ;
#716 = LINE ( 'NONE', #4905, #5041 ) ;
#717 = CARTESIAN_POINT ( 'NONE',  ( -45.24999999999978684, 12.99999999999998757, 2.000000000000000000 ) ) ;
#718 = ORIENTED_EDGE ( 'NONE', *, *, #6271, .T. ) ;
#719 = DIRECTION ( 'NONE',  ( 1.000000000000000000, 0.000000000000000000, 0.000000000000000000 ) ) ;
#720 = DIRECTION ( 'NONE',  ( -1.595148023886719315E-16, 1.000000000000000000, 0.000000000000000000 ) ) ;
#721 = CARTESIAN_POINT ( 'NONE',  ( -6.249999999999797495, 24.99999999999998579, 2.000000000000000000 ) ) ;
#722 = LINE ( 'NONE', #4107, #5491 ) ;
#723 = FACE_OUTER_BOUND ( 'NONE', #798, .T. ) ;
#724 = CARTESIAN_POINT ( 'NONE',  ( 43.50000000000000000, 43.50000000000000000, 0.000000000000000000 ) ) ;
#725 = VERTEX_POINT ( 'NONE', #6391 ) ;
#726 = EDGE_CURVE ( 'NONE', #4078, #5375, #722, .T. ) ;
#727 = ORIENTED_EDGE ( 'NONE', *, *, #2602, .F. ) ;
#728 = DIRECTION ( 'NONE',  ( -0.000000000000000000, -0.000000000000000000, -1.000000000000000000 ) ) ;
#729 = LINE ( 'NONE', #3664, #3344 ) ;
#730 = CIRCLE ( 'NONE', #5106, 1.199999999999999734 ) ;
#731 = DIRECTION ( 'NONE',  ( -0.000000000000000000, -0.000000000000000000, -1.000000000000000000 ) ) ;
#732 = VECTOR ( 'NONE', #3351, 1000.000000000000000 ) ;
#733 = CARTESIAN_POINT ( 'NONE',  ( 12.75000000000019895, 11.99999999999998579, 2.000000000000000000 ) ) ;
#734 = ORIENTED_EDGE ( 'NONE', *, *, #1887, .T. ) ;
#735 = CARTESIAN_POINT ( 'NONE',  ( -25.24999999999920064, -31.00000000000002132, 2.000000000000000000 ) ) ;
#736 = VERTEX_POINT ( 'NONE', #1177 ) ;
#737 = AXIS2_PLACEMENT_3D ( 'NONE', #1551, #3876, #789 ) ;
#738 = VERTEX_POINT ( 'NONE', #3502 ) ;
#739 = ADVANCED_FACE ( 'NONE', ( #5372 ), #2365, .F. ) ;
#740 = ORIENTED_EDGE ( 'NONE', *, *, #3054, .F. ) ;
#741 = CARTESIAN_POINT ( 'NONE',  ( -12.74999999999940492, -12.00000000000001776, 0.000000000000000000 ) ) ;
#742 = DIRECTION ( 'NONE',  ( 1.000000000000000000, 0.000000000000000000, 0.000000000000000000 ) ) ;
#743 = ORIENTED_EDGE ( 'NONE', *, *, #699, .F. ) ;
#744 = CARTESIAN_POINT ( 'NONE',  ( 7.250000000000592415, -13.00000000000001066, 0.000000000000000000 ) ) ;
#745 = VERTEX_POINT ( 'NONE', #1444 ) ;
#746 = CARTESIAN_POINT ( 'NONE',  ( 43.50000000000000000, 46.49999999999998579, 2.000000000000000000 ) ) ;
#747 = CARTESIAN_POINT ( 'NONE',  ( 26.25000000000019185, 24.99999999999998579, 2.000000000000000000 ) ) ;
#748 = CARTESIAN_POINT ( 'NONE',  ( 30.75000000000020250, 12.99999999999998757, 2.000000000000000000 ) ) ;
#749 = AXIS2_PLACEMENT_3D ( 'NONE', #7025, #2541, #6987 ) ;
#750 = LINE ( 'NONE', #7035, #2158 ) ;
#751 = DIRECTION ( 'NONE',  ( -0.000000000000000000, -0.000000000000000000, -1.000000000000000000 ) ) ;
#752 = DIRECTION ( 'NONE',  ( 0.000000000000000000, -0.000000000000000000, 1.000000000000000000 ) ) ;
#753 = VECTOR ( 'NONE', #6382, 1000.000000000000000 ) ;
#754 = VECTOR ( 'NONE', #1777, 1000.000000000000000 ) ;
#755 = EDGE_CURVE ( 'NONE', #4717, #6982, #1372, .T. ) ;
#756 = CARTESIAN_POINT ( 'NONE',  ( -12.75000000000000178, 31.99999999999998579, 0.000000000000000000 ) ) ;
#757 = PLANE ( 'NONE',  #2594 ) ;
#758 = LINE ( 'NONE', #6472, #1309 ) ;
#759 = DIRECTION ( 'NONE',  ( -0.000000000000000000, -0.000000000000000000, -1.000000000000000000 ) ) ;
#760 = VERTEX_POINT ( 'NONE', #2634 ) ;
#761 = ORIENTED_EDGE ( 'NONE', *, *, #193, .T. ) ;
#762 = ORIENTED_EDGE ( 'NONE', *, *, #4266, .T. ) ;
#763 = CARTESIAN_POINT ( 'NONE',  ( -12.74999999999940492, -26.00000000000001066, 2.000000000000000000 ) ) ;
#764 = ORIENTED_EDGE ( 'NONE', *, *, #4069, .T. ) ;
#765 = DIRECTION ( 'NONE',  ( -1.000000000000000000, 0.000000000000000000, 0.000000000000000000 ) ) ;
#766 = CARTESIAN_POINT ( 'NONE',  ( 31.75000000000079226, -44.00000000000001421, 2.000000000000000000 ) ) ;
#767 = CARTESIAN_POINT ( 'NONE',  ( 6.250000000000595080, -26.00000000000001066, 2.000000000000000000 ) ) ;
#768 = AXIS2_PLACEMENT_3D ( 'NONE', #7393, #3931, #5259 ) ;
#769 = ORIENTED_EDGE ( 'NONE', *, *, #5063, .F. ) ;
#770 = CARTESIAN_POINT ( 'NONE',  ( -6.249999999999200639, -31.00000000000002132, 2.000000000000000000 ) ) ;
#771 = EDGE_LOOP ( 'NONE', ( #3620, #6787, #3959, #4134 ) ) ;
#772 = EDGE_CURVE ( 'NONE', #5786, #1396, #4948, .T. ) ;
#773 = VECTOR ( 'NONE', #1147, 1000.000000000000000 ) ;
#774 = ORIENTED_EDGE ( 'NONE', *, *, #5007, .F. ) ;
#775 = ORIENTED_EDGE ( 'NONE', *, *, #1667, .F. ) ;
#776 = CARTESIAN_POINT ( 'NONE',  ( 25.25000000000058975, -25.00000000000000711, 0.000000000000000000 ) ) ;
#777 = CARTESIAN_POINT ( 'NONE',  ( -31.74999999999920419, -45.00000000000001421, 0.000000000000000000 ) ) ;
#778 = EDGE_CURVE ( 'NONE', #7463, #4363, #5982, .T. ) ;
#779 = ORIENTED_EDGE ( 'NONE', *, *, #1823, .T. ) ;
#780 = CARTESIAN_POINT ( 'NONE',  ( 31.75000000000019540, 25.99999999999997868, 2.000000000000000000 ) ) ;
#781 = ORIENTED_EDGE ( 'NONE', *, *, #2621, .T. ) ;
#782 = FACE_OUTER_BOUND ( 'NONE', #2873, .T. ) ;
#783 = EDGE_CURVE ( 'NONE', #3599, #2200, #405, .T. ) ;
#784 = ORIENTED_EDGE ( 'NONE', *, *, #6101, .F. ) ;
#785 = AXIS2_PLACEMENT_3D ( 'NONE', #1885, #6556, #1990 ) ;
#786 = FACE_OUTER_BOUND ( 'NONE', #1118, .T. ) ;
#787 = DIRECTION ( 'NONE',  ( 0.000000000000000000, 0.000000000000000000, 1.000000000000000000 ) ) ;
#788 = ADVANCED_FACE ( 'NONE', ( #6583 ), #4260, .F. ) ;
#789 = DIRECTION ( 'NONE',  ( -1.000000000000000000, 0.000000000000000000, 0.000000000000000000 ) ) ;
#790 = FACE_OUTER_BOUND ( 'NONE', #2745, .T. ) ;
#791 = FACE_OUTER_BOUND ( 'NONE', #4917, .T. ) ;
#792 = CARTESIAN_POINT ( 'NONE',  ( -6.249999999999200639, -31.00000000000002132, 2.000000000000000000 ) ) ;
#793 = EDGE_CURVE ( 'NONE', #1733, #3035, #3694, .T. ) ;
#794 = LINE ( 'NONE', #831, #702 ) ;
#795 = CYLINDRICAL_SURFACE ( 'NONE', #4336, 2.999999999999995559 ) ;
#796 = VERTEX_POINT ( 'NONE', #234 ) ;
#797 = VECTOR ( 'NONE', #5898, 1000.000000000000000 ) ;
#798 = EDGE_LOOP ( 'NONE', ( #327, #6139, #474, #6062 ) ) ;
#799 = ORIENTED_EDGE ( 'NONE', *, *, #1669, .F. ) ;
#800 = CARTESIAN_POINT ( 'NONE',  ( -30.74999999999940670, -13.00000000000001066, 2.000000000000000000 ) ) ;
#801 = AXIS2_PLACEMENT_3D ( 'NONE', #3376, #6865, #1657 ) ;
#802 = CARTESIAN_POINT ( 'NONE',  ( 7.250000000000595968, -25.00000000000000711, 2.000000000000000000 ) ) ;
#803 = CARTESIAN_POINT ( 'NONE',  ( 25.25000000000039080, -7.000000000000013323, 2.000000000000000000 ) ) ;
#804 = DIRECTION ( 'NONE',  ( -0.000000000000000000, -0.000000000000000000, -1.000000000000000000 ) ) ;
#805 = EDGE_LOOP ( 'NONE', ( #6000, #2941, #7254, #6784 ) ) ;
#806 = LINE ( 'NONE', #3138, #516 ) ;
#807 = CIRCLE ( 'NONE', #6767, 0.9999999999999940048 ) ;
#808 = ORIENTED_EDGE ( 'NONE', *, *, #2698, .T. ) ;
#809 = ORIENTED_EDGE ( 'NONE', *, *, #5987, .T. ) ;
#810 = ORIENTED_EDGE ( 'NONE', *, *, #2263, .T. ) ;
#811 = DIRECTION ( 'NONE',  ( -0.000000000000000000, 1.000000000000000000, -0.000000000000000000 ) ) ;
#812 = CIRCLE ( 'NONE', #2526, 2.999999999999988898 ) ;
#813 = ADVANCED_FACE ( 'NONE', ( #6620 ), #903, .F. ) ;
#814 = ADVANCED_FACE ( 'NONE', ( #4375 ), #6548, .T. ) ;
#815 = VECTOR ( 'NONE', #4141, 1000.000000000000000 ) ;
#816 = FACE_OUTER_BOUND ( 'NONE', #4280, .T. ) ;
#817 = ORIENTED_EDGE ( 'NONE', *, *, #7192, .F. ) ;
#818 = DIRECTION ( 'NONE',  ( 0.000000000000000000, -1.000000000000000000, 0.000000000000000000 ) ) ;
#819 = ORIENTED_EDGE ( 'NONE', *, *, #7007, .F. ) ;
#820 = EDGE_CURVE ( 'NONE', #7009, #6193, #3123, .T. ) ;
#821 = LINE ( 'NONE', #6539, #2430 ) ;
#822 = DIRECTION ( 'NONE',  ( 1.000000000000000000, 0.000000000000000000, 0.000000000000000000 ) ) ;
#823 = DIRECTION ( 'NONE',  ( -1.000000000000000000, 0.000000000000000000, 0.000000000000000000 ) ) ;
#824 = DIRECTION ( 'NONE',  ( 1.000000000000000000, 0.000000000000000000, 0.000000000000000000 ) ) ;
#825 = CARTESIAN_POINT ( 'NONE',  ( -12.74999999999960210, -7.000000000000013323, 2.000000000000000000 ) ) ;
#826 = DIRECTION ( 'NONE',  ( -0.000000000000000000, -0.000000000000000000, -1.000000000000000000 ) ) ;
#827 = ADVANCED_FACE ( 'NONE', ( #3807 ), #757, .T. ) ;
#828 = AXIS2_PLACEMENT_3D ( 'NONE', #3305, #4479, #2629 ) ;
#829 = LINE ( 'NONE', #1910, #2829 ) ;
#830 = CARTESIAN_POINT ( 'NONE',  ( 12.75000000000039257, -7.000000000000013323, 2.000000000000000000 ) ) ;
#831 = CARTESIAN_POINT ( 'NONE',  ( -12.75000000000000178, 44.99999999999997868, 2.000000000000000000 ) ) ;
#832 = PLANE ( 'NONE',  #4756 ) ;
#833 = ORIENTED_EDGE ( 'NONE', *, *, #1624, .T. ) ;
#834 = VECTOR ( 'NONE', #582, 1000.000000000000000 ) ;
#835 = ORIENTED_EDGE ( 'NONE', *, *, #592, .F. ) ;
#836 = LINE ( 'NONE', #2068, #4675 ) ;
#837 = DIRECTION ( 'NONE',  ( 0.000000000000000000, 0.000000000000000000, 1.000000000000000000 ) ) ;
#838 = CARTESIAN_POINT ( 'NONE',  ( -27.29999999999999005, -28.50000000000000355, 0.000000000000000000 ) ) ;
#839 = DIRECTION ( 'NONE',  ( 1.000000000000000000, 0.000000000000000000, -0.000000000000000000 ) ) ;
#840 = DIRECTION ( 'NONE',  ( -1.000000000000000000, 0.000000000000000000, 0.000000000000000000 ) ) ;
#841 = CARTESIAN_POINT ( 'NONE',  ( -12.75000000000000178, 43.99999999999998579, 2.000000000000000000 ) ) ;
#842 = VERTEX_POINT ( 'NONE', #2768 ) ;
#843 = CARTESIAN_POINT ( 'NONE',  ( 31.75000000000019540, 11.99999999999998579, 0.000000000000000000 ) ) ;
#844 = VERTEX_POINT ( 'NONE', #1948 ) ;
#845 = AXIS2_PLACEMENT_3D ( 'NONE', #766, #3097, #4665 ) ;
#846 = ORIENTED_EDGE ( 'NONE', *, *, #4365, .T. ) ;
#847 = ORIENTED_EDGE ( 'NONE', *, *, #4658, .F. ) ;
#848 = DIRECTION ( 'NONE',  ( 0.000000000000000000, 0.000000000000000000, 1.000000000000000000 ) ) ;
#849 = AXIS2_PLACEMENT_3D ( 'NONE', #6309, #1708, #4026 ) ;
#850 = DIRECTION ( 'NONE',  ( 0.000000000000000000, 0.000000000000000000, 1.000000000000000000 ) ) ;
#851 = VERTEX_POINT ( 'NONE', #5087 ) ;
#852 = CARTESIAN_POINT ( 'NONE',  ( 12.75000000000039257, 6.999999999999978684, 0.000000000000000000 ) ) ;
#853 = ADVANCED_FACE ( 'NONE', ( #4334 ), #195, .F. ) ;
#854 = ORIENTED_EDGE ( 'NONE', *, *, #6253, .T. ) ;
#855 = CIRCLE ( 'NONE', #2691, 0.9999999999999940048 ) ;
#856 = ORIENTED_EDGE ( 'NONE', *, *, #6350, .T. ) ;
#857 = VECTOR ( 'NONE', #2950, 1000.000000000000000 ) ;
#858 = DIRECTION ( 'NONE',  ( -1.000000000000000000, 0.000000000000000000, 0.000000000000000000 ) ) ;
#859 = DIRECTION ( 'NONE',  ( 0.000000000000000000, -1.000000000000000000, 0.000000000000000000 ) ) ;
#860 = DIRECTION ( 'NONE',  ( -0.000000000000000000, -0.000000000000000000, -1.000000000000000000 ) ) ;
#861 = CARTESIAN_POINT ( 'NONE',  ( -45.24999999999978684, 24.99999999999998579, 2.000000000000000000 ) ) ;
#862 = ADVANCED_FACE ( 'NONE', ( #4298 ), #5444, .T. ) ;
#863 = DIRECTION ( 'NONE',  ( 1.000000000000000000, 0.000000000000000000, 0.000000000000000000 ) ) ;
#864 = CARTESIAN_POINT ( 'NONE',  ( 7.250000000000395239, 5.999999999999984901, 2.000000000000000000 ) ) ;
#865 = DIRECTION ( 'NONE',  ( -0.000000000000000000, -0.000000000000000000, -1.000000000000000000 ) ) ;
#866 = AXIS2_PLACEMENT_3D ( 'NONE', #49, #6389, #1096 ) ;
#867 = CARTESIAN_POINT ( 'NONE',  ( -25.24999999999999645, 30.99999999999998579, 2.000000000000000000 ) ) ;
#868 = EDGE_CURVE ( 'NONE', #1398, #1579, #2556, .T. ) ;
#869 = ORIENTED_EDGE ( 'NONE', *, *, #5750, .T. ) ;
#870 = CIRCLE ( 'NONE', #7080, 0.9999999999999974465 ) ;
#871 = EDGE_CURVE ( 'NONE', #4565, #1034, #1406, .T. ) ;
#872 = EDGE_CURVE ( 'NONE', #1987, #5761, #7232, .T. ) ;
#873 = AXIS2_PLACEMENT_3D ( 'NONE', #5907, #1262, #5335 ) ;
#874 = ORIENTED_EDGE ( 'NONE', *, *, #7305, .F. ) ;
#875 = CARTESIAN_POINT ( 'NONE',  ( -30.75000000000000355, 43.99999999999998579, 0.000000000000000000 ) ) ;
#876 = DIRECTION ( 'NONE',  ( -1.000000000000000000, 0.000000000000000000, 0.000000000000000000 ) ) ;
#877 = DIRECTION ( 'NONE',  ( 0.000000000000000000, -1.000000000000000000, 0.000000000000000000 ) ) ;
#878 = CARTESIAN_POINT ( 'NONE',  ( 31.75000000000079226, -32.00000000000001421, 2.000000000000000000 ) ) ;
#879 = VECTOR ( 'NONE', #3088, 1000.000000000000000 ) ;
#880 = FACE_OUTER_BOUND ( 'NONE', #7472, .T. ) ;
#881 = CARTESIAN_POINT ( 'NONE',  ( 45.25000000000019185, 24.99999999999998579, 0.000000000000000000 ) ) ;
#882 = AXIS2_PLACEMENT_3D ( 'NONE', #6433, #1139, #6961 ) ;
#883 = EDGE_LOOP ( 'NONE', ( #5567, #4715, #3297, #589, #5286, #1782, #6777, #238 ) ) ;
#884 = LINE ( 'NONE', #4352, #2327 ) ;
#885 = ORIENTED_EDGE ( 'NONE', *, *, #907, .F. ) ;
#886 = ORIENTED_EDGE ( 'NONE', *, *, #4787, .T. ) ;
#887 = ORIENTED_EDGE ( 'NONE', *, *, #935, .T. ) ;
#888 = CARTESIAN_POINT ( 'NONE',  ( -12.74999999999940492, -26.00000000000001066, 2.000000000000000000 ) ) ;
#889 = AXIS2_PLACEMENT_3D ( 'NONE', #1330, #5441, #5866 ) ;
#890 = CARTESIAN_POINT ( 'NONE',  ( 31.75000000000059686, -25.00000000000000711, 2.000000000000000000 ) ) ;
#891 = ORIENTED_EDGE ( 'NONE', *, *, #6881, .F. ) ;
#892 = DIRECTION ( 'NONE',  ( -0.000000000000000000, -0.000000000000000000, -1.000000000000000000 ) ) ;
#893 = AXIS2_PLACEMENT_3D ( 'NONE', #5881, #696, #5344 ) ;
#894 = VERTEX_POINT ( 'NONE', #1081 ) ;
#895 = EDGE_LOOP ( 'NONE', ( #2258, #4600, #934, #7513 ) ) ;
#896 = ORIENTED_EDGE ( 'NONE', *, *, #4980, .T. ) ;
#897 = DIRECTION ( 'NONE',  ( 0.000000000000000000, -0.000000000000000000, -1.000000000000000000 ) ) ;
#898 = DIRECTION ( 'NONE',  ( -0.000000000000000000, 1.000000000000000000, -0.000000000000000000 ) ) ;
#899 = DIRECTION ( 'NONE',  ( -0.000000000000000000, -0.000000000000000000, -1.000000000000000000 ) ) ;
#900 = DIRECTION ( 'NONE',  ( -1.000000000000000000, 0.000000000000000000, 0.000000000000000000 ) ) ;
#901 = VERTEX_POINT ( 'NONE', #2805 ) ;
#902 = DIRECTION ( 'NONE',  ( 0.000000000000000000, -1.000000000000000000, 0.000000000000000000 ) ) ;
#903 = CYLINDRICAL_SURFACE ( 'NONE', #4660, 0.9999999999999940048 ) ;
#904 = EDGE_CURVE ( 'NONE', #851, #6109, #5139, .T. ) ;
#905 = VECTOR ( 'NONE', #7164, 1000.000000000000000 ) ;
#906 = DIRECTION ( 'NONE',  ( -0.000000000000000000, 1.000000000000000000, -0.000000000000000000 ) ) ;
#907 = EDGE_CURVE ( 'NONE', #562, #4969, #7473, .T. ) ;
#908 = CARTESIAN_POINT ( 'NONE',  ( 44.25000000000000000, 30.99999999999998579, 0.000000000000000000 ) ) ;
#909 = ORIENTED_EDGE ( 'NONE', *, *, #3577, .F. ) ;
#910 = EDGE_CURVE ( 'NONE', #22, #2380, #1159, .T. ) ;
#911 = ORIENTED_EDGE ( 'NONE', *, *, #3814, .T. ) ;
#912 = LINE ( 'NONE', #424, #274 ) ;
#913 = DIRECTION ( 'NONE',  ( -0.000000000000000000, -0.000000000000000000, -1.000000000000000000 ) ) ;
#914 = CARTESIAN_POINT ( 'NONE',  ( -11.74999999999960387, 5.999999999999984901, 2.000000000000000000 ) ) ;
#915 = DIRECTION ( 'NONE',  ( -0.000000000000000000, -0.000000000000000000, -1.000000000000000000 ) ) ;
#916 = CARTESIAN_POINT ( 'NONE',  ( -27.30000000000000071, 28.49999999999998934, 2.000000000000000000 ) ) ;
#917 = DIRECTION ( 'NONE',  ( 0.000000000000000000, 0.000000000000000000, 1.000000000000000000 ) ) ;
#918 = VERTEX_POINT ( 'NONE', #1739 ) ;
#919 = PLANE ( 'NONE',  #4795 ) ;
#920 = EDGE_CURVE ( 'NONE', #5187, #666, #2233, .T. ) ;
#921 = VECTOR ( 'NONE', #7406, 1000.000000000000000 ) ;
#922 = ORIENTED_EDGE ( 'NONE', *, *, #6029, .T. ) ;
#923 = EDGE_CURVE ( 'NONE', #736, #1542, #1654, .T. ) ;
#924 = ORIENTED_EDGE ( 'NONE', *, *, #2701, .F. ) ;
#925 = DIRECTION ( 'NONE',  ( 1.000000000000000000, 0.000000000000000000, 0.000000000000000000 ) ) ;
#926 = EDGE_CURVE ( 'NONE', #677, #6528, #2266, .T. ) ;
#927 = PLANE ( 'NONE',  #4287 ) ;
#928 = AXIS2_PLACEMENT_3D ( 'NONE', #2672, #4377, #3241 ) ;
#929 = EDGE_LOOP ( 'NONE', ( #7462, #2392, #599, #7132, #6184, #4281, #3974, #7197 ) ) ;
#930 = PLANE ( 'NONE',  #1342 ) ;
#931 = ORIENTED_EDGE ( 'NONE', *, *, #4577, .T. ) ;
#932 = ORIENTED_EDGE ( 'NONE', *, *, #3607, .T. ) ;
#933 = VECTOR ( 'NONE', #7203, 1000.000000000000000 ) ;
#934 = ORIENTED_EDGE ( 'NONE', *, *, #6512, .T. ) ;
#935 = EDGE_CURVE ( 'NONE', #796, #844, #1776, .T. ) ;
#936 = VECTOR ( 'NONE', #6913, 1000.000000000000000 ) ;
#937 = LINE ( 'NONE', #7295, #6344 ) ;
#938 = FACE_OUTER_BOUND ( 'NONE', #5074, .T. ) ;
#939 = AXIS2_PLACEMENT_3D ( 'NONE', #2409, #3540, #3049 ) ;
#940 = CARTESIAN_POINT ( 'NONE',  ( 26.25000000000038725, 5.999999999999984901, 0.000000000000000000 ) ) ;
#941 = AXIS2_PLACEMENT_3D ( 'NONE', #5516, #4408, #6728 ) ;
#942 = PRODUCT_DEFINITION_CONTEXT ( 'detailed design', #3280, 'design' ) ;
#943 = CYLINDRICAL_SURFACE ( 'NONE', #5623, 0.9999999999999974465 ) ;
#944 = ORIENTED_EDGE ( 'NONE', *, *, #3490, .F. ) ;
#945 = CYLINDRICAL_SURFACE ( 'NONE', #2708, 1.000000000000000888 ) ;
#946 = AXIS2_PLACEMENT_3D ( 'NONE', #365, #5006, #1036 ) ;
#947 = DIRECTION ( 'NONE',  ( 0.000000000000000000, -1.000000000000000000, 0.000000000000000000 ) ) ;
#948 = CARTESIAN_POINT ( 'NONE',  ( 11.75000000000039968, 5.999999999999984901, 0.000000000000000000 ) ) ;
#949 = ADVANCED_FACE ( 'NONE', ( #4520 ), #6376, .T. ) ;
#950 = EDGE_LOOP ( 'NONE', ( #4213, #6083, #6419, #11 ) ) ;
#951 = DIRECTION ( 'NONE',  ( 0.000000000000000000, 0.000000000000000000, 1.000000000000000000 ) ) ;
#952 = EDGE_CURVE ( 'NONE', #432, #7426, #554, .T. ) ;
#953 = DIRECTION ( 'NONE',  ( -0.000000000000000000, -0.000000000000000000, -1.000000000000000000 ) ) ;
#954 = DIRECTION ( 'NONE',  ( -1.000000000000000000, 0.000000000000000000, 0.000000000000000000 ) ) ;
#955 = CARTESIAN_POINT ( 'NONE',  ( 45.25000000000078870, -44.00000000000001421, 2.000000000000000000 ) ) ;
#956 = DIRECTION ( 'NONE',  ( -0.000000000000000000, -0.000000000000000000, -1.000000000000000000 ) ) ;
#957 = FACE_OUTER_BOUND ( 'NONE', #3720, .T. ) ;
#958 = ORIENTED_EDGE ( 'NONE', *, *, #2278, .F. ) ;
#959 = CARTESIAN_POINT ( 'NONE',  ( -30.74999999999980105, 12.99999999999998757, 0.000000000000000000 ) ) ;
#960 = AXIS2_PLACEMENT_3D ( 'NONE', #5651, #4508, #3970 ) ;
#961 = VERTEX_POINT ( 'NONE', #4673 ) ;
#962 = VERTEX_POINT ( 'NONE', #68 ) ;
#963 = DIRECTION ( 'NONE',  ( -1.000000000000000000, 0.000000000000000000, 0.000000000000000000 ) ) ;
#964 = DIRECTION ( 'NONE',  ( 0.000000000000000000, -0.000000000000000000, 1.000000000000000000 ) ) ;
#965 = ORIENTED_EDGE ( 'NONE', *, *, #920, .T. ) ;
#966 = LINE ( 'NONE', #3298, #2088 ) ;
#967 = ORIENTED_EDGE ( 'NONE', *, *, #6596, .F. ) ;
#968 = EDGE_CURVE ( 'NONE', #2967, #2537, #5282, .T. ) ;
#969 = CIRCLE ( 'NONE', #3892, 0.9999999999999940048 ) ;
#970 = ORIENTED_EDGE ( 'NONE', *, *, #7305, .T. ) ;
#971 = ORIENTED_EDGE ( 'NONE', *, *, #4655, .F. ) ;
#972 = CARTESIAN_POINT ( 'NONE',  ( 25.25000000000039080, -7.000000000000013323, 2.000000000000000000 ) ) ;
#973 = CARTESIAN_POINT ( 'NONE',  ( -11.74999999999920597, -32.00000000000001421, 2.000000000000000000 ) ) ;
#974 = VECTOR ( 'NONE', #2591, 1000.000000000000000 ) ;
#975 = DIRECTION ( 'NONE',  ( -0.000000000000000000, 1.000000000000000000, -0.000000000000000000 ) ) ;
#976 = ADVANCED_FACE ( 'NONE', ( #5812 ), #4630, .T. ) ;
#977 = DIRECTION ( 'NONE',  ( -1.000000000000000000, 0.000000000000000000, 0.000000000000000000 ) ) ;
#978 = ORIENTED_EDGE ( 'NONE', *, *, #5153, .T. ) ;
#979 = AXIS2_PLACEMENT_3D ( 'NONE', #1230, #7097, #5314 ) ;
#980 = CARTESIAN_POINT ( 'NONE',  ( 26.25000000000019540, 24.99999999999998579, 2.000000000000000000 ) ) ;
#981 = CARTESIAN_POINT ( 'NONE',  ( 45.25000000000039790, 5.999999999999984901, 0.000000000000000000 ) ) ;
#982 = DIRECTION ( 'NONE',  ( -0.000000000000000000, -0.000000000000000000, -1.000000000000000000 ) ) ;
#983 = VECTOR ( 'NONE', #3064, 1000.000000000000000 ) ;
#984 = EDGE_CURVE ( 'NONE', #1916, #6563, #6333, .T. ) ;
#985 = ORIENTED_EDGE ( 'NONE', *, *, #3570, .F. ) ;
#986 = CARTESIAN_POINT ( 'NONE',  ( -31.74999999999960565, 5.999999999999984901, 0.000000000000000000 ) ) ;
#987 = LINE ( 'NONE', #2750, #6418 ) ;
#988 = CIRCLE ( 'NONE', #3426, 1.000000000000000888 ) ;
#989 = CYLINDRICAL_SURFACE ( 'NONE', #45, 0.9999999999999940048 ) ;
#990 = PLANE ( 'NONE',  #2398 ) ;
#991 = CIRCLE ( 'NONE', #2825, 1.199999999999999734 ) ;
#992 = DIRECTION ( 'NONE',  ( 0.000000000000000000, 1.000000000000000000, 0.000000000000000000 ) ) ;
#993 = ORIENTED_EDGE ( 'NONE', *, *, #2922, .F. ) ;
#994 = DIRECTION ( 'NONE',  ( 0.000000000000000000, 0.000000000000000000, 1.000000000000000000 ) ) ;
#995 = EDGE_LOOP ( 'NONE', ( #4932, #3170, #4265, #2954 ) ) ;
#996 = ORIENTED_EDGE ( 'NONE', *, *, #193, .F. ) ;
#997 = VECTOR ( 'NONE', #5463, 1000.000000000000000 ) ;
#998 = DIRECTION ( 'NONE',  ( 0.000000000000000000, -1.000000000000000000, 0.000000000000000000 ) ) ;
#999 = DIRECTION ( 'NONE',  ( -0.000000000000000000, 0.000000000000000000, -1.000000000000000000 ) ) ;
#1000 = VECTOR ( 'NONE', #3981, 1000.000000000000000 ) ;
#1001 = FACE_OUTER_BOUND ( 'NONE', #3976, .T. ) ;
#1002 = ORIENTED_EDGE ( 'NONE', *, *, #4507, .F. ) ;
#1003 = EDGE_CURVE ( 'NONE', #6588, #4519, #5384, .T. ) ;
#1004 = DIRECTION ( 'NONE',  ( -0.000000000000000000, -0.000000000000000000, -1.000000000000000000 ) ) ;
#1005 = ORIENTED_EDGE ( 'NONE', *, *, #1674, .T. ) ;
#1006 = EDGE_CURVE ( 'NONE', #4113, #507, #3944, .T. ) ;
#1007 = VERTEX_POINT ( 'NONE', #1692 ) ;
#1008 = VERTEX_POINT ( 'NONE', #4015 ) ;
#1009 = ADVANCED_FACE ( 'NONE', ( #6986 ), #2915, .F. ) ;
#1010 = CARTESIAN_POINT ( 'NONE',  ( -28.50000000000000000, 28.49999999999998934, 2.000000000000000000 ) ) ;
#1011 = CARTESIAN_POINT ( 'NONE',  ( -30.74999999999960565, 5.999999999999984901, 2.000000000000000000 ) ) ;
#1012 = LINE ( 'NONE', #7372, #2569 ) ;
#1013 = EDGE_CURVE ( 'NONE', #2660, #4317, #1197, .T. ) ;
#1014 = DIRECTION ( 'NONE',  ( -1.000000000000000000, 0.000000000000000000, 0.000000000000000000 ) ) ;
#1015 = EDGE_CURVE ( 'NONE', #75, #4434, #5848, .T. ) ;
#1016 = ORIENTED_EDGE ( 'NONE', *, *, #2841, .T. ) ;
#1017 = ORIENTED_EDGE ( 'NONE', *, *, #5101, .F. ) ;
#1018 = VECTOR ( 'NONE', #127, 1000.000000000000000 ) ;
#1019 = EDGE_CURVE ( 'NONE', #2528, #6909, #5745, .T. ) ;
#1020 = LINE ( 'NONE', #5096, #419 ) ;
#1021 = EDGE_CURVE ( 'NONE', #4565, #5897, #4712, .T. ) ;
#1022 = DIRECTION ( 'NONE',  ( 0.000000000000000000, 0.000000000000000000, 1.000000000000000000 ) ) ;
#1023 = DIRECTION ( 'NONE',  ( 0.000000000000000000, 0.000000000000000000, 1.000000000000000000 ) ) ;
#1024 = ORIENTED_EDGE ( 'NONE', *, *, #7072, .F. ) ;
#1025 = DIRECTION ( 'NONE',  ( 0.000000000000000000, 0.000000000000000000, -1.000000000000000000 ) ) ;
#1026 = VECTOR ( 'NONE', #4237, 1000.000000000000000 ) ;
#1027 = EDGE_CURVE ( 'NONE', #3455, #561, #1295, .T. ) ;
#1028 = CARTESIAN_POINT ( 'NONE',  ( 25.24999999999999289, 30.99999999999998579, 2.000000000000000000 ) ) ;
#1029 = CARTESIAN_POINT ( 'NONE',  ( 45.25000000000019185, 24.99999999999998579, 0.000000000000000000 ) ) ;
#1030 = FACE_BOUND ( 'NONE', #6683, .T. ) ;
#1031 = DIRECTION ( 'NONE',  ( -0.000000000000000000, -0.000000000000000000, -1.000000000000000000 ) ) ;
#1032 = ORIENTED_EDGE ( 'NONE', *, *, #4911, .T. ) ;
#1033 = LINE ( 'NONE', #2111, #5401 ) ;
#1034 = VERTEX_POINT ( 'NONE', #2520 ) ;
#1035 = ORIENTED_EDGE ( 'NONE', *, *, #5067, .F. ) ;
#1036 = DIRECTION ( 'NONE',  ( -1.000000000000000000, 0.000000000000000000, 0.000000000000000000 ) ) ;
#1037 = LINE ( 'NONE', #2906, #6797 ) ;
#1038 = CARTESIAN_POINT ( 'NONE',  ( 28.49999999999999645, -28.49999999999998934, 8.572527594031469492E-17 ) ) ;
#1039 = ORIENTED_EDGE ( 'NONE', *, *, #4494, .F. ) ;
#1040 = CARTESIAN_POINT ( 'NONE',  ( -11.74999999999940670, -13.00000000000001066, 2.000000000000000000 ) ) ;
#1041 = VERTEX_POINT ( 'NONE', #4766 ) ;
#1042 = VERTEX_POINT ( 'NONE', #194 ) ;
#1043 = ORIENTED_EDGE ( 'NONE', *, *, #5138, .T. ) ;
#1044 = EDGE_CURVE ( 'NONE', #796, #2508, #829, .T. ) ;
#1045 = VECTOR ( 'NONE', #2612, 1000.000000000000000 ) ;
#1046 = CARTESIAN_POINT ( 'NONE',  ( -6.249999999999797495, 25.99999999999997868, 0.000000000000000000 ) ) ;
#1047 = CARTESIAN_POINT ( 'NONE',  ( 44.25000000000039790, -7.000000000000013323, 2.000000000000000000 ) ) ;
#1048 = DIRECTION ( 'NONE',  ( -1.000000000000000000, -0.000000000000000000, -0.000000000000000000 ) ) ;
#1049 = EDGE_CURVE ( 'NONE', #1721, #2838, #4410, .T. ) ;
#1050 = CARTESIAN_POINT ( 'NONE',  ( -12.74999999999940492, -26.00000000000001066, 0.000000000000000000 ) ) ;
#1051 = ORIENTED_EDGE ( 'NONE', *, *, #2359, .T. ) ;
#1052 = VECTOR ( 'NONE', #394, 1000.000000000000000 ) ;
#1053 = CARTESIAN_POINT ( 'NONE',  ( -45.24999999999939604, -13.00000000000001066, 2.000000000000000000 ) ) ;
#1054 = AXIS2_PLACEMENT_3D ( 'NONE', #197, #6475, #4229 ) ;
#1055 = ORIENTED_EDGE ( 'NONE', *, *, #5879, .F. ) ;
#1056 = DIRECTION ( 'NONE',  ( 1.000000000000000000, 0.000000000000000000, 0.000000000000000000 ) ) ;
#1057 = CIRCLE ( 'NONE', #5565, 0.9999999999999940048 ) ;
#1058 = VECTOR ( 'NONE', #7113, 1000.000000000000000 ) ;
#1059 = DIRECTION ( 'NONE',  ( -0.000000000000000000, -0.000000000000000000, -1.000000000000000000 ) ) ;
#1060 = FACE_OUTER_BOUND ( 'NONE', #7021, .T. ) ;
#1061 = EDGE_CURVE ( 'NONE', #4659, #1733, #4780, .T. ) ;
#1062 = ORIENTED_EDGE ( 'NONE', *, *, #6182, .T. ) ;
#1063 = DIRECTION ( 'NONE',  ( -1.000000000000000000, -0.000000000000000000, -0.000000000000000000 ) ) ;
#1064 = FACE_OUTER_BOUND ( 'NONE', #2368, .T. ) ;
#1065 = CARTESIAN_POINT ( 'NONE',  ( 29.69999999999999574, -28.49999999999998934, 0.000000000000000000 ) ) ;
#1066 = CARTESIAN_POINT ( 'NONE',  ( 12.75000000000019895, 25.99999999999997868, 2.000000000000000000 ) ) ;
#1067 = DIRECTION ( 'NONE',  ( -0.000000000000000000, -0.000000000000000000, -1.000000000000000000 ) ) ;
#1068 = ORIENTED_EDGE ( 'NONE', *, *, #7207, .F. ) ;
#1069 = ORIENTED_EDGE ( 'NONE', *, *, #4762, .F. ) ;
#1070 = LINE ( 'NONE', #1684, #5032 ) ;
#1071 = DIRECTION ( 'NONE',  ( 1.000000000000000000, 0.000000000000000000, -0.000000000000000000 ) ) ;
#1072 = CIRCLE ( 'NONE', #4111, 0.9999999999999940048 ) ;
#1073 = CYLINDRICAL_SURFACE ( 'NONE', #1369, 1.000000000000000888 ) ;
#1074 = VERTEX_POINT ( 'NONE', #7231 ) ;
#1075 = DIRECTION ( 'NONE',  ( 0.000000000000000000, 0.000000000000000000, 1.000000000000000000 ) ) ;
#1076 = ORIENTED_EDGE ( 'NONE', *, *, #7071, .T. ) ;
#1077 = VERTEX_POINT ( 'NONE', #1947 ) ;
#1078 = ORIENTED_EDGE ( 'NONE', *, *, #4935, .F. ) ;
#1079 = EDGE_CURVE ( 'NONE', #1988, #1125, #4158, .T. ) ;
#1080 = AXIS2_PLACEMENT_3D ( 'NONE', #6366, #4581, #1685 ) ;
#1081 = CARTESIAN_POINT ( 'NONE',  ( -6.249999999999797495, 11.99999999999998579, 0.000000000000000000 ) ) ;
#1082 = CARTESIAN_POINT ( 'NONE',  ( -30.75000000000000000, 43.99999999999998579, 2.000000000000000000 ) ) ;
#1083 = DIRECTION ( 'NONE',  ( 0.000000000000000000, -1.000000000000000000, 0.000000000000000000 ) ) ;
#1084 = DIRECTION ( 'NONE',  ( -0.000000000000000000, -0.000000000000000000, -1.000000000000000000 ) ) ;
#1085 = ORIENTED_EDGE ( 'NONE', *, *, #4982, .T. ) ;
#1086 = DIRECTION ( 'NONE',  ( -1.000000000000000000, 0.000000000000000000, 0.000000000000000000 ) ) ;
#1087 = ORIENTED_EDGE ( 'NONE', *, *, #3947, .F. ) ;
#1088 = VECTOR ( 'NONE', #6668, 1000.000000000000000 ) ;
#1089 = CARTESIAN_POINT ( 'NONE',  ( -44.25000000000000000, 30.99999999999998579, 2.000000000000000000 ) ) ;
#1090 = VECTOR ( 'NONE', #719, 1000.000000000000000 ) ;
#1091 = LINE ( 'NONE', #5136, #3980 ) ;
#1092 = CARTESIAN_POINT ( 'NONE',  ( -45.24999999999939604, -13.00000000000001066, 0.000000000000000000 ) ) ;
#1093 = EDGE_CURVE ( 'NONE', #6123, #3750, #1863, .T. ) ;
#1094 = AXIS2_PLACEMENT_3D ( 'NONE', #5395, #3524, #4826 ) ;
#1095 = VERTEX_POINT ( 'NONE', #6582 ) ;
#1096 = DIRECTION ( 'NONE',  ( 1.000000000000000000, 0.000000000000000000, 0.000000000000000000 ) ) ;
#1097 = CARTESIAN_POINT ( 'NONE',  ( -46.50000000000002842, -43.50000000000000000, 2.000000000000000000 ) ) ;
#1098 = DIRECTION ( 'NONE',  ( -0.000000000000000000, -0.000000000000000000, -1.000000000000000000 ) ) ;
#1099 = AXIS2_PLACEMENT_3D ( 'NONE', #1616, #1541, #2728 ) ;
#1100 = CARTESIAN_POINT ( 'NONE',  ( 12.75000000000039257, 6.999999999999978684, 0.000000000000000000 ) ) ;
#1101 = ADVANCED_FACE ( 'NONE', ( #7119 ), #4840, .F. ) ;
#1102 = CARTESIAN_POINT ( 'NONE',  ( 25.25000000000019540, 24.99999999999998579, 2.000000000000000000 ) ) ;
#1103 = ADVANCED_FACE ( 'NONE', ( #791 ), #3579, .T. ) ;
#1104 = ORIENTED_EDGE ( 'NONE', *, *, #3628, .T. ) ;
#1105 = ADVANCED_FACE ( 'NONE', ( #3011 ), #7082, .T. ) ;
#1106 = ADVANCED_FACE ( 'NONE', ( #2442 ), #4259, .F. ) ;
#1107 = ORIENTED_EDGE ( 'NONE', *, *, #1519, .T. ) ;
#1108 = PLANE ( 'NONE',  #7503 ) ;
#1109 = DIRECTION ( 'NONE',  ( 1.000000000000000000, 0.000000000000000000, 0.000000000000000000 ) ) ;
#1110 = PLANE ( 'NONE',  #4656 ) ;
#1111 = AXIS2_PLACEMENT_3D ( 'NONE', #6762, #2089, #4943 ) ;
#1112 = EDGE_LOOP ( 'NONE', ( #2626, #6725, #7436, #3463 ) ) ;
#1113 = DIRECTION ( 'NONE',  ( 0.000000000000000000, 0.000000000000000000, 1.000000000000000000 ) ) ;
#1114 = CIRCLE ( 'NONE', #6129, 0.9999999999999940048 ) ;
#1115 = ORIENTED_EDGE ( 'NONE', *, *, #5954, .F. ) ;
#1116 = CIRCLE ( 'NONE', #6716, 0.9999999999999940048 ) ;
#1117 = EDGE_LOOP ( 'NONE', ( #322, #3144, #887, #185 ) ) ;
#1118 = EDGE_LOOP ( 'NONE', ( #6036, #616, #4233, #4401 ) ) ;
#1119 = DIRECTION ( 'NONE',  ( -0.000000000000000000, -0.000000000000000000, -1.000000000000000000 ) ) ;
#1120 = PRODUCT_DEFINITION_FORMATION_WITH_SPECIFIED_SOURCE ( 'ANY', '', #7022, .NOT_KNOWN. ) ;
#1121 = DIRECTION ( 'NONE',  ( 0.000000000000000000, 0.000000000000000000, 1.000000000000000000 ) ) ;
#1122 = CARTESIAN_POINT ( 'NONE',  ( 46.49999999999998579, 43.49999999999998579, 2.000000000000000000 ) ) ;
#1123 = ORIENTED_EDGE ( 'NONE', *, *, #2928, .T. ) ;
#1124 = CARTESIAN_POINT ( 'NONE',  ( 44.25000000000000000, 44.99999999999997868, 2.000000000000000000 ) ) ;
#1125 = VERTEX_POINT ( 'NONE', #3652 ) ;
#1126 = DIRECTION ( 'NONE',  ( -1.000000000000000000, 0.000000000000000000, 0.000000000000000000 ) ) ;
#1127 = ORIENTED_EDGE ( 'NONE', *, *, #2134, .T. ) ;
#1128 = ORIENTED_EDGE ( 'NONE', *, *, #5496, .F. ) ;
#1129 = CARTESIAN_POINT ( 'NONE',  ( -31.75000000000000000, 31.99999999999998579, 2.000000000000000000 ) ) ;
#1130 = CARTESIAN_POINT ( 'NONE',  ( -6.249999999999797495, 25.99999999999997868, 0.000000000000000000 ) ) ;
#1131 = VECTOR ( 'NONE', #3236, 1000.000000000000000 ) ;
#1132 = PRESENTATION_STYLE_ASSIGNMENT (( #7454 ) ) ;
#1133 = AXIS2_PLACEMENT_3D ( 'NONE', #4811, #3212, #315 ) ;
#1134 = ORIENTED_EDGE ( 'NONE', *, *, #1582, .F. ) ;
#1135 = EDGE_CURVE ( 'NONE', #4671, #6303, #4403, .T. ) ;
#1136 = ADVANCED_FACE ( 'NONE', ( #4189 ), #2595, .F. ) ;
#1137 = LINE ( 'NONE', #7039, #4152 ) ;
#1138 = FACE_OUTER_BOUND ( 'NONE', #4115, .T. ) ;
#1139 = DIRECTION ( 'NONE',  ( 0.000000000000000000, 0.000000000000000000, 1.000000000000000000 ) ) ;
#1140 = ORIENTED_EDGE ( 'NONE', *, *, #5716, .T. ) ;
#1141 = FACE_BOUND ( 'NONE', #4963, .T. ) ;
#1142 = CARTESIAN_POINT ( 'NONE',  ( -7.249999999999992895, 43.99999999999998579, 2.000000000000000000 ) ) ;
#1143 = ORIENTED_EDGE ( 'NONE', *, *, #3672, .T. ) ;
#1144 = EDGE_LOOP ( 'NONE', ( #944, #2040, #1459, #1927 ) ) ;
#1145 = CIRCLE ( 'NONE', #2372, 0.9999999999999940048 ) ;
#1146 = EDGE_LOOP ( 'NONE', ( #2077, #769, #4326, #6758 ) ) ;
#1147 = DIRECTION ( 'NONE',  ( 1.000000000000000000, 0.000000000000000000, 0.000000000000000000 ) ) ;
#1148 = CYLINDRICAL_SURFACE ( 'NONE', #485, 1.000000000000000888 ) ;
#1149 = FACE_OUTER_BOUND ( 'NONE', #2026, .T. ) ;
#1150 = EDGE_CURVE ( 'NONE', #396, #4717, #4651, .T. ) ;
#1151 = ORIENTED_EDGE ( 'NONE', *, *, #604, .F. ) ;
#1152 = CARTESIAN_POINT ( 'NONE',  ( 12.75000000000019895, 11.99999999999998579, 0.000000000000000000 ) ) ;
#1153 = VERTEX_POINT ( 'NONE', #6511 ) ;
#1154 = ADVANCED_FACE ( 'NONE', ( #5941 ), #6547, .F. ) ;
#1155 = ORIENTED_EDGE ( 'NONE', *, *, #464, .T. ) ;
#1156 = EDGE_CURVE ( 'NONE', #2616, #6025, #6470, .T. ) ;
#1157 = ORIENTED_EDGE ( 'NONE', *, *, #5855, .T. ) ;
#1158 = CARTESIAN_POINT ( 'NONE',  ( -11.74999999999980282, 12.99999999999998757, 0.000000000000000000 ) ) ;
#1159 = LINE ( 'NONE', #6941, #1868 ) ;
#1160 = LINE ( 'NONE', #4557, #277 ) ;
#1161 = LINE ( 'NONE', #710, #4706 ) ;
#1162 = VERTEX_POINT ( 'NONE', #6166 ) ;
#1163 = DIRECTION ( 'NONE',  ( -0.000000000000000000, -0.000000000000000000, -1.000000000000000000 ) ) ;
#1164 = ORIENTED_EDGE ( 'NONE', *, *, #4870, .F. ) ;
#1165 = CARTESIAN_POINT ( 'NONE',  ( 12.75000000000019895, 11.99999999999998579, 2.000000000000000000 ) ) ;
#1166 = ORIENTED_EDGE ( 'NONE', *, *, #1383, .F. ) ;
#1167 = AXIS2_PLACEMENT_3D ( 'NONE', #1602, #917, #2720 ) ;
#1168 = CARTESIAN_POINT ( 'NONE',  ( -31.74999999999960565, -7.000000000000015099, 0.000000000000000000 ) ) ;
#1169 = DIRECTION ( 'NONE',  ( -0.000000000000000000, -0.000000000000000000, -1.000000000000000000 ) ) ;
#1170 = CARTESIAN_POINT ( 'NONE',  ( 11.75000000000039968, 5.999999999999984901, 2.000000000000000000 ) ) ;
#1171 = VECTOR ( 'NONE', #2098, 1000.000000000000000 ) ;
#1172 = CYLINDRICAL_SURFACE ( 'NONE', #2845, 0.9999999999999974465 ) ;
#1173 = ORIENTED_EDGE ( 'NONE', *, *, #4347, .F. ) ;
#1174 = LINE ( 'NONE', #5263, #7190 ) ;
#1175 = VECTOR ( 'NONE', #2892, 1000.000000000000000 ) ;
#1176 = DIRECTION ( 'NONE',  ( 0.000000000000000000, -0.000000000000000000, -1.000000000000000000 ) ) ;
#1177 = CARTESIAN_POINT ( 'NONE',  ( -26.24999999999999289, 31.99999999999998579, 2.000000000000000000 ) ) ;
#1178 = FACE_BOUND ( 'NONE', #1581, .T. ) ;
#1179 = DIRECTION ( 'NONE',  ( -0.000000000000000000, -0.000000000000000000, -1.000000000000000000 ) ) ;
#1180 = EDGE_CURVE ( 'NONE', #24, #6303, #2095, .T. ) ;
#1181 = ORIENTED_EDGE ( 'NONE', *, *, #1816, .T. ) ;
#1182 = VECTOR ( 'NONE', #3001, 1000.000000000000000 ) ;
#1183 = ADVANCED_FACE ( 'NONE', ( #3347 ), #945, .F. ) ;
#1184 = ORIENTED_EDGE ( 'NONE', *, *, #4695, .T. ) ;
#1185 = CARTESIAN_POINT ( 'NONE',  ( 26.24999999999999645, 31.99999999999998579, 2.000000000000000000 ) ) ;
#1186 = PLANE ( 'NONE',  #3165 ) ;
#1187 = AXIS2_PLACEMENT_3D ( 'NONE', #2407, #5711, #3461 ) ;
#1188 = LINE ( 'NONE', #7094, #6051 ) ;
#1189 = ORIENTED_EDGE ( 'NONE', *, *, #5708, .F. ) ;
#1190 = CARTESIAN_POINT ( 'NONE',  ( 26.25000000000078870, -32.00000000000001421, 0.000000000000000000 ) ) ;
#1191 = EDGE_LOOP ( 'NONE', ( #1449, #4589, #5413, #1508 ) ) ;
#1192 = ADVANCED_FACE ( 'NONE', ( #3277 ), #420, .T. ) ;
#1193 = ORIENTED_EDGE ( 'NONE', *, *, #6186, .F. ) ;
#1194 = CIRCLE ( 'NONE', #231, 1.000000000000000888 ) ;
#1195 = ORIENTED_EDGE ( 'NONE', *, *, #1706, .T. ) ;
#1196 = PLANE ( 'NONE',  #6711 ) ;
#1197 = LINE ( 'NONE', #7510, #5135 ) ;
#1198 = CARTESIAN_POINT ( 'NONE',  ( 26.25000000000058975, -13.00000000000001066, 0.000000000000000000 ) ) ;
#1199 = LINE ( 'NONE', #7279, #85 ) ;
#1200 = ADVANCED_FACE ( 'NONE', ( #6769 ), #5520, .F. ) ;
#1201 = ORIENTED_EDGE ( 'NONE', *, *, #5903, .F. ) ;
#1202 = FACE_OUTER_BOUND ( 'NONE', #3979, .T. ) ;
#1203 = ORIENTED_EDGE ( 'NONE', *, *, #1589, .T. ) ;
#1204 = EDGE_CURVE ( 'NONE', #5306, #4616, #6093, .T. ) ;
#1205 = FACE_OUTER_BOUND ( 'NONE', #2008, .T. ) ;
#1206 = ADVANCED_FACE ( 'NONE', ( #2164 ), #3238, .F. ) ;
#1207 = EDGE_LOOP ( 'NONE', ( #3786, #6229, #2798, #7127 ) ) ;
#1208 = CARTESIAN_POINT ( 'NONE',  ( -44.25000000000000000, 44.99999999999997868, 2.000000000000000000 ) ) ;
#1209 = ADVANCED_FACE ( 'NONE', ( #5023 ), #4988, .T. ) ;
#1210 = CARTESIAN_POINT ( 'NONE',  ( 25.24999999999999289, 30.99999999999998579, 2.000000000000000000 ) ) ;
#1211 = CYLINDRICAL_SURFACE ( 'NONE', #3168, 0.9999999999999940048 ) ;
#1212 = DIRECTION ( 'NONE',  ( 0.000000000000000000, -1.000000000000000000, 0.000000000000000000 ) ) ;
#1213 = CIRCLE ( 'NONE', #1703, 0.9999999999999974465 ) ;
#1214 = AXIS2_PLACEMENT_3D ( 'NONE', #3992, #4607, #2284 ) ;
#1215 = ORIENTED_EDGE ( 'NONE', *, *, #5799, .F. ) ;
#1216 = DIRECTION ( 'NONE',  ( 0.000000000000000000, 0.000000000000000000, 1.000000000000000000 ) ) ;
#1217 = CYLINDRICAL_SURFACE ( 'NONE', #2540, 0.9999999999999940048 ) ;
#1218 = DIRECTION ( 'NONE',  ( 0.000000000000000000, 1.000000000000000000, 0.000000000000000000 ) ) ;
#1219 = PLANE ( 'NONE',  #2281 ) ;
#1220 = LINE ( 'NONE', #7086, #6164 ) ;
#1221 = VECTOR ( 'NONE', #712, 1000.000000000000000 ) ;
#1222 = ORIENTED_EDGE ( 'NONE', *, *, #6033, .F. ) ;
#1223 = VERTEX_POINT ( 'NONE', #4416 ) ;
#1224 = ORIENTED_EDGE ( 'NONE', *, *, #3181, .T. ) ;
#1225 = CARTESIAN_POINT ( 'NONE',  ( 11.75000000000060041, -13.00000000000001066, 2.000000000000000000 ) ) ;
#1226 = VECTOR ( 'NONE', #6757, 1000.000000000000000 ) ;
#1227 = FACE_OUTER_BOUND ( 'NONE', #6002, .T. ) ;
#1228 = PLANE ( 'NONE',  #4098 ) ;
#1229 = ORIENTED_EDGE ( 'NONE', *, *, #5160, .F. ) ;
#1230 = CARTESIAN_POINT ( 'NONE',  ( 12.75000000000039257, -6.000000000000012434, 2.000000000000000000 ) ) ;
#1231 = AXIS2_PLACEMENT_3D ( 'NONE', #7001, #4190, #84 ) ;
#1232 = ORIENTED_EDGE ( 'NONE', *, *, #3654, .T. ) ;
#1233 = ORIENTED_EDGE ( 'NONE', *, *, #1397, .T. ) ;
#1234 = VERTEX_POINT ( 'NONE', #4450 ) ;
#1235 = LINE ( 'NONE', #105, #5339 ) ;
#1236 = AXIS2_PLACEMENT_3D ( 'NONE', #1711, #3537, #5871 ) ;
#1237 = EDGE_CURVE ( 'NONE', #3228, #2573, #7321, .T. ) ;
#1238 = DIRECTION ( 'NONE',  ( -0.000000000000000000, 1.000000000000000000, -0.000000000000000000 ) ) ;
#1239 = CARTESIAN_POINT ( 'NONE',  ( 6.250000000000199840, 24.99999999999998579, 2.000000000000000000 ) ) ;
#1240 = ORIENTED_EDGE ( 'NONE', *, *, #5238, .F. ) ;
#1241 = VECTOR ( 'NONE', #6798, 1000.000000000000000 ) ;
#1242 = DIRECTION ( 'NONE',  ( -0.000000000000000000, -0.000000000000000000, -1.000000000000000000 ) ) ;
#1243 = ORIENTED_EDGE ( 'NONE', *, *, #1589, .F. ) ;
#1244 = EDGE_CURVE ( 'NONE', #4669, #5199, #5287, .T. ) ;
#1245 = CARTESIAN_POINT ( 'NONE',  ( 31.75000000000000000, 30.99999999999998579, 2.000000000000000000 ) ) ;
#1246 = ORIENTED_EDGE ( 'NONE', *, *, #5160, .T. ) ;
#1247 = CIRCLE ( 'NONE', #3322, 0.9999999999999940048 ) ;
#1248 = AXIS2_PLACEMENT_3D ( 'NONE', #1038, #5689, #1576 ) ;
#1249 = DIRECTION ( 'NONE',  ( 0.000000000000000000, 0.000000000000000000, 1.000000000000000000 ) ) ;
#1250 = EDGE_CURVE ( 'NONE', #3289, #3029, #2003, .T. ) ;
#1251 = AXIS2_PLACEMENT_3D ( 'NONE', #3447, #3374, #521 ) ;
#1252 = LINE ( 'NONE', #7075, #1058 ) ;
#1253 = CIRCLE ( 'NONE', #1498, 0.9999999999999940048 ) ;
#1254 = LINE ( 'NONE', #4102, #131 ) ;
#1255 = EDGE_CURVE ( 'NONE', #382, #4306, #3574, .T. ) ;
#1256 = VERTEX_POINT ( 'NONE', #6804 ) ;
#1257 = CARTESIAN_POINT ( 'NONE',  ( 46.50000000000000000, -43.50000000000001421, 2.000000000000000000 ) ) ;
#1258 = ADVANCED_FACE ( 'NONE', ( #2670 ), #1592, .T. ) ;
#1259 = ORIENTED_EDGE ( 'NONE', *, *, #2602, .T. ) ;
#1260 = EDGE_CURVE ( 'NONE', #4203, #2047, #1020, .T. ) ;
#1261 = CARTESIAN_POINT ( 'NONE',  ( -26.24999999999959144, 5.999999999999984901, 2.000000000000000000 ) ) ;
#1262 = DIRECTION ( 'NONE',  ( 0.000000000000000000, 0.000000000000000000, 1.000000000000000000 ) ) ;
#1263 = CARTESIAN_POINT ( 'NONE',  ( 11.75000000000000355, 43.99999999999998579, 2.000000000000000000 ) ) ;
#1264 = AXIS2_PLACEMENT_3D ( 'NONE', #6731, #2740, #5476 ) ;
#1265 = CARTESIAN_POINT ( 'NONE',  ( 7.249999999999999112, 31.99999999999998579, 2.000000000000000000 ) ) ;
#1266 = CARTESIAN_POINT ( 'NONE',  ( -44.25000000000000000, 43.99999999999998579, 2.000000000000000000 ) ) ;
#1267 = ORIENTED_EDGE ( 'NONE', *, *, #699, .T. ) ;
#1268 = EDGE_CURVE ( 'NONE', #666, #6752, #180, .T. ) ;
#1269 = ORIENTED_EDGE ( 'NONE', *, *, #910, .T. ) ;
#1270 = LINE ( 'NONE', #5915, #6613 ) ;
#1271 = VERTEX_POINT ( 'NONE', #6694 ) ;
#1272 = FACE_OUTER_BOUND ( 'NONE', #2812, .T. ) ;
#1273 = AXIS2_PLACEMENT_3D ( 'NONE', #2633, #7266, #6659 ) ;
#1274 = CARTESIAN_POINT ( 'NONE',  ( 30.75000000000020250, 24.99999999999998579, 2.000000000000000000 ) ) ;
#1275 = ORIENTED_EDGE ( 'NONE', *, *, #5058, .F. ) ;
#1276 = CARTESIAN_POINT ( 'NONE',  ( 11.75000000000080114, -32.00000000000001421, 0.000000000000000000 ) ) ;
#1277 = ORIENTED_EDGE ( 'NONE', *, *, #6742, .T. ) ;
#1278 = EDGE_LOOP ( 'NONE', ( #2878, #5772, #7111, #6518 ) ) ;
#1279 = VERTEX_POINT ( 'NONE', #3841 ) ;
#1280 = DIRECTION ( 'NONE',  ( -0.000000000000000000, -0.000000000000000000, -1.000000000000000000 ) ) ;
#1281 = CIRCLE ( 'NONE', #1636, 1.000000000000000888 ) ;
#1282 = DIRECTION ( 'NONE',  ( -0.000000000000000000, 0.000000000000000000, -1.000000000000000000 ) ) ;
#1283 = DIRECTION ( 'NONE',  ( -0.000000000000000000, -0.000000000000000000, -1.000000000000000000 ) ) ;
#1284 = ORIENTED_EDGE ( 'NONE', *, *, #7007, .T. ) ;
#1285 = DIRECTION ( 'NONE',  ( 0.000000000000000000, -0.000000000000000000, -1.000000000000000000 ) ) ;
#1286 = ORIENTED_EDGE ( 'NONE', *, *, #1013, .F. ) ;
#1287 = ORIENTED_EDGE ( 'NONE', *, *, #5244, .F. ) ;
#1288 = CARTESIAN_POINT ( 'NONE',  ( -6.249999999999602984, 6.999999999999978684, 0.000000000000000000 ) ) ;
#1289 = ADVANCED_FACE ( 'NONE', ( #1443 ), #3768, .T. ) ;
#1290 = CARTESIAN_POINT ( 'NONE',  ( -45.24999999999959499, -6.000000000000012434, 0.000000000000000000 ) ) ;
#1291 = LINE ( 'NONE', #1329, #3046 ) ;
#1292 = EDGE_CURVE ( 'NONE', #2341, #3813, #5254, .T. ) ;
#1293 = DIRECTION ( 'NONE',  ( -1.000000000000000000, -0.000000000000000000, -0.000000000000000000 ) ) ;
#1294 = AXIS2_PLACEMENT_3D ( 'NONE', #1456, #6146, #6071 ) ;
#1295 = LINE ( 'NONE', #6019, #3080 ) ;
#1296 = DIRECTION ( 'NONE',  ( -0.000000000000000000, -0.000000000000000000, -1.000000000000000000 ) ) ;
#1297 = AXIS2_PLACEMENT_3D ( 'NONE', #556, #2882, #4632 ) ;
#1298 = CARTESIAN_POINT ( 'NONE',  ( 31.75000000000059686, -13.00000000000001066, 0.000000000000000000 ) ) ;
#1299 = PLANE ( 'NONE',  #3973 ) ;
#1300 = EDGE_CURVE ( 'NONE', #1347, #2601, #640, .T. ) ;
#1301 = EDGE_LOOP ( 'NONE', ( #1039, #1386, #1181, #1306 ) ) ;
#1302 = CIRCLE ( 'NONE', #4220, 0.9999999999999940048 ) ;
#1303 = AXIS2_PLACEMENT_3D ( 'NONE', #6247, #1031, #3357 ) ;
#1304 = ORIENTED_EDGE ( 'NONE', *, *, #2167, .F. ) ;
#1305 = PLANE ( 'NONE',  #2848 ) ;
#1306 = ORIENTED_EDGE ( 'NONE', *, *, #2005, .T. ) ;
#1307 = PLANE ( 'NONE',  #3231 ) ;
#1308 = LINE ( 'NONE', #2455, #6921 ) ;
#1309 = VECTOR ( 'NONE', #5943, 1000.000000000000000 ) ;
#1310 = PLANE ( 'NONE',  #339 ) ;
#1311 = CIRCLE ( 'NONE', #4590, 0.9999999999999940048 ) ;
#1312 = ORIENTED_EDGE ( 'NONE', *, *, #5988, .T. ) ;
#1313 = CARTESIAN_POINT ( 'NONE',  ( 44.25000000000000000, 44.99999999999997868, 2.000000000000000000 ) ) ;
#1314 = ORIENTED_EDGE ( 'NONE', *, *, #6482, .F. ) ;
#1315 = ORIENTED_EDGE ( 'NONE', *, *, #3116, .T. ) ;
#1316 = ORIENTED_EDGE ( 'NONE', *, *, #3812, .T. ) ;
#1317 = DIRECTION ( 'NONE',  ( -1.000000000000000000, 0.000000000000000000, 0.000000000000000000 ) ) ;
#1318 = AXIS2_PLACEMENT_3D ( 'NONE', #5580, #2219, #5613 ) ;
#1319 = FACE_OUTER_BOUND ( 'NONE', #291, .T. ) ;
#1320 = VERTEX_POINT ( 'NONE', #7521 ) ;
#1321 = FACE_OUTER_BOUND ( 'NONE', #2993, .T. ) ;
#1322 = ORIENTED_EDGE ( 'NONE', *, *, #3402, .T. ) ;
#1323 = CARTESIAN_POINT ( 'NONE',  ( -7.249999999999194422, -44.00000000000001421, 2.000000000000000000 ) ) ;
#1324 = EDGE_CURVE ( 'NONE', #4394, #200, #603, .T. ) ;
#1325 = CARTESIAN_POINT ( 'NONE',  ( -7.249999999999194422, -44.00000000000001421, 0.000000000000000000 ) ) ;
#1326 = DIRECTION ( 'NONE',  ( -0.000000000000000000, -0.000000000000000000, -1.000000000000000000 ) ) ;
#1327 = VECTOR ( 'NONE', #2042, 1000.000000000000000 ) ;
#1328 = DIRECTION ( 'NONE',  ( -0.000000000000000000, -0.000000000000000000, -1.000000000000000000 ) ) ;
#1329 = CARTESIAN_POINT ( 'NONE',  ( 7.250000000000595968, -25.00000000000000711, 2.000000000000000000 ) ) ;
#1330 = CARTESIAN_POINT ( 'NONE',  ( 7.249999999999999112, 43.99999999999998579, 2.000000000000000000 ) ) ;
#1331 = DIRECTION ( 'NONE',  ( 0.000000000000000000, 0.000000000000000000, 1.000000000000000000 ) ) ;
#1332 = CARTESIAN_POINT ( 'NONE',  ( 12.75000000000059330, -26.00000000000001066, 2.000000000000000000 ) ) ;
#1333 = LINE ( 'NONE', #3618, #6887 ) ;
#1334 = DIRECTION ( 'NONE',  ( -1.000000000000000000, 0.000000000000000000, 0.000000000000000000 ) ) ;
#1335 = ORIENTED_EDGE ( 'NONE', *, *, #7334, .T. ) ;
#1336 = VERTEX_POINT ( 'NONE', #3456 ) ;
#1337 = VERTEX_POINT ( 'NONE', #6305 ) ;
#1338 = CARTESIAN_POINT ( 'NONE',  ( 26.25000000000059330, -25.00000000000000711, 2.000000000000000000 ) ) ;
#1339 = CARTESIAN_POINT ( 'NONE',  ( -26.24999999999939604, -13.00000000000001066, 2.000000000000000000 ) ) ;
#1340 = ADVANCED_FACE ( 'NONE', ( #1704 ), #41, .F. ) ;
#1341 = DIRECTION ( 'NONE',  ( -0.000000000000000000, -0.000000000000000000, -1.000000000000000000 ) ) ;
#1342 = AXIS2_PLACEMENT_3D ( 'NONE', #5548, #4938, #6643 ) ;
#1343 = ADVANCED_FACE ( 'NONE', ( #3495 ), #3419, .F. ) ;
#1344 = EDGE_CURVE ( 'NONE', #6686, #6436, #5978, .T. ) ;
#1345 = CARTESIAN_POINT ( 'NONE',  ( -6.249999999999602984, -7.000000000000013323, 2.000000000000000000 ) ) ;
#1346 = EDGE_CURVE ( 'NONE', #73, #3137, #1783, .T. ) ;
#1347 = VERTEX_POINT ( 'NONE', #4100 ) ;
#1348 = LINE ( 'NONE', #3669, #6713 ) ;
#1349 = VERTEX_POINT ( 'NONE', #6951 ) ;
#1350 = VECTOR ( 'NONE', #3513, 1000.000000000000000 ) ;
#1351 = ORIENTED_EDGE ( 'NONE', *, *, #3907, .T. ) ;
#1352 = ORIENTED_EDGE ( 'NONE', *, *, #3555, .T. ) ;
#1353 = CARTESIAN_POINT ( 'NONE',  ( -25.24999999999940314, -26.00000000000001066, 0.000000000000000000 ) ) ;
#1354 = EDGE_CURVE ( 'NONE', #2919, #918, #3303, .T. ) ;
#1355 = LINE ( 'NONE', #6006, #2100 ) ;
#1356 = AXIS2_PLACEMENT_3D ( 'NONE', #6674, #6110, #3748 ) ;
#1357 = EDGE_LOOP ( 'NONE', ( #967, #2152, #3007, #970 ) ) ;
#1358 = LINE ( 'NONE', #3267, #5598 ) ;
#1359 = ORIENTED_EDGE ( 'NONE', *, *, #6546, .F. ) ;
#1360 = DIRECTION ( 'NONE',  ( 0.000000000000000000, -0.000000000000000000, -1.000000000000000000 ) ) ;
#1361 = ORIENTED_EDGE ( 'NONE', *, *, #3961, .F. ) ;
#1362 = CIRCLE ( 'NONE', #6340, 0.9999999999999974465 ) ;
#1363 = CARTESIAN_POINT ( 'NONE',  ( -25.24999999999959854, 6.999999999999978684, 0.000000000000000000 ) ) ;
#1364 = CIRCLE ( 'NONE', #634, 0.9999999999999974465 ) ;
#1365 = DIRECTION ( 'NONE',  ( -0.000000000000000000, -0.000000000000000000, -1.000000000000000000 ) ) ;
#1366 = CARTESIAN_POINT ( 'NONE',  ( -25.24999999999959854, -7.000000000000013323, 0.000000000000000000 ) ) ;
#1367 = LINE ( 'NONE', #1872, #6343 ) ;
#1368 = VECTOR ( 'NONE', #3987, 1000.000000000000000 ) ;
#1369 = AXIS2_PLACEMENT_3D ( 'NONE', #3471, #2797, #3401 ) ;
#1370 = VECTOR ( 'NONE', #6660, 1000.000000000000000 ) ;
#1371 = DIRECTION ( 'NONE',  ( -1.000000000000000000, 0.000000000000000000, 0.000000000000000000 ) ) ;
#1372 = LINE ( 'NONE', #3204, #2205 ) ;
#1373 = FACE_OUTER_BOUND ( 'NONE', #6359, .T. ) ;
#1374 = AXIS2_PLACEMENT_3D ( 'NONE', #3566, #637, #6421 ) ;
#1375 = DIRECTION ( 'NONE',  ( 0.000000000000000000, 0.000000000000000000, 1.000000000000000000 ) ) ;
#1376 = ORIENTED_EDGE ( 'NONE', *, *, #3056, .F. ) ;
#1377 = EDGE_CURVE ( 'NONE', #2240, #3179, #564, .T. ) ;
#1378 = EDGE_CURVE ( 'NONE', #5225, #5358, #6579, .T. ) ;
#1379 = ORIENTED_EDGE ( 'NONE', *, *, #2115, .T. ) ;
#1380 = FACE_OUTER_BOUND ( 'NONE', #7272, .T. ) ;
#1381 = DIRECTION ( 'NONE',  ( -0.000000000000000000, 1.000000000000000000, -0.000000000000000000 ) ) ;
#1382 = FACE_OUTER_BOUND ( 'NONE', #950, .T. ) ;
#1383 = EDGE_CURVE ( 'NONE', #7213, #109, #6873, .T. ) ;
#1384 = EDGE_CURVE ( 'NONE', #4634, #4652, #495, .T. ) ;
#1385 = DIRECTION ( 'NONE',  ( -0.000000000000000000, -0.000000000000000000, -1.000000000000000000 ) ) ;
#1386 = ORIENTED_EDGE ( 'NONE', *, *, #6821, .F. ) ;
#1387 = CARTESIAN_POINT ( 'NONE',  ( -25.24999999999959854, 6.999999999999978684, 2.000000000000000000 ) ) ;
#1388 = ORIENTED_EDGE ( 'NONE', *, *, #1672, .F. ) ;
#1389 = VECTOR ( 'NONE', #6892, 1000.000000000000000 ) ;
#1390 = ORIENTED_EDGE ( 'NONE', *, *, #4682, .F. ) ;
#1391 = EDGE_LOOP ( 'NONE', ( #3243, #6555, #4342, #2118 ) ) ;
#1392 = CARTESIAN_POINT ( 'NONE',  ( -7.249999999999992895, 43.99999999999998579, 0.000000000000000000 ) ) ;
#1393 = CARTESIAN_POINT ( 'NONE',  ( -7.249999999999596767, -6.000000000000012434, 0.000000000000000000 ) ) ;
#1394 = ORIENTED_EDGE ( 'NONE', *, *, #1015, .T. ) ;
#1395 = LINE ( 'NONE', #3833, #5975 ) ;
#1396 = VERTEX_POINT ( 'NONE', #6384 ) ;
#1397 = EDGE_CURVE ( 'NONE', #1223, #1891, #2926, .T. ) ;
#1398 = VERTEX_POINT ( 'NONE', #6269 ) ;
#1399 = VERTEX_POINT ( 'NONE', #1168 ) ;
#1400 = AXIS2_PLACEMENT_3D ( 'NONE', #3645, #5974, #4798 ) ;
#1401 = DIRECTION ( 'NONE',  ( -0.000000000000000000, -0.000000000000000000, -1.000000000000000000 ) ) ;
#1402 = DIRECTION ( 'NONE',  ( -0.000000000000000000, -0.000000000000000000, -1.000000000000000000 ) ) ;
#1403 = DIRECTION ( 'NONE',  ( -0.000000000000000000, -0.000000000000000000, -1.000000000000000000 ) ) ;
#1404 = CYLINDRICAL_SURFACE ( 'NONE', #4776, 0.9999999999999974465 ) ;
#1405 = DIRECTION ( 'NONE',  ( 0.000000000000000000, 0.000000000000000000, 1.000000000000000000 ) ) ;
#1406 = LINE ( 'NONE', #3731, #3558 ) ;
#1407 = DIRECTION ( 'NONE',  ( 0.000000000000000000, 0.000000000000000000, 1.000000000000000000 ) ) ;
#1408 = CARTESIAN_POINT ( 'NONE',  ( 11.75000000000080114, -32.00000000000001421, 2.000000000000000000 ) ) ;
#1409 = ORIENTED_EDGE ( 'NONE', *, *, #5026, .F. ) ;
#1410 = VERTEX_POINT ( 'NONE', #3530 ) ;
#1411 = LINE ( 'NONE', #3057, #3336 ) ;
#1412 = CIRCLE ( 'NONE', #2640, 0.9999999999999940048 ) ;
#1413 = DIRECTION ( 'NONE',  ( 0.000000000000000000, 1.000000000000000000, 0.000000000000000000 ) ) ;
#1414 = CARTESIAN_POINT ( 'NONE',  ( -31.74999999999960565, -6.000000000000012434, 2.000000000000000000 ) ) ;
#1415 = EDGE_CURVE ( 'NONE', #5047, #423, #5078, .T. ) ;
#1416 = DIRECTION ( 'NONE',  ( 1.000000000000000000, 0.000000000000000000, 0.000000000000000000 ) ) ;
#1417 = LINE ( 'NONE', #6107, #2647 ) ;
#1418 = DIRECTION ( 'NONE',  ( -0.000000000000000000, -0.000000000000000000, -1.000000000000000000 ) ) ;
#1419 = ORIENTED_EDGE ( 'NONE', *, *, #2280, .T. ) ;
#1420 = PLANE ( 'NONE',  #25 ) ;
#1421 = CIRCLE ( 'NONE', #1787, 0.9999999999999940048 ) ;
#1422 = ORIENTED_EDGE ( 'NONE', *, *, #3628, .F. ) ;
#1423 = ORIENTED_EDGE ( 'NONE', *, *, #4593, .T. ) ;
#1424 = ORIENTED_EDGE ( 'NONE', *, *, #4870, .T. ) ;
#1425 = DIRECTION ( 'NONE',  ( -0.000000000000000000, -0.000000000000000000, -1.000000000000000000 ) ) ;
#1426 = VECTOR ( 'NONE', #1925, 1000.000000000000000 ) ;
#1427 = AXIS2_PLACEMENT_3D ( 'NONE', #6160, #3689, #4983 ) ;
#1428 = FACE_OUTER_BOUND ( 'NONE', #3074, .T. ) ;
#1429 = EDGE_LOOP ( 'NONE', ( #551, #2344, #3923, #5001, #4785, #7220, #3641, #5593 ) ) ;
#1430 = DIRECTION ( 'NONE',  ( -0.000000000000000000, -0.000000000000000000, -1.000000000000000000 ) ) ;
#1431 = ORIENTED_EDGE ( 'NONE', *, *, #7109, .T. ) ;
#1432 = EDGE_CURVE ( 'NONE', #4394, #2919, #2856, .T. ) ;
#1433 = ORIENTED_EDGE ( 'NONE', *, *, #5214, .T. ) ;
#1434 = ORIENTED_EDGE ( 'NONE', *, *, #2320, .T. ) ;
#1435 = FACE_OUTER_BOUND ( 'NONE', #3372, .T. ) ;
#1436 = CIRCLE ( 'NONE', #3499, 0.9999999999999974465 ) ;
#1437 = CARTESIAN_POINT ( 'NONE',  ( 12.75000000000059330, -13.00000000000001066, 2.000000000000000000 ) ) ;
#1438 = EDGE_CURVE ( 'NONE', #7194, #5768, #6912, .T. ) ;
#1439 = EDGE_CURVE ( 'NONE', #6664, #6259, #3990, .T. ) ;
#1440 = FACE_OUTER_BOUND ( 'NONE', #6478, .T. ) ;
#1441 = CARTESIAN_POINT ( 'NONE',  ( 12.75000000000039257, 6.999999999999978684, 2.000000000000000000 ) ) ;
#1442 = VECTOR ( 'NONE', #5963, 1000.000000000000000 ) ;
#1443 = FACE_OUTER_BOUND ( 'NONE', #5235, .T. ) ;
#1444 = CARTESIAN_POINT ( 'NONE',  ( 26.24999999999999289, 43.99999999999998579, 2.000000000000000000 ) ) ;
#1445 = CARTESIAN_POINT ( 'NONE',  ( 31.75000000000019540, 25.99999999999997868, 2.000000000000000000 ) ) ;
#1446 = CARTESIAN_POINT ( 'NONE',  ( 25.25000000000039080, 5.999999999999984901, 0.000000000000000000 ) ) ;
#1447 = ORIENTED_EDGE ( 'NONE', *, *, #1344, .F. ) ;
#1448 = CIRCLE ( 'NONE', #7517, 0.9999999999999974465 ) ;
#1449 = ORIENTED_EDGE ( 'NONE', *, *, #4135, .F. ) ;
#1450 = VERTEX_POINT ( 'NONE', #3115 ) ;
#1451 = CARTESIAN_POINT ( 'NONE',  ( 6.250000000000394351, -7.000000000000013323, 2.000000000000000000 ) ) ;
#1452 = DIRECTION ( 'NONE',  ( -1.000000000000000000, 0.000000000000000000, 0.000000000000000000 ) ) ;
#1453 = LINE ( 'NONE', #5532, #7411 ) ;
#1454 = DIRECTION ( 'NONE',  ( -0.000000000000000000, 0.000000000000000000, -1.000000000000000000 ) ) ;
#1455 = CARTESIAN_POINT ( 'NONE',  ( 43.50000000000000000, 43.50000000000000000, 2.000000000000000000 ) ) ;
#1456 = CARTESIAN_POINT ( 'NONE',  ( 6.250000000000199840, 12.99999999999998757, 2.000000000000000000 ) ) ;
#1457 = EDGE_LOOP ( 'NONE', ( #1409, #2789, #2503, #1930 ) ) ;
#1458 = DIRECTION ( 'NONE',  ( 0.000000000000000000, 0.000000000000000000, 1.000000000000000000 ) ) ;
#1459 = ORIENTED_EDGE ( 'NONE', *, *, #7370, .T. ) ;
#1460 = VERTEX_POINT ( 'NONE', #6014 ) ;
#1461 = EDGE_LOOP ( 'NONE', ( #4708, #1304, #5102, #2502, #7449, #5759, #2420, #4525 ) ) ;
#1462 = DIRECTION ( 'NONE',  ( 1.000000000000000000, 0.000000000000000000, 0.000000000000000000 ) ) ;
#1463 = AXIS2_PLACEMENT_3D ( 'NONE', #3004, #6017, #5863 ) ;
#1464 = DIRECTION ( 'NONE',  ( 0.000000000000000000, -1.000000000000000000, 0.000000000000000000 ) ) ;
#1465 = ORIENTED_EDGE ( 'NONE', *, *, #97, .T. ) ;
#1466 = CARTESIAN_POINT ( 'NONE',  ( -45.24999999999999289, 43.99999999999998579, 0.000000000000000000 ) ) ;
#1467 = VERTEX_POINT ( 'NONE', #3688 ) ;
#1468 = AXIS2_PLACEMENT_3D ( 'NONE', #7068, #3076, #5853 ) ;
#1469 = ORIENTED_EDGE ( 'NONE', *, *, #4982, .F. ) ;
#1470 = ORIENTED_EDGE ( 'NONE', *, *, #3383, .F. ) ;
#1471 = EDGE_CURVE ( 'NONE', #6944, #2525, #678, .T. ) ;
#1472 = EDGE_CURVE ( 'NONE', #2383, #2370, #3042, .T. ) ;
#1473 = AXIS2_PLACEMENT_3D ( 'NONE', #5465, #2624, #4288 ) ;
#1474 = CARTESIAN_POINT ( 'NONE',  ( -26.24999999999939604, -13.00000000000001066, 0.000000000000000000 ) ) ;
#1475 = DIRECTION ( 'NONE',  ( 0.000000000000000000, 0.000000000000000000, 1.000000000000000000 ) ) ;
#1476 = ADVANCED_FACE ( 'NONE', ( #786 ), #1901, .F. ) ;
#1477 = DIRECTION ( 'NONE',  ( 1.000000000000000000, 0.000000000000000000, 0.000000000000000000 ) ) ;
#1478 = DIRECTION ( 'NONE',  ( -1.000000000000000000, 0.000000000000000000, 0.000000000000000000 ) ) ;
#1479 = DIRECTION ( 'NONE',  ( -1.000000000000000000, 0.000000000000000000, 0.000000000000000000 ) ) ;
#1480 = DIRECTION ( 'NONE',  ( 0.000000000000000000, 1.000000000000000000, 0.000000000000000000 ) ) ;
#1481 = EDGE_CURVE ( 'NONE', #2013, #2850, #1975, .T. ) ;
#1482 = CARTESIAN_POINT ( 'NONE',  ( 12.75000000000039257, 6.999999999999978684, 2.000000000000000000 ) ) ;
#1483 = AXIS2_PLACEMENT_3D ( 'NONE', #1873, #4188, #7081 ) ;
#1484 = CARTESIAN_POINT ( 'NONE',  ( -7.249999999999396039, -13.00000000000001066, 2.000000000000000000 ) ) ;
#1485 = EDGE_CURVE ( 'NONE', #961, #5375, #2480, .T. ) ;
#1486 = ORIENTED_EDGE ( 'NONE', *, *, #7072, .T. ) ;
#1487 = VECTOR ( 'NONE', #5048, 1000.000000000000000 ) ;
#1488 = ADVANCED_FACE ( 'NONE', ( #2512 ), #4293, .T. ) ;
#1489 = AXIS2_PLACEMENT_3D ( 'NONE', #721, #271, #686 ) ;
#1490 = EDGE_LOOP ( 'NONE', ( #3281, #6818, #670, #6328 ) ) ;
#1491 = CARTESIAN_POINT ( 'NONE',  ( 7.250000000000391687, 5.999999999999984901, 0.000000000000000000 ) ) ;
#1492 = CARTESIAN_POINT ( 'NONE',  ( 12.75000000000039257, -7.000000000000013323, 2.000000000000000000 ) ) ;
#1493 = DIRECTION ( 'NONE',  ( -0.000000000000000000, -0.000000000000000000, -1.000000000000000000 ) ) ;
#1494 = CIRCLE ( 'NONE', #2479, 0.9999999999999974465 ) ;
#1495 = DIRECTION ( 'NONE',  ( -1.000000000000000000, -0.000000000000000000, -0.000000000000000000 ) ) ;
#1496 = CARTESIAN_POINT ( 'NONE',  ( 44.25000000000000000, 30.99999999999998579, 2.000000000000000000 ) ) ;
#1497 = CARTESIAN_POINT ( 'NONE',  ( 44.25000000000059686, -12.00000000000001776, 2.000000000000000000 ) ) ;
#1498 = AXIS2_PLACEMENT_3D ( 'NONE', #5908, #1756, #5265 ) ;
#1499 = VERTEX_POINT ( 'NONE', #5936 ) ;
#1500 = DIRECTION ( 'NONE',  ( -0.000000000000000000, -0.000000000000000000, -1.000000000000000000 ) ) ;
#1501 = EDGE_CURVE ( 'NONE', #5923, #3191, #5331, .T. ) ;
#1502 = ORIENTED_EDGE ( 'NONE', *, *, #1079, .T. ) ;
#1503 = ORIENTED_EDGE ( 'NONE', *, *, #3330, .T. ) ;
#1504 = ORIENTED_EDGE ( 'NONE', *, *, #5466, .F. ) ;
#1505 = DIRECTION ( 'NONE',  ( 1.000000000000000000, 0.000000000000000000, 0.000000000000000000 ) ) ;
#1506 = CIRCLE ( 'NONE', #1264, 1.000000000000000888 ) ;
#1507 = CYLINDRICAL_SURFACE ( 'NONE', #5868, 0.9999999999999940048 ) ;
#1508 = ORIENTED_EDGE ( 'NONE', *, *, #548, .T. ) ;
#1509 = FACE_OUTER_BOUND ( 'NONE', #5730, .T. ) ;
#1510 = ORIENTED_EDGE ( 'NONE', *, *, #5063, .T. ) ;
#1511 = EDGE_LOOP ( 'NONE', ( #4862, #7237, #1143, #3716 ) ) ;
#1512 = EDGE_LOOP ( 'NONE', ( #3544, #2981, #6034, #7291 ) ) ;
#1513 = CARTESIAN_POINT ( 'NONE',  ( -25.24999999999940314, -13.00000000000001066, 0.000000000000000000 ) ) ;
#1514 = EDGE_CURVE ( 'NONE', #4895, #5931, #236, .T. ) ;
#1515 = DIRECTION ( 'NONE',  ( 1.000000000000000000, 0.000000000000000000, 0.000000000000000000 ) ) ;
#1516 = CARTESIAN_POINT ( 'NONE',  ( 44.25000000000019185, 12.99999999999998757, 2.000000000000000000 ) ) ;
#1517 = FACE_OUTER_BOUND ( 'NONE', #6437, .T. ) ;
#1518 = ORIENTED_EDGE ( 'NONE', *, *, #1006, .T. ) ;
#1519 = EDGE_CURVE ( 'NONE', #89, #3358, #4130, .T. ) ;
#1520 = CARTESIAN_POINT ( 'NONE',  ( 44.25000000000000000, 43.99999999999998579, 2.000000000000000000 ) ) ;
#1521 = DIRECTION ( 'NONE',  ( 0.000000000000000000, -0.000000000000000000, 1.000000000000000000 ) ) ;
#1522 = FACE_OUTER_BOUND ( 'NONE', #4615, .T. ) ;
#1523 = ORIENTED_EDGE ( 'NONE', *, *, #40, .T. ) ;
#1524 = CARTESIAN_POINT ( 'NONE',  ( -12.74999999999920242, -32.00000000000001421, 0.000000000000000000 ) ) ;
#1525 = CYLINDRICAL_SURFACE ( 'NONE', #3269, 3.000000000000002665 ) ;
#1526 = CARTESIAN_POINT ( 'NONE',  ( -7.249999999999791278, 24.99999999999998579, 0.000000000000000000 ) ) ;
#1527 = LINE ( 'NONE', #3215, #933 ) ;
#1528 = EDGE_CURVE ( 'NONE', #4303, #1916, #3706, .T. ) ;
#1529 = FACE_OUTER_BOUND ( 'NONE', #2876, .T. ) ;
#1530 = CARTESIAN_POINT ( 'NONE',  ( -45.24999999999999289, 31.99999999999998579, 0.000000000000000000 ) ) ;
#1531 = ORIENTED_EDGE ( 'NONE', *, *, #7214, .T. ) ;
#1532 = CARTESIAN_POINT ( 'NONE',  ( -7.249999999999596767, 5.999999999999984901, 2.000000000000000000 ) ) ;
#1533 = AXIS2_PLACEMENT_3D ( 'NONE', #841, #3178, #5184 ) ;
#1534 = VERTEX_POINT ( 'NONE', #748 ) ;
#1535 = ORIENTED_EDGE ( 'NONE', *, *, #6964, .F. ) ;
#1536 = CARTESIAN_POINT ( 'NONE',  ( -44.24999999999979394, 25.99999999999997868, 0.000000000000000000 ) ) ;
#1537 = EDGE_CURVE ( 'NONE', #6408, #4707, #1145, .T. ) ;
#1538 = DIRECTION ( 'NONE',  ( 0.000000000000000000, 1.000000000000000000, 0.000000000000000000 ) ) ;
#1539 = AXIS2_PLACEMENT_3D ( 'NONE', #5984, #5412, #3091 ) ;
#1540 = ORIENTED_EDGE ( 'NONE', *, *, #4934, .T. ) ;
#1541 = DIRECTION ( 'NONE',  ( 0.000000000000000000, 0.000000000000000000, 1.000000000000000000 ) ) ;
#1542 = VERTEX_POINT ( 'NONE', #4759 ) ;
#1543 = ORIENTED_EDGE ( 'NONE', *, *, #6144, .T. ) ;
#1544 = CIRCLE ( 'NONE', #7138, 1.000000000000000888 ) ;
#1545 = ORIENTED_EDGE ( 'NONE', *, *, #726, .F. ) ;
#1546 = AXIS2_PLACEMENT_3D ( 'NONE', #6653, #1475, #5555 ) ;
#1547 = CARTESIAN_POINT ( 'NONE',  ( 28.49999999999998579, 28.49999999999999645, 0.000000000000000000 ) ) ;
#1548 = DIRECTION ( 'NONE',  ( -0.000000000000000000, -0.000000000000000000, -1.000000000000000000 ) ) ;
#1549 = VECTOR ( 'NONE', #4914, 1000.000000000000000 ) ;
#1550 = EDGE_CURVE ( 'NONE', #3740, #3872, #7074, .T. ) ;
#1551 = CARTESIAN_POINT ( 'NONE',  ( 25.24999999999999289, 43.99999999999998579, 2.000000000000000000 ) ) ;
#1552 = AXIS2_PLACEMENT_3D ( 'NONE', #5473, #265, #3412 ) ;
#1553 = CARTESIAN_POINT ( 'NONE',  ( 31.75000000000040146, -6.000000000000012434, 2.000000000000000000 ) ) ;
#1554 = EDGE_LOOP ( 'NONE', ( #5619, #5253, #6480, #5223 ) ) ;
#1555 = DIRECTION ( 'NONE',  ( 0.000000000000000000, 0.000000000000000000, 1.000000000000000000 ) ) ;
#1556 = VECTOR ( 'NONE', #1792, 1000.000000000000000 ) ;
#1557 = LINE ( 'NONE', #1707, #4834 ) ;
#1558 = CARTESIAN_POINT ( 'NONE',  ( 31.75000000000000000, 30.99999999999998579, 2.000000000000000000 ) ) ;
#1559 = CIRCLE ( 'NONE', #5823, 1.000000000000000888 ) ;
#1560 = ORIENTED_EDGE ( 'NONE', *, *, #1823, .F. ) ;
#1561 = CARTESIAN_POINT ( 'NONE',  ( 30.75000000000079581, -32.00000000000001421, 2.000000000000000000 ) ) ;
#1562 = DIRECTION ( 'NONE',  ( 1.000000000000000000, 0.000000000000000000, 0.000000000000000000 ) ) ;
#1563 = FACE_OUTER_BOUND ( 'NONE', #6507, .T. ) ;
#1564 = EDGE_CURVE ( 'NONE', #3739, #5004, #7148, .T. ) ;
#1565 = CARTESIAN_POINT ( 'NONE',  ( 11.75000000000020428, 24.99999999999998579, 2.000000000000000000 ) ) ;
#1566 = CARTESIAN_POINT ( 'NONE',  ( -30.75000000000000000, 31.99999999999998579, 0.000000000000000000 ) ) ;
#1567 = EDGE_CURVE ( 'NONE', #7054, #1467, #4139, .T. ) ;
#1568 = ORIENTED_EDGE ( 'NONE', *, *, #1006, .F. ) ;
#1569 = DIRECTION ( 'NONE',  ( -0.000000000000000000, -0.000000000000000000, -1.000000000000000000 ) ) ;
#1570 = EDGE_CURVE ( 'NONE', #5060, #3740, #1281, .T. ) ;
#1571 = EDGE_LOOP ( 'NONE', ( #2534, #869, #7059, #6444, #6644, #3552, #1434, #1795 ) ) ;
#1572 = ORIENTED_EDGE ( 'NONE', *, *, #4990, .T. ) ;
#1573 = FACE_OUTER_BOUND ( 'NONE', #288, .T. ) ;
#1574 = DIRECTION ( 'NONE',  ( 0.000000000000000000, 0.000000000000000000, 1.000000000000000000 ) ) ;
#1575 = ADVANCED_FACE ( 'NONE', ( #113 ), #2433, .F. ) ;
#1576 = DIRECTION ( 'NONE',  ( -1.000000000000000000, 0.000000000000000000, 0.000000000000000000 ) ) ;
#1577 = ORIENTED_EDGE ( 'NONE', *, *, #1612, .T. ) ;
#1578 = CARTESIAN_POINT ( 'NONE',  ( 12.75000000000059330, -12.00000000000001776, 2.000000000000000000 ) ) ;
#1579 = VERTEX_POINT ( 'NONE', #1288 ) ;
#1580 = AXIS2_PLACEMENT_3D ( 'NONE', #5019, #267, #4330 ) ;
#1581 = EDGE_LOOP ( 'NONE', ( #1850, #6383, #2921, #3185, #5488, #5111, #4391, #4440 ) ) ;
#1582 = EDGE_CURVE ( 'NONE', #5060, #3489, #716, .T. ) ;
#1583 = ORIENTED_EDGE ( 'NONE', *, *, #7425, .F. ) ;
#1584 = PLANE ( 'NONE',  #3312 ) ;
#1585 = DIRECTION ( 'NONE',  ( -1.000000000000000000, -0.000000000000000000, -0.000000000000000000 ) ) ;
#1586 = AXIS2_PLACEMENT_3D ( 'NONE', #6235, #1587, #3912 ) ;
#1587 = DIRECTION ( 'NONE',  ( -0.000000000000000000, -0.000000000000000000, -1.000000000000000000 ) ) ;
#1588 = CARTESIAN_POINT ( 'NONE',  ( -25.24999999999980105, 12.99999999999998757, 2.000000000000000000 ) ) ;
#1589 = EDGE_CURVE ( 'NONE', #5414, #1460, #3150, .T. ) ;
#1590 = ORIENTED_EDGE ( 'NONE', *, *, #1624, .F. ) ;
#1591 = VECTOR ( 'NONE', #2260, 1000.000000000000000 ) ;
#1592 = PLANE ( 'NONE',  #4059 ) ;
#1593 = LINE ( 'NONE', #2168, #6889 ) ;
#1594 = FACE_OUTER_BOUND ( 'NONE', #6251, .T. ) ;
#1595 = ORIENTED_EDGE ( 'NONE', *, *, #2736, .F. ) ;
#1596 = LINE ( 'NONE', #2749, #3092 ) ;
#1597 = CARTESIAN_POINT ( 'NONE',  ( -31.75000000000000000, 44.99999999999997868, 0.000000000000000000 ) ) ;
#1598 = CIRCLE ( 'NONE', #30, 0.9999999999999974465 ) ;
#1599 = DIRECTION ( 'NONE',  ( -1.000000000000000000, -0.000000000000000000, -0.000000000000000000 ) ) ;
#1600 = FACE_BOUND ( 'NONE', #4555, .T. ) ;
#1601 = CIRCLE ( 'NONE', #6828, 0.9999999999999974465 ) ;
#1602 = CARTESIAN_POINT ( 'NONE',  ( 6.249999999999998224, 43.99999999999998579, 0.000000000000000000 ) ) ;
#1603 = ORIENTED_EDGE ( 'NONE', *, *, #1432, .T. ) ;
#1604 = EDGE_CURVE ( 'NONE', #3362, #2894, #262, .T. ) ;
#1605 = FACE_OUTER_BOUND ( 'NONE', #3986, .T. ) ;
#1606 = ORIENTED_EDGE ( 'NONE', *, *, #266, .F. ) ;
#1607 = VECTOR ( 'NONE', #7447, 1000.000000000000000 ) ;
#1608 = ORIENTED_EDGE ( 'NONE', *, *, #1856, .F. ) ;
#1609 = VECTOR ( 'NONE', #2872, 1000.000000000000000 ) ;
#1610 = CARTESIAN_POINT ( 'NONE',  ( 29.69999999999998508, 28.49999999999999645, 8.572527594031469492E-17 ) ) ;
#1611 = DIRECTION ( 'NONE',  ( -1.000000000000000000, -0.000000000000000000, -0.000000000000000000 ) ) ;
#1612 = EDGE_CURVE ( 'NONE', #2619, #2047, #4928, .T. ) ;
#1613 = AXIS2_PLACEMENT_3D ( 'NONE', #3998, #1714, #7420 ) ;
#1614 = DIRECTION ( 'NONE',  ( 0.000000000000000000, -1.000000000000000000, 0.000000000000000000 ) ) ;
#1615 = ORIENTED_EDGE ( 'NONE', *, *, #5721, .T. ) ;
#1616 = CARTESIAN_POINT ( 'NONE',  ( 44.25000000000039790, 5.999999999999984901, 0.000000000000000000 ) ) ;
#1617 = ORIENTED_EDGE ( 'NONE', *, *, #2345, .T. ) ;
#1618 = ORIENTED_EDGE ( 'NONE', *, *, #1354, .F. ) ;
#1619 = ORIENTED_EDGE ( 'NONE', *, *, #5022, .T. ) ;
#1620 = AXIS2_PLACEMENT_3D ( 'NONE', #3309, #826, #3156 ) ;
#1621 = CARTESIAN_POINT ( 'NONE',  ( -26.24999999999999289, 31.99999999999998579, 2.000000000000000000 ) ) ;
#1622 = CARTESIAN_POINT ( 'NONE',  ( 44.25000000000078870, -45.00000000000001421, 0.000000000000000000 ) ) ;
#1623 = DIRECTION ( 'NONE',  ( 1.000000000000000000, 0.000000000000000000, -0.000000000000000000 ) ) ;
#1624 = EDGE_CURVE ( 'NONE', #6756, #241, #2741, .T. ) ;
#1625 = CARTESIAN_POINT ( 'NONE',  ( -11.74999999999960032, -6.000000000000012434, 2.000000000000000000 ) ) ;
#1626 = ORIENTED_EDGE ( 'NONE', *, *, #1819, .F. ) ;
#1627 = LINE ( 'NONE', #1165, #2710 ) ;
#1628 = ORIENTED_EDGE ( 'NONE', *, *, #2440, .T. ) ;
#1629 = AXIS2_PLACEMENT_3D ( 'NONE', #1765, #5189, #3507 ) ;
#1630 = DIRECTION ( 'NONE',  ( -0.000000000000000000, -0.000000000000000000, -1.000000000000000000 ) ) ;
#1631 = DIRECTION ( 'NONE',  ( -0.000000000000000000, -0.000000000000000000, -1.000000000000000000 ) ) ;
#1632 = ORIENTED_EDGE ( 'NONE', *, *, #2275, .F. ) ;
#1633 = LINE ( 'NONE', #3421, #732 ) ;
#1634 = EDGE_LOOP ( 'NONE', ( #4319, #6966, #3100, #3077 ) ) ;
#1635 = LINE ( 'NONE', #2208, #7077 ) ;
#1636 = AXIS2_PLACEMENT_3D ( 'NONE', #2396, #1249, #151 ) ;
#1637 = CARTESIAN_POINT ( 'NONE',  ( -7.249999999999596767, 5.999999999999984901, 2.000000000000000000 ) ) ;
#1638 = CARTESIAN_POINT ( 'NONE',  ( -44.24999999999960210, 5.999999999999984901, 0.000000000000000000 ) ) ;
#1639 = PLANE ( 'NONE',  #4588 ) ;
#1640 = DIRECTION ( 'NONE',  ( -1.000000000000000000, 0.000000000000000000, 0.000000000000000000 ) ) ;
#1641 = ORIENTED_EDGE ( 'NONE', *, *, #4601, .F. ) ;
#1642 = ADVANCED_FACE ( 'NONE', ( #3173 ), #4270, .F. ) ;
#1643 = ORIENTED_EDGE ( 'NONE', *, *, #464, .F. ) ;
#1644 = LINE ( 'NONE', #2759, #1389 ) ;
#1645 = EDGE_CURVE ( 'NONE', #2653, #7089, #7200, .T. ) ;
#1646 = LINE ( 'NONE', #5687, #1825 ) ;
#1647 = CYLINDRICAL_SURFACE ( 'NONE', #3554, 1.199999999999999734 ) ;
#1648 = EDGE_LOOP ( 'NONE', ( #7360, #5240, #2890, #7162, #4793, #7333, #6715, #2730 ) ) ;
#1649 = FACE_OUTER_BOUND ( 'NONE', #7223, .T. ) ;
#1650 = ORIENTED_EDGE ( 'NONE', *, *, #7298, .T. ) ;
#1651 = ORIENTED_EDGE ( 'NONE', *, *, #4304, .T. ) ;
#1652 = ORIENTED_EDGE ( 'NONE', *, *, #624, .F. ) ;
#1653 = VECTOR ( 'NONE', #1585, 1000.000000000000000 ) ;
#1654 = LINE ( 'NONE', #1621, #1000 ) ;
#1655 = DIRECTION ( 'NONE',  ( 0.000000000000000000, 0.000000000000000000, 1.000000000000000000 ) ) ;
#1656 = ADVANCED_FACE ( 'NONE', ( #5382 ), #3626, .T. ) ;
#1657 = DIRECTION ( 'NONE',  ( -1.000000000000000000, 0.000000000000000000, 0.000000000000000000 ) ) ;
#1658 = CARTESIAN_POINT ( 'NONE',  ( -44.24999999999940314, -12.00000000000001776, 2.000000000000000000 ) ) ;
#1659 = ORIENTED_EDGE ( 'NONE', *, *, #1250, .F. ) ;
#1660 = CIRCLE ( 'NONE', #3606, 0.9999999999999940048 ) ;
#1661 = LINE ( 'NONE', #1053, #47 ) ;
#1662 = VECTOR ( 'NONE', #2290, 1000.000000000000000 ) ;
#1663 = ORIENTED_EDGE ( 'NONE', *, *, #1471, .T. ) ;
#1664 = ORIENTED_EDGE ( 'NONE', *, *, #5545, .T. ) ;
#1665 = ADVANCED_FACE ( 'NONE', ( #6667 ), #6593, .T. ) ;
#1666 = DIRECTION ( 'NONE',  ( 0.000000000000000000, -1.000000000000000000, 0.000000000000000000 ) ) ;
#1667 = EDGE_CURVE ( 'NONE', #241, #5877, #5994, .T. ) ;
#1668 = AXIS2_PLACEMENT_3D ( 'NONE', #6696, #5481, #1521 ) ;
#1669 = EDGE_CURVE ( 'NONE', #6266, #4953, #2453, .T. ) ;
#1670 = AXIS2_PLACEMENT_3D ( 'NONE', #3991, #7414, #4532 ) ;
#1671 = DIRECTION ( 'NONE',  ( -1.000000000000000000, 0.000000000000000000, 0.000000000000000000 ) ) ;
#1672 = EDGE_CURVE ( 'NONE', #7395, #2370, #6066, .T. ) ;
#1673 = DIRECTION ( 'NONE',  ( 0.000000000000000000, 1.000000000000000000, 0.000000000000000000 ) ) ;
#1674 = EDGE_CURVE ( 'NONE', #5375, #1042, #2247, .T. ) ;
#1675 = VERTEX_POINT ( 'NONE', #1339 ) ;
#1676 = CARTESIAN_POINT ( 'NONE',  ( -7.249999999999596767, -6.000000000000012434, 2.000000000000000000 ) ) ;
#1677 = CARTESIAN_POINT ( 'NONE',  ( 44.25000000000078870, -31.00000000000002132, 2.000000000000000000 ) ) ;
#1678 = DIRECTION ( 'NONE',  ( 0.000000000000000000, 1.000000000000000000, 0.000000000000000000 ) ) ;
#1679 = FACE_BOUND ( 'NONE', #2684, .T. ) ;
#1680 = DIRECTION ( 'NONE',  ( -0.000000000000000000, -0.000000000000000000, -1.000000000000000000 ) ) ;
#1681 = ORIENTED_EDGE ( 'NONE', *, *, #1180, .F. ) ;
#1682 = ORIENTED_EDGE ( 'NONE', *, *, #7392, .T. ) ;
#1683 = ORIENTED_EDGE ( 'NONE', *, *, #3811, .F. ) ;
#1684 = CARTESIAN_POINT ( 'NONE',  ( -44.24999999999919709, -31.00000000000002132, 2.000000000000000000 ) ) ;
#1685 = DIRECTION ( 'NONE',  ( 0.000000000000000000, -0.000000000000000000, 1.000000000000000000 ) ) ;
#1686 = AXIS2_PLACEMENT_3D ( 'NONE', #4090, #5281, #66 ) ;
#1687 = DIRECTION ( 'NONE',  ( -0.000000000000000000, -0.000000000000000000, -1.000000000000000000 ) ) ;
#1688 = EDGE_LOOP ( 'NONE', ( #7500, #3708, #100, #276 ) ) ;
#1689 = CARTESIAN_POINT ( 'NONE',  ( 12.75000000000079581, -44.00000000000001421, 0.000000000000000000 ) ) ;
#1690 = ORIENTED_EDGE ( 'NONE', *, *, #4971, .T. ) ;
#1691 = VERTEX_POINT ( 'NONE', #802 ) ;
#1692 = CARTESIAN_POINT ( 'NONE',  ( -7.249999999999194422, -44.00000000000001421, 2.000000000000000000 ) ) ;
#1693 = CARTESIAN_POINT ( 'NONE',  ( -43.50000000000002132, 46.49999999999998579, 0.000000000000000000 ) ) ;
#1694 = CARTESIAN_POINT ( 'NONE',  ( -31.74999999999960565, 6.999999999999978684, 0.000000000000000000 ) ) ;
#1695 = ORIENTED_EDGE ( 'NONE', *, *, #5757, .T. ) ;
#1696 = CARTESIAN_POINT ( 'NONE',  ( 11.75000000000020428, 24.99999999999998579, 0.000000000000000000 ) ) ;
#1697 = ORIENTED_EDGE ( 'NONE', *, *, #6789, .F. ) ;
#1698 = AXIS2_PLACEMENT_3D ( 'NONE', #5406, #3803, #2631 ) ;
#1699 = DIRECTION ( 'NONE',  ( 0.000000000000000000, 0.000000000000000000, 1.000000000000000000 ) ) ;
#1700 = EDGE_CURVE ( 'NONE', #4930, #2297, #6104, .T. ) ;
#1701 = EDGE_LOOP ( 'NONE', ( #4821, #3623, #810, #2154, #2904, #656, #1394, #6035 ) ) ;
#1702 = EDGE_CURVE ( 'NONE', #2065, #4968, #5901, .T. ) ;
#1703 = AXIS2_PLACEMENT_3D ( 'NONE', #7241, #3778, #5417 ) ;
#1704 = FACE_OUTER_BOUND ( 'NONE', #3594, .T. ) ;
#1705 = VECTOR ( 'NONE', #4256, 1000.000000000000000 ) ;
#1706 = EDGE_CURVE ( 'NONE', #2510, #3031, #4436, .T. ) ;
#1707 = CARTESIAN_POINT ( 'NONE',  ( -44.24999999999960210, 6.999999999999978684, 2.000000000000000000 ) ) ;
#1708 = DIRECTION ( 'NONE',  ( 0.000000000000000000, 0.000000000000000000, 1.000000000000000000 ) ) ;
#1709 = AXIS2_PLACEMENT_3D ( 'NONE', #4133, #1430, #7221 ) ;
#1710 = ORIENTED_EDGE ( 'NONE', *, *, #230, .T. ) ;
#1711 = CARTESIAN_POINT ( 'NONE',  ( 44.25000000000078870, -32.00000000000001421, 2.000000000000000000 ) ) ;
#1712 = EDGE_CURVE ( 'NONE', #2508, #4859, #4200, .T. ) ;
#1713 = DIRECTION ( 'NONE',  ( -0.000000000000000000, -0.000000000000000000, -1.000000000000000000 ) ) ;
#1714 = DIRECTION ( 'NONE',  ( 0.000000000000000000, 0.000000000000000000, 1.000000000000000000 ) ) ;
#1715 = AXIS2_PLACEMENT_3D ( 'NONE', #2226, #4552, #6898 ) ;
#1716 = FACE_BOUND ( 'NONE', #6446, .T. ) ;
#1717 = ADVANCED_FACE ( 'NONE', ( #4813 ), #1307, .T. ) ;
#1718 = EDGE_LOOP ( 'NONE', ( #5690, #4001, #6362, #6381 ) ) ;
#1719 = LINE ( 'NONE', #5108, #693 ) ;
#1720 = EDGE_CURVE ( 'NONE', #3528, #3370, #729, .T. ) ;
#1721 = VERTEX_POINT ( 'NONE', #3096 ) ;
#1722 = ORIENTED_EDGE ( 'NONE', *, *, #2544, .F. ) ;
#1723 = ORIENTED_EDGE ( 'NONE', *, *, #5400, .F. ) ;
#1724 = DIRECTION ( 'NONE',  ( -0.000000000000000000, 0.000000000000000000, -1.000000000000000000 ) ) ;
#1725 = CARTESIAN_POINT ( 'NONE',  ( -28.50000000000000000, 28.49999999999998934, 2.000000000000000000 ) ) ;
#1726 = AXIS2_PLACEMENT_3D ( 'NONE', #6864, #6296, #6942 ) ;
#1727 = CARTESIAN_POINT ( 'NONE',  ( 31.75000000000019540, 11.99999999999998579, 2.000000000000000000 ) ) ;
#1728 = EDGE_CURVE ( 'NONE', #1077, #3378, #203, .T. ) ;
#1729 = ORIENTED_EDGE ( 'NONE', *, *, #1481, .T. ) ;
#1730 = AXIS2_PLACEMENT_3D ( 'NONE', #756, #4297, #6619 ) ;
#1731 = CARTESIAN_POINT ( 'NONE',  ( -7.249999999999194422, -32.00000000000001421, 2.000000000000000000 ) ) ;
#1732 = AXIS2_PLACEMENT_3D ( 'NONE', #3728, #6658, #5592 ) ;
#1733 = VERTEX_POINT ( 'NONE', #1492 ) ;
#1734 = AXIS2_PLACEMENT_3D ( 'NONE', #3296, #2622, #4936 ) ;
#1735 = VERTEX_POINT ( 'NONE', #6703 ) ;
#1736 = EDGE_LOOP ( 'NONE', ( #2382, #2723, #7391, #2962 ) ) ;
#1737 = AXIS2_PLACEMENT_3D ( 'NONE', #6020, #444, #5480 ) ;
#1738 = DIRECTION ( 'NONE',  ( 1.000000000000000000, 0.000000000000000000, 0.000000000000000000 ) ) ;
#1739 = CARTESIAN_POINT ( 'NONE',  ( -30.75000000000000000, 31.99999999999998579, 2.000000000000000000 ) ) ;
#1740 = CARTESIAN_POINT ( 'NONE',  ( 30.75000000000040856, -6.000000000000012434, 2.000000000000000000 ) ) ;
#1741 = DIRECTION ( 'NONE',  ( -0.000000000000000000, -0.000000000000000000, -1.000000000000000000 ) ) ;
#1742 = ORIENTED_EDGE ( 'NONE', *, *, #2933, .F. ) ;
#1743 = CARTESIAN_POINT ( 'NONE',  ( 12.75000000000039257, 6.999999999999978684, 2.000000000000000000 ) ) ;
#1744 = ORIENTED_EDGE ( 'NONE', *, *, #3555, .F. ) ;
#1745 = CARTESIAN_POINT ( 'NONE',  ( 25.24999999999999289, 44.99999999999997868, 2.000000000000000000 ) ) ;
#1746 = ORIENTED_EDGE ( 'NONE', *, *, #2378, .T. ) ;
#1747 = EDGE_CURVE ( 'NONE', #4652, #1162, #7354, .T. ) ;
#1748 = DIRECTION ( 'NONE',  ( 0.000000000000000000, -1.000000000000000000, 0.000000000000000000 ) ) ;
#1749 = CARTESIAN_POINT ( 'NONE',  ( 31.75000000000040146, 6.999999999999978684, 2.000000000000000000 ) ) ;
#1750 = LINE ( 'NONE', #6807, #5233 ) ;
#1751 = EDGE_CURVE ( 'NONE', #6925, #1931, #4383, .T. ) ;
#1752 = DIRECTION ( 'NONE',  ( -0.000000000000000000, -0.000000000000000000, -1.000000000000000000 ) ) ;
#1753 = VECTOR ( 'NONE', #3469, 1000.000000000000000 ) ;
#1754 = LINE ( 'NONE', #5828, #5615 ) ;
#1755 = PLANE ( 'NONE',  #3871 ) ;
#1756 = DIRECTION ( 'NONE',  ( 0.000000000000000000, 0.000000000000000000, 1.000000000000000000 ) ) ;
#1757 = FACE_BOUND ( 'NONE', #5947, .T. ) ;
#1758 = ORIENTED_EDGE ( 'NONE', *, *, #6858, .T. ) ;
#1759 = LINE ( 'NONE', #2787, #1662 ) ;
#1760 = EDGE_CURVE ( 'NONE', #1721, #4434, #2104, .T. ) ;
#1761 = ORIENTED_EDGE ( 'NONE', *, *, #6270, .F. ) ;
#1762 = AXIS2_PLACEMENT_3D ( 'NONE', #5490, #4345, #1452 ) ;
#1763 = ORIENTED_EDGE ( 'NONE', *, *, #5486, .F. ) ;
#1764 = ORIENTED_EDGE ( 'NONE', *, *, #5572, .T. ) ;
#1765 = CARTESIAN_POINT ( 'NONE',  ( 25.25000000000019540, 12.99999999999998757, 2.000000000000000000 ) ) ;
#1766 = ORIENTED_EDGE ( 'NONE', *, *, #1268, .T. ) ;
#1767 = EDGE_CURVE ( 'NONE', #5800, #252, #4066, .T. ) ;
#1768 = CARTESIAN_POINT ( 'NONE',  ( -27.29999999999999005, -28.50000000000000355, 2.000000000000000000 ) ) ;
#1769 = DIRECTION ( 'NONE',  ( 0.000000000000000000, 0.000000000000000000, 1.000000000000000000 ) ) ;
#1770 = EDGE_LOOP ( 'NONE', ( #4617, #7209, #1379, #4087 ) ) ;
#1771 = DIRECTION ( 'NONE',  ( 1.000000000000000000, 0.000000000000000000, 0.000000000000000000 ) ) ;
#1772 = ORIENTED_EDGE ( 'NONE', *, *, #1027, .F. ) ;
#1773 = ORIENTED_EDGE ( 'NONE', *, *, #7381, .T. ) ;
#1774 = EDGE_LOOP ( 'NONE', ( #3550, #1893, #1259, #451 ) ) ;
#1775 = DIRECTION ( 'NONE',  ( 0.000000000000000000, -0.000000000000000000, -1.000000000000000000 ) ) ;
#1776 = LINE ( 'NONE', #2880, #6234 ) ;
#1777 = DIRECTION ( 'NONE',  ( -0.000000000000000000, -0.000000000000000000, -1.000000000000000000 ) ) ;
#1778 = DIRECTION ( 'NONE',  ( 1.000000000000000000, 0.000000000000000000, 0.000000000000000000 ) ) ;
#1779 = ORIENTED_EDGE ( 'NONE', *, *, #366, .T. ) ;
#1780 = PLANE ( 'NONE',  #1468 ) ;
#1781 = ORIENTED_EDGE ( 'NONE', *, *, #2701, .T. ) ;
#1782 = ORIENTED_EDGE ( 'NONE', *, *, #2560, .F. ) ;
#1783 = LINE ( 'NONE', #6346, #3659 ) ;
#1784 = ADVANCED_FACE ( 'NONE', ( #4424 ), #5641, .F. ) ;
#1785 = CARTESIAN_POINT ( 'NONE',  ( 43.50000000000000000, -43.50000000000000000, 0.000000000000000000 ) ) ;
#1786 = FACE_OUTER_BOUND ( 'NONE', #6697, .T. ) ;
#1787 = AXIS2_PLACEMENT_3D ( 'NONE', #4543, #5945, #2524 ) ;
#1788 = LINE ( 'NONE', #6181, #5742 ) ;
#1789 = VECTOR ( 'NONE', #6483, 1000.000000000000000 ) ;
#1790 = DIRECTION ( 'NONE',  ( 0.000000000000000000, -0.000000000000000000, -1.000000000000000000 ) ) ;
#1791 = VECTOR ( 'NONE', #3196, 1000.000000000000000 ) ;
#1792 = DIRECTION ( 'NONE',  ( 1.000000000000000000, 0.000000000000000000, 0.000000000000000000 ) ) ;
#1793 = DIRECTION ( 'NONE',  ( -0.000000000000000000, -0.000000000000000000, -1.000000000000000000 ) ) ;
#1794 = CYLINDRICAL_SURFACE ( 'NONE', #3865, 0.9999999999999974465 ) ;
#1795 = ORIENTED_EDGE ( 'NONE', *, *, #3056, .T. ) ;
#1796 = DIRECTION ( 'NONE',  ( 0.000000000000000000, 0.000000000000000000, 1.000000000000000000 ) ) ;
#1797 = ORIENTED_EDGE ( 'NONE', *, *, #3290, .F. ) ;
#1798 = VECTOR ( 'NONE', #4178, 1000.000000000000000 ) ;
#1799 = ORIENTED_EDGE ( 'NONE', *, *, #4655, .T. ) ;
#1800 = EDGE_CURVE ( 'NONE', #7347, #4500, #7353, .T. ) ;
#1801 = DIRECTION ( 'NONE',  ( -1.000000000000000000, 0.000000000000000000, 0.000000000000000000 ) ) ;
#1802 = PLANE ( 'NONE',  #4495 ) ;
#1803 = VECTOR ( 'NONE', #5531, 1000.000000000000000 ) ;
#1804 = EDGE_CURVE ( 'NONE', #2985, #736, #5602, .T. ) ;
#1805 = CARTESIAN_POINT ( 'NONE',  ( 26.25000000000079226, -32.00000000000001421, 2.000000000000000000 ) ) ;
#1806 = ORIENTED_EDGE ( 'NONE', *, *, #6215, .F. ) ;
#1807 = DIRECTION ( 'NONE',  ( 1.000000000000000000, 0.000000000000000000, 0.000000000000000000 ) ) ;
#1808 = EDGE_LOOP ( 'NONE', ( #2332, #3257, #718, #6150 ) ) ;
#1809 = EDGE_CURVE ( 'NONE', #3358, #89, #67, .T. ) ;
#1810 = VERTEX_POINT ( 'NONE', #3354 ) ;
#1811 = AXIS2_PLACEMENT_3D ( 'NONE', #2079, #293, #6004 ) ;
#1812 = ORIENTED_EDGE ( 'NONE', *, *, #2135, .T. ) ;
#1813 = CARTESIAN_POINT ( 'NONE',  ( 26.24999999999999645, 43.99999999999998579, 2.000000000000000000 ) ) ;
#1814 = EDGE_CURVE ( 'NONE', #5035, #4669, #6141, .T. ) ;
#1815 = DIRECTION ( 'NONE',  ( -1.000000000000000000, 0.000000000000000000, 0.000000000000000000 ) ) ;
#1816 = EDGE_CURVE ( 'NONE', #2601, #5229, #6895, .T. ) ;
#1817 = LINE ( 'NONE', #6453, #393 ) ;
#1818 = CARTESIAN_POINT ( 'NONE',  ( -12.74999999999980282, 11.99999999999998579, 0.000000000000000000 ) ) ;
#1819 = EDGE_CURVE ( 'NONE', #1534, #760, #987, .T. ) ;
#1820 = ORIENTED_EDGE ( 'NONE', *, *, #4527, .T. ) ;
#1821 = CARTESIAN_POINT ( 'NONE',  ( -11.75000000000000000, 31.99999999999998579, 0.000000000000000000 ) ) ;
#1822 = VERTEX_POINT ( 'NONE', #1597 ) ;
#1823 = EDGE_CURVE ( 'NONE', #2024, #5199, #2676, .T. ) ;
#1824 = CARTESIAN_POINT ( 'NONE',  ( 31.75000000000040146, 5.999999999999984901, 0.000000000000000000 ) ) ;
#1825 = VECTOR ( 'NONE', #5763, 1000.000000000000000 ) ;
#1826 = ORIENTED_EDGE ( 'NONE', *, *, #5321, .T. ) ;
#1827 = DIRECTION ( 'NONE',  ( -1.000000000000000000, -0.000000000000000000, -0.000000000000000000 ) ) ;
#1828 = CARTESIAN_POINT ( 'NONE',  ( -25.24999999999999645, 44.99999999999997868, 2.000000000000000000 ) ) ;
#1829 = EDGE_CURVE ( 'NONE', #7248, #3409, #1436, .T. ) ;
#1830 = CARTESIAN_POINT ( 'NONE',  ( -11.74999999999980638, 24.99999999999998579, 2.000000000000000000 ) ) ;
#1831 = CARTESIAN_POINT ( 'NONE',  ( -11.74999999999940314, -25.00000000000000711, 2.000000000000000000 ) ) ;
#1832 = AXIS2_PLACEMENT_3D ( 'NONE', #3060, #4238, #6557 ) ;
#1833 = AXIS2_PLACEMENT_3D ( 'NONE', #6843, #1023, #5826 ) ;
#1834 = EDGE_LOOP ( 'NONE', ( #2496, #2683, #1960, #3067 ) ) ;
#1835 = CARTESIAN_POINT ( 'NONE',  ( 31.75000000000019540, 12.99999999999998757, 0.000000000000000000 ) ) ;
#1836 = DIRECTION ( 'NONE',  ( -0.000000000000000000, -0.000000000000000000, -1.000000000000000000 ) ) ;
#1837 = PLANE ( 'NONE',  #4903 ) ;
#1838 = DIRECTION ( 'NONE',  ( -1.000000000000000000, 0.000000000000000000, 0.000000000000000000 ) ) ;
#1839 = ORIENTED_EDGE ( 'NONE', *, *, #553, .F. ) ;
#1840 = CARTESIAN_POINT ( 'NONE',  ( 25.25000000000079226, -45.00000000000001421, 2.000000000000000000 ) ) ;
#1841 = AXIS2_PLACEMENT_3D ( 'NONE', #2809, #524, #2851 ) ;
#1842 = ORIENTED_EDGE ( 'NONE', *, *, #7335, .F. ) ;
#1843 = ORIENTED_EDGE ( 'NONE', *, *, #7345, .F. ) ;
#1844 = CARTESIAN_POINT ( 'NONE',  ( 6.250000000000199840, 11.99999999999998579, 2.000000000000000000 ) ) ;
#1845 = AXIS2_PLACEMENT_3D ( 'NONE', #1731, #5886, #23 ) ;
#1846 = CARTESIAN_POINT ( 'NONE',  ( -25.24999999999980105, 25.99999999999997868, 2.000000000000000000 ) ) ;
#1847 = DIRECTION ( 'NONE',  ( -0.000000000000000000, 1.000000000000000000, -0.000000000000000000 ) ) ;
#1848 = ORIENTED_EDGE ( 'NONE', *, *, #1439, .F. ) ;
#1849 = FACE_OUTER_BOUND ( 'NONE', #1688, .T. ) ;
#1850 = ORIENTED_EDGE ( 'NONE', *, *, #3248, .F. ) ;
#1851 = ORIENTED_EDGE ( 'NONE', *, *, #3952, .T. ) ;
#1852 = ORIENTED_EDGE ( 'NONE', *, *, #5022, .F. ) ;
#1853 = EDGE_CURVE ( 'NONE', #3029, #3268, #4492, .T. ) ;
#1854 = CARTESIAN_POINT ( 'NONE',  ( 25.24999999999999289, 43.99999999999998579, 2.000000000000000000 ) ) ;
#1855 = AXIS2_PLACEMENT_3D ( 'NONE', #609, #6469, #4690 ) ;
#1856 = EDGE_CURVE ( 'NONE', #200, #6611, #6811, .T. ) ;
#1857 = CARTESIAN_POINT ( 'NONE',  ( -26.24999999999939604, -13.00000000000001066, 2.000000000000000000 ) ) ;
#1858 = CARTESIAN_POINT ( 'NONE',  ( -26.24999999999999289, 43.99999999999998579, 2.000000000000000000 ) ) ;
#1859 = ORIENTED_EDGE ( 'NONE', *, *, #4682, .T. ) ;
#1860 = CIRCLE ( 'NONE', #2213, 1.000000000000000888 ) ;
#1861 = DIRECTION ( 'NONE',  ( -1.000000000000000000, 0.000000000000000000, 0.000000000000000000 ) ) ;
#1862 = ORIENTED_EDGE ( 'NONE', *, *, #2, .T. ) ;
#1863 = CIRCLE ( 'NONE', #6118, 0.9999999999999974465 ) ;
#1864 = EDGE_LOOP ( 'NONE', ( #6933, #3182, #6084, #2243 ) ) ;
#1865 = DIRECTION ( 'NONE',  ( -0.000000000000000000, -0.000000000000000000, -1.000000000000000000 ) ) ;
#1866 = ADVANCED_FACE ( 'NONE', ( #2641 ), #1525, .T. ) ;
#1867 = PRODUCT_DEFINITION_SHAPE ( 'NONE', 'NONE',  #647 ) ;
#1868 = VECTOR ( 'NONE', #4092, 1000.000000000000000 ) ;
#1869 = DIRECTION ( 'NONE',  ( 0.000000000000000000, -0.000000000000000000, 1.000000000000000000 ) ) ;
#1870 = CIRCLE ( 'NONE', #882, 0.9999999999999940048 ) ;
#1871 = DIRECTION ( 'NONE',  ( -0.000000000000000000, -0.000000000000000000, -1.000000000000000000 ) ) ;
#1872 = CARTESIAN_POINT ( 'NONE',  ( 31.75000000000059686, -26.00000000000001066, 2.000000000000000000 ) ) ;
#1873 = CARTESIAN_POINT ( 'NONE',  ( -12.74999999999980282, 12.99999999999998757, 0.000000000000000000 ) ) ;
#1874 = CARTESIAN_POINT ( 'NONE',  ( 12.75000000000019895, 12.99999999999998757, 2.000000000000000000 ) ) ;
#1875 = LINE ( 'NONE', #4147, #6477 ) ;
#1876 = VECTOR ( 'NONE', #157, 1000.000000000000000 ) ;
#1877 = DIRECTION ( 'NONE',  ( 0.000000000000000000, 0.000000000000000000, 1.000000000000000000 ) ) ;
#1878 = DIRECTION ( 'NONE',  ( -0.000000000000000000, 1.000000000000000000, -0.000000000000000000 ) ) ;
#1879 = CIRCLE ( 'NONE', #6132, 0.9999999999999974465 ) ;
#1880 = EDGE_LOOP ( 'NONE', ( #3209, #4585, #253, #6466 ) ) ;
#1881 = ORIENTED_EDGE ( 'NONE', *, *, #2548, .T. ) ;
#1882 = ORIENTED_EDGE ( 'NONE', *, *, #5867, .T. ) ;
#1883 = CARTESIAN_POINT ( 'NONE',  ( -25.24999999999940314, -12.00000000000001776, 0.000000000000000000 ) ) ;
#1884 = ORIENTED_EDGE ( 'NONE', *, *, #778, .T. ) ;
#1885 = CARTESIAN_POINT ( 'NONE',  ( 30.75000000000040856, 5.999999999999984901, 2.000000000000000000 ) ) ;
#1886 = DIRECTION ( 'NONE',  ( 0.000000000000000000, 1.000000000000000000, 0.000000000000000000 ) ) ;
#1887 = EDGE_CURVE ( 'NONE', #3632, #4827, #3850, .T. ) ;
#1888 = LINE ( 'NONE', #2948, #3855 ) ;
#1889 = ORIENTED_EDGE ( 'NONE', *, *, #3909, .F. ) ;
#1890 = CYLINDRICAL_SURFACE ( 'NONE', #3536, 1.000000000000000888 ) ;
#1891 = VERTEX_POINT ( 'NONE', #6174 ) ;
#1892 = ORIENTED_EDGE ( 'NONE', *, *, #2925, .F. ) ;
#1893 = ORIENTED_EDGE ( 'NONE', *, *, #7298, .F. ) ;
#1894 = DIRECTION ( 'NONE',  ( -1.000000000000000000, 0.000000000000000000, 0.000000000000000000 ) ) ;
#1895 = CARTESIAN_POINT ( 'NONE',  ( 31.75000000000059686, -26.00000000000001066, 2.000000000000000000 ) ) ;
#1896 = VERTEX_POINT ( 'NONE', #316 ) ;
#1897 = DIRECTION ( 'NONE',  ( 0.000000000000000000, 0.000000000000000000, 1.000000000000000000 ) ) ;
#1898 = ORIENTED_EDGE ( 'NONE', *, *, #6870, .T. ) ;
#1899 = DIRECTION ( 'NONE',  ( 1.000000000000000000, 0.000000000000000000, 0.000000000000000000 ) ) ;
#1900 = ORIENTED_EDGE ( 'NONE', *, *, #1604, .F. ) ;
#1901 = CYLINDRICAL_SURFACE ( 'NONE', #83, 0.9999999999999940048 ) ;
#1902 = EDGE_CURVE ( 'NONE', #3835, #145, #4958, .T. ) ;
#1903 = CARTESIAN_POINT ( 'NONE',  ( 7.250000000000197176, 24.99999999999998579, 0.000000000000000000 ) ) ;
#1904 = DIRECTION ( 'NONE',  ( -0.000000000000000000, 0.000000000000000000, -1.000000000000000000 ) ) ;
#1905 = DIRECTION ( 'NONE',  ( 0.000000000000000000, 0.000000000000000000, 1.000000000000000000 ) ) ;
#1906 = AXIS2_PLACEMENT_3D ( 'NONE', #3306, #5125, #4445 ) ;
#1907 = EDGE_CURVE ( 'NONE', #4659, #3289, #502, .T. ) ;
#1908 = ADVANCED_FACE ( 'NONE', ( #2323 ), #4071, .T. ) ;
#1909 = ADVANCED_FACE ( 'NONE', ( #1138 ), #2364, .F. ) ;
#1910 = CARTESIAN_POINT ( 'NONE',  ( 12.75000000000079581, -45.00000000000001421, 2.000000000000000000 ) ) ;
#1911 = EDGE_CURVE ( 'NONE', #5852, #4892, #6279, .T. ) ;
#1912 = DIRECTION ( 'NONE',  ( -0.000000000000000000, -0.000000000000000000, -1.000000000000000000 ) ) ;
#1913 = AXIS2_PLACEMENT_3D ( 'NONE', #5025, #6061, #2709 ) ;
#1914 = DIRECTION ( 'NONE',  ( 1.000000000000000000, 0.000000000000000000, 0.000000000000000000 ) ) ;
#1915 = CARTESIAN_POINT ( 'NONE',  ( -12.74999999999920242, -32.00000000000001421, 2.000000000000000000 ) ) ;
#1916 = VERTEX_POINT ( 'NONE', #610 ) ;
#1917 = AXIS2_PLACEMENT_3D ( 'NONE', #3503, #6246, #2176 ) ;
#1918 = VECTOR ( 'NONE', #6615, 1000.000000000000000 ) ;
#1919 = VERTEX_POINT ( 'NONE', #2975 ) ;
#1920 = PLANE ( 'NONE',  #5284 ) ;
#1921 = ORIENTED_EDGE ( 'NONE', *, *, #3816, .T. ) ;
#1922 = CARTESIAN_POINT ( 'NONE',  ( 6.250000000000394351, 5.999999999999984901, 0.000000000000000000 ) ) ;
#1923 = CARTESIAN_POINT ( 'NONE',  ( -28.49999999999998934, -28.50000000000000355, 2.000000000000000000 ) ) ;
#1924 = CIRCLE ( 'NONE', #6283, 0.9999999999999940048 ) ;
#1925 = DIRECTION ( 'NONE',  ( 1.000000000000000000, 0.000000000000000000, 0.000000000000000000 ) ) ;
#1926 = AXIS2_PLACEMENT_3D ( 'NONE', #377, #4831, #7150 ) ;
#1927 = ORIENTED_EDGE ( 'NONE', *, *, #3153, .T. ) ;
#1928 = CARTESIAN_POINT ( 'NONE',  ( -43.50000000000002132, -46.50000000000001421, 2.000000000000000000 ) ) ;
#1929 = ORIENTED_EDGE ( 'NONE', *, *, #2733, .T. ) ;
#1930 = ORIENTED_EDGE ( 'NONE', *, *, #7207, .T. ) ;
#1931 = VERTEX_POINT ( 'NONE', #4691 ) ;
#1932 = DIRECTION ( 'NONE',  ( -0.000000000000000000, -0.000000000000000000, -1.000000000000000000 ) ) ;
#1933 = AXIS2_PLACEMENT_3D ( 'NONE', #571, #9, #963 ) ;
#1934 = CARTESIAN_POINT ( 'NONE',  ( 11.75000000000080114, -44.00000000000001421, 2.000000000000000000 ) ) ;
#1935 = ORIENTED_EDGE ( 'NONE', *, *, #7158, .T. ) ;
#1936 = LINE ( 'NONE', #5011, #3665 ) ;
#1937 = ORIENTED_EDGE ( 'NONE', *, *, #6618, .F. ) ;
#1938 = LINE ( 'NONE', #6498, #6001 ) ;
#1939 = ORIENTED_EDGE ( 'NONE', *, *, #2305, .F. ) ;
#1940 = CARTESIAN_POINT ( 'NONE',  ( -26.24999999999919353, -32.00000000000001421, 0.000000000000000000 ) ) ;
#1941 = CARTESIAN_POINT ( 'NONE',  ( 43.50000000000000000, 46.49999999999998579, 2.000000000000000000 ) ) ;
#1942 = EDGE_CURVE ( 'NONE', #7471, #6404, #6063, .T. ) ;
#1943 = CARTESIAN_POINT ( 'NONE',  ( 11.75000000000080114, -32.00000000000001421, 2.000000000000000000 ) ) ;
#1944 = CLOSED_SHELL ( 'NONE', ( #3629, #3073, #5911, #2300, #4187, #4182, #5434, #2515, #4482, #6776, #1866, #4272, #6043, #4034, #6488, #3481, #4923, #3166, #4815, #6188, #5484, #5824, #2790, #629, #7124, #1908, #5771, #5353, #361, #5059, #1343, #171, #1183, #7057, #480, #2788, #2043, #3457, #6011, #375, #6099, #2062, #6005, #1103, #5862, #657, #2130, #461, #1340, #3726, #1206, #2615, #1476, #3993, #7375, #4311, #3346, #5946, #4699, #3611, #454, #4137, #227, #5714, #5134, #6998, #7421, #6345, #5794, #5694, #788, #7294, #2256, #1209, #5260, #7466, #6263, #6635, #585, #1192, #1642, #3157, #6449, #4417, #460, #3723, #853, #4284, #529, #7224, #5397, #6968, #2377, #3709, #1009, #3793, #5635, #862, #2942, #5722, #3861, #6771, #6639, #3256, #4460, #1105, #3098, #4341, #2259, #3169, #7290, #6313, #1136, #2086, #3022, #2864, #5955, #1665, #2220, #694, #1784, #6089, #1101, #4038, #1200, #3307, #2367, #4518, #7349, #949, #7196, #3510, #7217, #5539, #4549, #814, #2833, #1488, #4292, #5640, #4757, #1258, #4837, #3333, #6411, #1717, #6603, #330, #2166, #3381, #6956, #5164, #4739, #6047, #1909, #1981, #5370, #4887, #5069, #7142, #126, #5198, #7201, #827, #5426, #6718, #6310, #2362, #5055, #2902, #6413, #4847, #3478, #6985, #325, #3767, #1575, #1946, #739, #6302, #4836, #2331, #1992, #1656, #6007, #6233, #6831, #3103, #4369, #7118, #3422, #4432, #413, #2837, #3630, #7522, #3216, #4042, #3913, #3532, #153, #552, #304, #2386, #2964, #1289, #3576, #318, #2843, #976, #813, #3112, #1154, #76, #270, #452, #1106, #5159 ) ) ;
#1945 = CARTESIAN_POINT ( 'NONE',  ( -44.24999999999940314, -12.00000000000001776, 0.000000000000000000 ) ) ;
#1946 = ADVANCED_FACE ( 'NONE', ( #1064 ), #1755, .T. ) ;
#1947 = CARTESIAN_POINT ( 'NONE',  ( -44.24999999999919709, -45.00000000000001421, 0.000000000000000000 ) ) ;
#1948 = CARTESIAN_POINT ( 'NONE',  ( 25.25000000000079226, -45.00000000000001421, 2.000000000000000000 ) ) ;
#1949 = FACE_BOUND ( 'NONE', #6724, .T. ) ;
#1950 = CYLINDRICAL_SURFACE ( 'NONE', #341, 0.9999999999999940048 ) ;
#1951 = ORIENTED_EDGE ( 'NONE', *, *, #3815, .F. ) ;
#1952 = MECHANICAL_DESIGN_GEOMETRIC_PRESENTATION_REPRESENTATION (  '', ( #6441 ), #7052 ) ;
#1953 = ORIENTED_EDGE ( 'NONE', *, *, #5542, .F. ) ;
#1954 = CARTESIAN_POINT ( 'NONE',  ( 12.75000000000079581, -45.00000000000001421, 2.000000000000000000 ) ) ;
#1955 = CARTESIAN_POINT ( 'NONE',  ( 7.250000000000200728, 24.99999999999998579, 2.000000000000000000 ) ) ;
#1956 = DIRECTION ( 'NONE',  ( 1.000000000000000000, 0.000000000000000000, 0.000000000000000000 ) ) ;
#1957 = VECTOR ( 'NONE', #6265, 1000.000000000000000 ) ;
#1958 = EDGE_CURVE ( 'NONE', #1042, #1162, #5752, .T. ) ;
#1959 = CYLINDRICAL_SURFACE ( 'NONE', #5681, 1.000000000000000888 ) ;
#1960 = ORIENTED_EDGE ( 'NONE', *, *, #6095, .T. ) ;
#1961 = CARTESIAN_POINT ( 'NONE',  ( -7.249999999999596767, 5.999999999999984901, 2.000000000000000000 ) ) ;
#1962 = ORIENTED_EDGE ( 'NONE', *, *, #1720, .F. ) ;
#1963 = AXIS2_PLACEMENT_3D ( 'NONE', #6041, #2083, #3227 ) ;
#1964 = ORIENTED_EDGE ( 'NONE', *, *, #2278, .T. ) ;
#1965 = ORIENTED_EDGE ( 'NONE', *, *, #2469, .T. ) ;
#1966 = CARTESIAN_POINT ( 'NONE',  ( -31.74999999999960565, -7.000000000000015099, 2.000000000000000000 ) ) ;
#1967 = CARTESIAN_POINT ( 'NONE',  ( -26.24999999999959144, 5.999999999999984901, 2.000000000000000000 ) ) ;
#1968 = CIRCLE ( 'NONE', #5610, 0.9999999999999974465 ) ;
#1969 = EDGE_LOOP ( 'NONE', ( #5352, #4063, #2565, #5858 ) ) ;
#1970 = DIRECTION ( 'NONE',  ( -0.000000000000000000, -0.000000000000000000, -1.000000000000000000 ) ) ;
#1971 = ORIENTED_EDGE ( 'NONE', *, *, #5867, .F. ) ;
#1972 = EDGE_LOOP ( 'NONE', ( #6906, #4667, #1269, #5127 ) ) ;
#1973 = DIRECTION ( 'NONE',  ( 0.000000000000000000, 0.000000000000000000, 1.000000000000000000 ) ) ;
#1974 = CIRCLE ( 'NONE', #866, 1.000000000000000888 ) ;
#1975 = LINE ( 'NONE', #4253, #5427 ) ;
#1976 = AXIS2_PLACEMENT_3D ( 'NONE', #4016, #595, #3485 ) ;
#1977 = CYLINDRICAL_SURFACE ( 'NONE', #456, 0.9999999999999974465 ) ;
#1978 = DIRECTION ( 'NONE',  ( -1.000000000000000000, 0.000000000000000000, 0.000000000000000000 ) ) ;
#1979 = CARTESIAN_POINT ( 'NONE',  ( -6.249999999999200639, -45.00000000000001421, 0.000000000000000000 ) ) ;
#1980 = AXIS2_PLACEMENT_3D ( 'NONE', #2687, #3714, #3755 ) ;
#1981 = ADVANCED_FACE ( 'NONE', ( #535 ), #4106, .T. ) ;
#1982 = CARTESIAN_POINT ( 'NONE',  ( -12.74999999999940492, -13.00000000000001066, 2.000000000000000000 ) ) ;
#1983 = DIRECTION ( 'NONE',  ( -0.000000000000000000, -0.000000000000000000, -1.000000000000000000 ) ) ;
#1984 = EDGE_CURVE ( 'NONE', #4529, #75, #2662, .T. ) ;
#1985 = CARTESIAN_POINT ( 'NONE',  ( -12.74999999999920242, -45.00000000000001421, 2.000000000000000000 ) ) ;
#1986 = DIRECTION ( 'NONE',  ( -1.000000000000000000, 0.000000000000000000, 0.000000000000000000 ) ) ;
#1987 = VERTEX_POINT ( 'NONE', #5180 ) ;
#1988 = VERTEX_POINT ( 'NONE', #6431 ) ;
#1989 = DIRECTION ( 'NONE',  ( 0.000000000000000000, 1.000000000000000000, 0.000000000000000000 ) ) ;
#1990 = DIRECTION ( 'NONE',  ( -0.000000000000000000, 0.000000000000000000, -1.000000000000000000 ) ) ;
#1991 = LINE ( 'NONE', #7275, #607 ) ;
#1992 = ADVANCED_FACE ( 'NONE', ( #3501 ), #1217, .F. ) ;
#1993 = DIRECTION ( 'NONE',  ( -0.000000000000000000, 1.000000000000000000, -0.000000000000000000 ) ) ;
#1994 = CARTESIAN_POINT ( 'NONE',  ( -44.24999999999919709, -45.00000000000001421, 2.000000000000000000 ) ) ;
#1995 = FACE_OUTER_BOUND ( 'NONE', #4268, .T. ) ;
#1996 = ORIENTED_EDGE ( 'NONE', *, *, #872, .T. ) ;
#1997 = CARTESIAN_POINT ( 'NONE',  ( 6.250000000000595080, -25.00000000000000711, 2.000000000000000000 ) ) ;
#1998 = ORIENTED_EDGE ( 'NONE', *, *, #2134, .F. ) ;
#1999 = VECTOR ( 'NONE', #403, 1000.000000000000000 ) ;
#2000 = EDGE_LOOP ( 'NONE', ( #4193, #212, #4389, #1615 ) ) ;
#2001 = EDGE_CURVE ( 'NONE', #3700, #2967, #7029, .T. ) ;
#2002 = ORIENTED_EDGE ( 'NONE', *, *, #4606, .T. ) ;
#2003 = CIRCLE ( 'NONE', #6849, 0.9999999999999974465 ) ;
#2004 = CARTESIAN_POINT ( 'NONE',  ( 43.50000000000000000, -43.50000000000000000, 2.000000000000000000 ) ) ;
#2005 = EDGE_CURVE ( 'NONE', #5229, #5796, #82, .T. ) ;
#2006 = EDGE_CURVE ( 'NONE', #7176, #1810, #3753, .T. ) ;
#2007 = CARTESIAN_POINT ( 'NONE',  ( -44.24999999999919709, -32.00000000000001421, 2.000000000000000000 ) ) ;
#2008 = EDGE_LOOP ( 'NONE', ( #3718, #4490, #1572, #5052 ) ) ;
#2009 = CYLINDRICAL_SURFACE ( 'NONE', #1963, 0.9999999999999974465 ) ;
#2010 = VERTEX_POINT ( 'NONE', #5143 ) ;
#2011 = PRODUCT_RELATED_PRODUCT_CATEGORY ( 'part', '', ( #7022 ) ) ;
#2012 = EDGE_LOOP ( 'NONE', ( #2354, #5178, #6292, #2157 ) ) ;
#2013 = VERTEX_POINT ( 'NONE', #2248 ) ;
#2014 = VECTOR ( 'NONE', #5346, 1000.000000000000000 ) ;
#2015 = DIRECTION ( 'NONE',  ( -0.000000000000000000, -0.000000000000000000, -1.000000000000000000 ) ) ;
#2016 = CARTESIAN_POINT ( 'NONE',  ( 30.75000000000020250, 24.99999999999998579, 0.000000000000000000 ) ) ;
#2017 = LINE ( 'NONE', #4412, #5595 ) ;
#2018 = UNCERTAINTY_MEASURE_WITH_UNIT (LENGTH_MEASURE( 1.000000000000000082E-05 ), #3, 'distance_accuracy_value', 'NONE');
#2019 = PLANE ( 'NONE',  #294 ) ;
#2020 = DIRECTION ( 'NONE',  ( -0.000000000000000000, -0.000000000000000000, -1.000000000000000000 ) ) ;
#2021 = CARTESIAN_POINT ( 'NONE',  ( -45.24999999999939604, -13.00000000000001066, 2.000000000000000000 ) ) ;
#2022 = CARTESIAN_POINT ( 'NONE',  ( -25.24999999999999645, 44.99999999999997868, 2.000000000000000000 ) ) ;
#2023 = DIRECTION ( 'NONE',  ( -1.000000000000000000, -0.000000000000000000, -0.000000000000000000 ) ) ;
#2024 = VERTEX_POINT ( 'NONE', #1677 ) ;
#2025 = ORIENTED_EDGE ( 'NONE', *, *, #249, .F. ) ;
#2026 = EDGE_LOOP ( 'NONE', ( #6368, #3736, #2980, #1157 ) ) ;
#2027 = DIRECTION ( 'NONE',  ( -1.000000000000000000, -0.000000000000000000, -0.000000000000000000 ) ) ;
#2028 = VECTOR ( 'NONE', #5574, 1000.000000000000000 ) ;
#2029 = CARTESIAN_POINT ( 'NONE',  ( 6.249999999999998224, 31.99999999999998579, 0.000000000000000000 ) ) ;
#2030 = DIRECTION ( 'NONE',  ( 0.000000000000000000, -0.000000000000000000, 1.000000000000000000 ) ) ;
#2031 = LINE ( 'NONE', #5493, #5438 ) ;
#2032 = LINE ( 'NONE', #320, #3003 ) ;
#2033 = LINE ( 'NONE', #1497, #202 ) ;
#2034 = CIRCLE ( 'NONE', #5926, 0.9999999999999974465 ) ;
#2035 = EDGE_LOOP ( 'NONE', ( #4587, #1504, #2335, #5654 ) ) ;
#2036 = FACE_OUTER_BOUND ( 'NONE', #5985, .T. ) ;
#2037 = AXIS2_PLACEMENT_3D ( 'NONE', #1915, #1375, #655 ) ;
#2038 = ORIENTED_EDGE ( 'NONE', *, *, #2506, .T. ) ;
#2039 = EDGE_CURVE ( 'NONE', #2660, #6836, #3997, .T. ) ;
#2040 = ORIENTED_EDGE ( 'NONE', *, *, #4964, .F. ) ;
#2041 = EDGE_LOOP ( 'NONE', ( #2225, #7366, #4289, #5684 ) ) ;
#2042 = DIRECTION ( 'NONE',  ( -0.000000000000000000, -0.000000000000000000, -1.000000000000000000 ) ) ;
#2043 = ADVANCED_FACE ( 'NONE', ( #5221 ), #5788, .F. ) ;
#2044 = VECTOR ( 'NONE', #5445, 1000.000000000000000 ) ;
#2045 = AXIS2_PLACEMENT_3D ( 'NONE', #6022, #1407, #6060 ) ;
#2046 = LINE ( 'NONE', #4285, #7442 ) ;
#2047 = VERTEX_POINT ( 'NONE', #6788 ) ;
#2048 = LINE ( 'NONE', #3681, #143 ) ;
#2049 = ORIENTED_EDGE ( 'NONE', *, *, #3713, .T. ) ;
#2050 = ORIENTED_EDGE ( 'NONE', *, *, #7103, .F. ) ;
#2051 = ORIENTED_EDGE ( 'NONE', *, *, #5114, .T. ) ;
#2052 = EDGE_CURVE ( 'NONE', #6456, #5761, #470, .T. ) ;
#2053 = EDGE_CURVE ( 'NONE', #6120, #6237, #6324, .T. ) ;
#2054 = DIRECTION ( 'NONE',  ( 0.000000000000000000, 0.000000000000000000, 1.000000000000000000 ) ) ;
#2055 = CARTESIAN_POINT ( 'NONE',  ( -6.249999999999998224, 30.99999999999998579, 2.000000000000000000 ) ) ;
#2056 = EDGE_CURVE ( 'NONE', #4707, #1534, #3399, .T. ) ;
#2057 = DIRECTION ( 'NONE',  ( 0.000000000000000000, 0.000000000000000000, 1.000000000000000000 ) ) ;
#2058 = CARTESIAN_POINT ( 'NONE',  ( -27.29999999999999005, -28.50000000000000355, 8.572527594031469492E-17 ) ) ;
#2059 = AXIS2_PLACEMENT_3D ( 'NONE', #3107, #4320, #4933 ) ;
#2060 = CARTESIAN_POINT ( 'NONE',  ( 6.249999999999998224, 31.99999999999998579, 2.000000000000000000 ) ) ;
#2061 = DIRECTION ( 'NONE',  ( -1.000000000000000000, 0.000000000000000000, 0.000000000000000000 ) ) ;
#2062 = ADVANCED_FACE ( 'NONE', ( #6754 ), #1108, .T. ) ;
#2063 = DIRECTION ( 'NONE',  ( -0.000000000000000000, -0.000000000000000000, -1.000000000000000000 ) ) ;
#2064 = DIRECTION ( 'NONE',  ( -0.000000000000000000, -0.000000000000000000, -1.000000000000000000 ) ) ;
#2065 = VERTEX_POINT ( 'NONE', #1610 ) ;
#2066 = CIRCLE ( 'NONE', #6196, 1.000000000000000888 ) ;
#2067 = VERTEX_POINT ( 'NONE', #2685 ) ;
#2068 = CARTESIAN_POINT ( 'NONE',  ( -7.249999999999791278, 24.99999999999998579, 2.000000000000000000 ) ) ;
#2069 = DIRECTION ( 'NONE',  ( -1.000000000000000000, -0.000000000000000000, -0.000000000000000000 ) ) ;
#2070 = CYLINDRICAL_SURFACE ( 'NONE', #3406, 1.199999999999999734 ) ;
#2071 = FACE_OUTER_BOUND ( 'NONE', #1736, .T. ) ;
#2072 = DIRECTION ( 'NONE',  ( 0.000000000000000000, 0.000000000000000000, 1.000000000000000000 ) ) ;
#2073 = DIRECTION ( 'NONE',  ( 1.000000000000000000, 0.000000000000000000, 0.000000000000000000 ) ) ;
#2074 = ORIENTED_EDGE ( 'NONE', *, *, #1819, .T. ) ;
#2075 = LINE ( 'NONE', #5387, #653 ) ;
#2076 = ORIENTED_EDGE ( 'NONE', *, *, #5216, .F. ) ;
#2077 = ORIENTED_EDGE ( 'NONE', *, *, #6650, .F. ) ;
#2078 = ORIENTED_EDGE ( 'NONE', *, *, #5663, .F. ) ;
#2079 = CARTESIAN_POINT ( 'NONE',  ( -25.24999999999920064, -44.00000000000001421, 2.000000000000000000 ) ) ;
#2080 = VECTOR ( 'NONE', #645, 1000.000000000000000 ) ;
#2081 = DIRECTION ( 'NONE',  ( 0.000000000000000000, 0.000000000000000000, 1.000000000000000000 ) ) ;
#2082 = VERTEX_POINT ( 'NONE', #4505 ) ;
#2083 = DIRECTION ( 'NONE',  ( -0.000000000000000000, -0.000000000000000000, -1.000000000000000000 ) ) ;
#2084 = ORIENTED_EDGE ( 'NONE', *, *, #3340, .T. ) ;
#2085 = CIRCLE ( 'NONE', #3052, 0.9999999999999974465 ) ;
#2086 = ADVANCED_FACE ( 'NONE', ( #1573 ), #3897, .T. ) ;
#2087 = ORIENTED_EDGE ( 'NONE', *, *, #3942, .T. ) ;
#2088 = VECTOR ( 'NONE', #5729, 1000.000000000000000 ) ;
#2089 = DIRECTION ( 'NONE',  ( 0.000000000000000000, 0.000000000000000000, 1.000000000000000000 ) ) ;
#2090 = CARTESIAN_POINT ( 'NONE',  ( -30.75000000000000355, 43.99999999999998579, 2.000000000000000000 ) ) ;
#2091 = LINE ( 'NONE', #825, #5478 ) ;
#2092 = CARTESIAN_POINT ( 'NONE',  ( 6.250000000000796696, -32.00000000000001421, 2.000000000000000000 ) ) ;
#2093 = ORIENTED_EDGE ( 'NONE', *, *, #3061, .T. ) ;
#2094 = EDGE_CURVE ( 'NONE', #3378, #1896, #3482, .T. ) ;
#2095 = LINE ( 'NONE', #7377, #4031 ) ;
#2096 = DIRECTION ( 'NONE',  ( -0.000000000000000000, -0.000000000000000000, -1.000000000000000000 ) ) ;
#2097 = CIRCLE ( 'NONE', #2210, 1.000000000000000888 ) ;
#2098 = DIRECTION ( 'NONE',  ( -0.000000000000000000, 1.000000000000000000, -0.000000000000000000 ) ) ;
#2099 = AXIS2_PLACEMENT_3D ( 'NONE', #2722, #6388, #2682 ) ;
#2100 = VECTOR ( 'NONE', #6492, 1000.000000000000000 ) ;
#2101 = AXIS2_PLACEMENT_3D ( 'NONE', #6261, #1119, #29 ) ;
#2102 = ORIENTED_EDGE ( 'NONE', *, *, #2518, .T. ) ;
#2103 = DIRECTION ( 'NONE',  ( 1.000000000000000000, 0.000000000000000000, 0.000000000000000000 ) ) ;
#2104 = LINE ( 'NONE', #2138, #7467 ) ;
#2105 = DIRECTION ( 'NONE',  ( -0.000000000000000000, -0.000000000000000000, -1.000000000000000000 ) ) ;
#2106 = CIRCLE ( 'NONE', #2717, 1.000000000000000888 ) ;
#2107 = DIRECTION ( 'NONE',  ( 1.000000000000000000, 0.000000000000000000, 0.000000000000000000 ) ) ;
#2108 = DIRECTION ( 'NONE',  ( -0.000000000000000000, -0.000000000000000000, -1.000000000000000000 ) ) ;
#2109 = CARTESIAN_POINT ( 'NONE',  ( 7.250000000000797584, -32.00000000000001421, 2.000000000000000000 ) ) ;
#2110 = VERTEX_POINT ( 'NONE', #6220 ) ;
#2111 = CARTESIAN_POINT ( 'NONE',  ( 30.75000000000060396, -13.00000000000001066, 0.000000000000000000 ) ) ;
#2112 = ORIENTED_EDGE ( 'NONE', *, *, #4372, .F. ) ;
#2113 = ORIENTED_EDGE ( 'NONE', *, *, #1384, .F. ) ;
#2114 = DIRECTION ( 'NONE',  ( 1.000000000000000000, 0.000000000000000000, 0.000000000000000000 ) ) ;
#2115 = EDGE_CURVE ( 'NONE', #5786, #2690, #4547, .T. ) ;
#2116 = CIRCLE ( 'NONE', #2099, 1.000000000000000888 ) ;
#2117 = DIRECTION ( 'NONE',  ( 0.000000000000000000, 0.000000000000000000, 1.000000000000000000 ) ) ;
#2118 = ORIENTED_EDGE ( 'NONE', *, *, #266, .T. ) ;
#2119 = DIRECTION ( 'NONE',  ( -0.000000000000000000, -0.000000000000000000, -1.000000000000000000 ) ) ;
#2120 = VECTOR ( 'NONE', #728, 1000.000000000000000 ) ;
#2121 = ORIENTED_EDGE ( 'NONE', *, *, #968, .F. ) ;
#2122 = ORIENTED_EDGE ( 'NONE', *, *, #2052, .T. ) ;
#2123 = ORIENTED_EDGE ( 'NONE', *, *, #5855, .F. ) ;
#2124 = CARTESIAN_POINT ( 'NONE',  ( 26.25000000000078870, -32.00000000000001421, 2.000000000000000000 ) ) ;
#2125 = LINE ( 'NONE', #5627, #5429 ) ;
#2126 = DIRECTION ( 'NONE',  ( -0.000000000000000000, -0.000000000000000000, -1.000000000000000000 ) ) ;
#2127 = CYLINDRICAL_SURFACE ( 'NONE', #1620, 0.9999999999999940048 ) ;
#2128 = AXIS2_PLACEMENT_3D ( 'NONE', #2607, #2497, #6627 ) ;
#2129 = ORIENTED_EDGE ( 'NONE', *, *, #4639, .T. ) ;
#2130 = ADVANCED_FACE ( 'NONE', ( #3294 ), #7464, .F. ) ;
#2131 = CARTESIAN_POINT ( 'NONE',  ( 44.25000000000078870, -32.00000000000001421, 0.000000000000000000 ) ) ;
#2132 = DIRECTION ( 'NONE',  ( 0.000000000000000000, -0.000000000000000000, -1.000000000000000000 ) ) ;
#2133 = DIRECTION ( 'NONE',  ( -1.000000000000000000, 0.000000000000000000, 0.000000000000000000 ) ) ;
#2134 = EDGE_CURVE ( 'NONE', #6590, #4731, #6541, .T. ) ;
#2136 = ORIENTED_EDGE ( 'NONE', *, *, #7, .F. ) ;
#2135 = EDGE_CURVE ( 'NONE', #2271, #2653, #5208, .T. ) ;
#2137 = LINE ( 'NONE', #4539, #5258 ) ;
#2138 = CARTESIAN_POINT ( 'NONE',  ( -6.249999999999797495, 25.99999999999997868, 2.000000000000000000 ) ) ;
#2139 = DIRECTION ( 'NONE',  ( 0.000000000000000000, 0.000000000000000000, 1.000000000000000000 ) ) ;
#2140 = CARTESIAN_POINT ( 'NONE',  ( 31.75000000000079226, -32.00000000000001421, 0.000000000000000000 ) ) ;
#2141 = CARTESIAN_POINT ( 'NONE',  ( 31.75000000000000000, 44.99999999999997868, 2.000000000000000000 ) ) ;
#2142 = EDGE_CURVE ( 'NONE', #4322, #2985, #4846, .T. ) ;
#2143 = ORIENTED_EDGE ( 'NONE', *, *, #1044, .T. ) ;
#2144 = CARTESIAN_POINT ( 'NONE',  ( -44.24999999999960210, 6.999999999999978684, 2.000000000000000000 ) ) ;
#2145 = CIRCLE ( 'NONE', #1167, 0.9999999999999974465 ) ;
#2146 = ORIENTED_EDGE ( 'NONE', *, *, #3181, .F. ) ;
#2147 = EDGE_LOOP ( 'NONE', ( #2025, #2658, #1921, #2724 ) ) ;
#2148 = DIRECTION ( 'NONE',  ( -1.000000000000000000, -0.000000000000000000, -0.000000000000000000 ) ) ;
#2149 = DIRECTION ( 'NONE',  ( 0.000000000000000000, 0.000000000000000000, 1.000000000000000000 ) ) ;
#2150 = DIRECTION ( 'NONE',  ( -0.000000000000000000, 1.000000000000000000, -0.000000000000000000 ) ) ;
#2151 = AXIS2_PLACEMENT_3D ( 'NONE', #3279, #6663, #6204 ) ;
#2152 = ORIENTED_EDGE ( 'NONE', *, *, #6320, .F. ) ;
#2153 = CARTESIAN_POINT ( 'NONE',  ( -44.24999999999940314, -12.00000000000001776, 0.000000000000000000 ) ) ;
#2154 = ORIENTED_EDGE ( 'NONE', *, *, #4088, .T. ) ;
#2155 = EDGE_LOOP ( 'NONE', ( #5038, #2355, #2163, #1155 ) ) ;
#2156 = VECTOR ( 'NONE', #915, 1000.000000000000000 ) ;
#2157 = ORIENTED_EDGE ( 'NONE', *, *, #4124, .T. ) ;
#2158 = VECTOR ( 'NONE', #190, 1000.000000000000000 ) ;
#2159 = CARTESIAN_POINT ( 'NONE',  ( 6.250000000000394351, 6.999999999999978684, 0.000000000000000000 ) ) ;
#2160 = DIRECTION ( 'NONE',  ( -1.000000000000000000, 0.000000000000000000, 0.000000000000000000 ) ) ;
#2161 = LINE ( 'NONE', #6946, #5365 ) ;
#2162 = DIRECTION ( 'NONE',  ( -1.000000000000000000, 0.000000000000000000, 0.000000000000000000 ) ) ;
#2163 = ORIENTED_EDGE ( 'NONE', *, *, #5765, .T. ) ;
#2164 = FACE_OUTER_BOUND ( 'NONE', #3055, .T. ) ;
#2165 = VECTOR ( 'NONE', #6353, 1000.000000000000000 ) ;
#2166 = ADVANCED_FACE ( 'NONE', ( #3329 ), #4004, .F. ) ;
#2167 = EDGE_CURVE ( 'NONE', #2394, #5230, #1644, .T. ) ;
#2168 = CARTESIAN_POINT ( 'NONE',  ( 45.25000000000000000, 43.99999999999998579, 2.000000000000000000 ) ) ;
#2169 =( NAMED_UNIT ( * ) SI_UNIT ( $, .STERADIAN. ) SOLID_ANGLE_UNIT ( ) );
#2170 = AXIS2_PLACEMENT_3D ( 'NONE', #4970, #2505, #4245 ) ;
#2171 = EDGE_CURVE ( 'NONE', #3302, #4464, #2795, .T. ) ;
#2172 = EDGE_LOOP ( 'NONE', ( #1189, #1681, #4020, #856 ) ) ;
#2173 = DIRECTION ( 'NONE',  ( 0.000000000000000000, 0.000000000000000000, 1.000000000000000000 ) ) ;
#2174 = CARTESIAN_POINT ( 'NONE',  ( 6.250000000000796696, -32.00000000000001421, 0.000000000000000000 ) ) ;
#2175 = CARTESIAN_POINT ( 'NONE',  ( -45.24999999999959499, 5.999999999999984901, 0.000000000000000000 ) ) ;
#2176 = DIRECTION ( 'NONE',  ( -0.000000000000000000, 0.000000000000000000, -1.000000000000000000 ) ) ;
#2177 = DIRECTION ( 'NONE',  ( -0.000000000000000000, -0.000000000000000000, -1.000000000000000000 ) ) ;
#2178 = VERTEX_POINT ( 'NONE', #5076 ) ;
#2179 = DIRECTION ( 'NONE',  ( -1.000000000000000000, 0.000000000000000000, 0.000000000000000000 ) ) ;
#2180 = CIRCLE ( 'NONE', #5830, 1.000000000000000888 ) ;
#2181 = ORIENTED_EDGE ( 'NONE', *, *, #2094, .F. ) ;
#2182 = ORIENTED_EDGE ( 'NONE', *, *, #1645, .F. ) ;
#2183 = DIRECTION ( 'NONE',  ( 0.000000000000000000, 0.000000000000000000, 1.000000000000000000 ) ) ;
#2184 = EDGE_CURVE ( 'NONE', #2653, #5912, #7396, .T. ) ;
#2185 = CARTESIAN_POINT ( 'NONE',  ( -25.24999999999959854, -7.000000000000013323, 2.000000000000000000 ) ) ;
#2186 = DIRECTION ( 'NONE',  ( -1.000000000000000000, -0.000000000000000000, -0.000000000000000000 ) ) ;
#2187 = ORIENTED_EDGE ( 'NONE', *, *, #307, .F. ) ;
#2188 = FACE_OUTER_BOUND ( 'NONE', #4002, .T. ) ;
#2189 = EDGE_LOOP ( 'NONE', ( #6796, #2638, #4753, #1164, #602, #6632, #7159, #2529 ) ) ;
#2190 = VECTOR ( 'NONE', #5917, 1000.000000000000000 ) ;
#2191 = CIRCLE ( 'NONE', #1214, 0.9999999999999974465 ) ;
#2192 = ORIENTED_EDGE ( 'NONE', *, *, #6509, .F. ) ;
#2193 = CARTESIAN_POINT ( 'NONE',  ( -25.24999999999959854, -6.000000000000012434, 2.000000000000000000 ) ) ;
#2194 = LINE ( 'NONE', #1740, #159 ) ;
#2195 = LINE ( 'NONE', #4751, #2517 ) ;
#2196 = AXIS2_PLACEMENT_3D ( 'NONE', #228, #860, #3198 ) ;
#2197 = LINE ( 'NONE', #1743, #6572 ) ;
#2198 = VERTEX_POINT ( 'NONE', #3969 ) ;
#2199 = CYLINDRICAL_SURFACE ( 'NONE', #2831, 0.9999999999999974465 ) ;
#2200 = VERTEX_POINT ( 'NONE', #7362 ) ;
#2201 = VECTOR ( 'NONE', #4204, 1000.000000000000000 ) ;
#2202 = DIRECTION ( 'NONE',  ( 1.000000000000000000, 0.000000000000000000, 0.000000000000000000 ) ) ;
#2203 = CYLINDRICAL_SURFACE ( 'NONE', #4955, 1.000000000000000888 ) ;
#2204 = CARTESIAN_POINT ( 'NONE',  ( -11.75000000000000000, 43.99999999999998579, 0.000000000000000000 ) ) ;
#2205 = VECTOR ( 'NONE', #7267, 1000.000000000000000 ) ;
#2206 = EDGE_CURVE ( 'NONE', #3711, #573, #1070, .T. ) ;
#2207 = ORIENTED_EDGE ( 'NONE', *, *, #1472, .T. ) ;
#2208 = CARTESIAN_POINT ( 'NONE',  ( -25.24999999999999645, 30.99999999999998579, 2.000000000000000000 ) ) ;
#2209 = DIRECTION ( 'NONE',  ( 1.000000000000000000, 0.000000000000000000, 0.000000000000000000 ) ) ;
#2210 = AXIS2_PLACEMENT_3D ( 'NONE', #986, #5675, #2783 ) ;
#2211 = DIRECTION ( 'NONE',  ( -1.000000000000000000, 0.000000000000000000, 0.000000000000000000 ) ) ;
#2212 = FACE_BOUND ( 'NONE', #5944, .T. ) ;
#2213 = AXIS2_PLACEMENT_3D ( 'NONE', #2735, #6197, #2589 ) ;
#2214 = CARTESIAN_POINT ( 'NONE',  ( 11.75000000000000355, 31.99999999999998579, 0.000000000000000000 ) ) ;
#2215 = VERTEX_POINT ( 'NONE', #7050 ) ;
#2216 = ORIENTED_EDGE ( 'NONE', *, *, #5781, .F. ) ;
#2217 = AXIS2_PLACEMENT_3D ( 'NONE', #3950, #2273, #6267 ) ;
#2218 = VECTOR ( 'NONE', #2150, 1000.000000000000000 ) ;
#2219 = DIRECTION ( 'NONE',  ( 0.000000000000000000, 0.000000000000000000, 1.000000000000000000 ) ) ;
#2220 = ADVANCED_FACE ( 'NONE', ( #6399 ), #93, .F. ) ;
#2221 = LINE ( 'NONE', #543, #6308 ) ;
#2222 = VECTOR ( 'NONE', #6902, 1000.000000000000000 ) ;
#2223 = VECTOR ( 'NONE', #6847, 1000.000000000000000 ) ;
#2224 = DIRECTION ( 'NONE',  ( 0.000000000000000000, -0.000000000000000000, -1.000000000000000000 ) ) ;
#2225 = ORIENTED_EDGE ( 'NONE', *, *, #2473, .F. ) ;
#2226 = CARTESIAN_POINT ( 'NONE',  ( -6.249999999999998224, 43.99999999999998579, 0.000000000000000000 ) ) ;
#2227 = ORIENTED_EDGE ( 'NONE', *, *, #3961, .T. ) ;
#2228 = ORIENTED_EDGE ( 'NONE', *, *, #3939, .T. ) ;
#2229 = EDGE_CURVE ( 'NONE', #241, #5047, #6363, .T. ) ;
#2230 = VERTEX_POINT ( 'NONE', #541 ) ;
#2231 = EDGE_CURVE ( 'NONE', #6836, #1271, #4664, .T. ) ;
#2232 = VECTOR ( 'NONE', #1293, 1000.000000000000000 ) ;
#2233 = LINE ( 'NONE', #5243, #43 ) ;
#2234 = DIRECTION ( 'NONE',  ( -1.000000000000000000, 0.000000000000000000, 0.000000000000000000 ) ) ;
#2235 = CARTESIAN_POINT ( 'NONE',  ( 31.75000000000000000, 44.99999999999997868, 2.000000000000000000 ) ) ;
#2236 = CARTESIAN_POINT ( 'NONE',  ( 45.25000000000078870, -32.00000000000001421, 2.000000000000000000 ) ) ;
#2237 = EDGE_LOOP ( 'NONE', ( #5275, #4149, #2449, #6322 ) ) ;
#2238 = LINE ( 'NONE', #2888, #5993 ) ;
#2239 = VERTEX_POINT ( 'NONE', #5272 ) ;
#2240 = VERTEX_POINT ( 'NONE', #1185 ) ;
#2241 = CARTESIAN_POINT ( 'NONE',  ( -45.24999999999978684, 24.99999999999998579, 2.000000000000000000 ) ) ;
#2242 = CARTESIAN_POINT ( 'NONE',  ( 25.25000000000039080, -6.000000000000012434, 2.000000000000000000 ) ) ;
#2243 = ORIENTED_EDGE ( 'NONE', *, *, #3789, .T. ) ;
#2244 = DIRECTION ( 'NONE',  ( -1.000000000000000000, 0.000000000000000000, 0.000000000000000000 ) ) ;
#2245 = EDGE_LOOP ( 'NONE', ( #3184, #6602, #7170, #3670 ) ) ;
#2246 = PLANE ( 'NONE',  #6224 ) ;
#2247 = CIRCLE ( 'NONE', #669, 0.9999999999999974465 ) ;
#2248 = CARTESIAN_POINT ( 'NONE',  ( 25.25000000000019540, 25.99999999999997868, 2.000000000000000000 ) ) ;
#2249 = FACE_OUTER_BOUND ( 'NONE', #5649, .T. ) ;
#2250 = FACE_BOUND ( 'NONE', #5970, .T. ) ;
#2251 = LINE ( 'NONE', #4074, #7486 ) ;
#2252 = ORIENTED_EDGE ( 'NONE', *, *, #3202, .T. ) ;
#2253 = ORIENTED_EDGE ( 'NONE', *, *, #7370, .F. ) ;
#2254 = CARTESIAN_POINT ( 'NONE',  ( 31.75000000000000000, 31.99999999999998579, 2.000000000000000000 ) ) ;
#2255 = FACE_OUTER_BOUND ( 'NONE', #6535, .T. ) ;
#2256 = ADVANCED_FACE ( 'NONE', ( #2982 ), #6971, .F. ) ;
#2257 = LINE ( 'NONE', #4006, #282 ) ;
#2258 = ORIENTED_EDGE ( 'NONE', *, *, #5295, .F. ) ;
#2259 = ADVANCED_FACE ( 'NONE', ( #6479 ), #2375, .F. ) ;
#2260 = DIRECTION ( 'NONE',  ( -0.000000000000000000, -0.000000000000000000, -1.000000000000000000 ) ) ;
#2261 = AXIS2_PLACEMENT_3D ( 'NONE', #5645, #4962, #2073 ) ;
#2262 = ORIENTED_EDGE ( 'NONE', *, *, #4748, .T. ) ;
#2263 = EDGE_CURVE ( 'NONE', #894, #5584, #3588, .T. ) ;
#2264 = ORIENTED_EDGE ( 'NONE', *, *, #5663, .T. ) ;
#2265 = CIRCLE ( 'NONE', #1054, 0.9999999999999940048 ) ;
#2266 = LINE ( 'NONE', #6295, #5269 ) ;
#2267 = DIRECTION ( 'NONE',  ( -0.000000000000000000, -0.000000000000000000, -1.000000000000000000 ) ) ;
#2268 = FACE_OUTER_BOUND ( 'NONE', #5278, .T. ) ;
#2269 = EDGE_LOOP ( 'NONE', ( #6551, #1583, #6416, #6190, #3529, #5611, #2803, #2310 ) ) ;
#2270 = LINE ( 'NONE', #2236, #1957 ) ;
#2271 = VERTEX_POINT ( 'NONE', #1844 ) ;
#2272 = AXIS2_PLACEMENT_3D ( 'NONE', #5033, #3822, #6106 ) ;
#2273 = DIRECTION ( 'NONE',  ( -0.000000000000000000, -0.000000000000000000, -1.000000000000000000 ) ) ;
#2274 = AXIS2_PLACEMENT_3D ( 'NONE', #122, #4263, #5446 ) ;
#2275 = EDGE_CURVE ( 'NONE', #7417, #4113, #4301, .T. ) ;
#2276 = VERTEX_POINT ( 'NONE', #659 ) ;
#2277 = EDGE_CURVE ( 'NONE', #5199, #2276, #4775, .T. ) ;
#2278 = EDGE_CURVE ( 'NONE', #2830, #6732, #3546, .T. ) ;
#2279 = DIRECTION ( 'NONE',  ( 1.000000000000000000, 0.000000000000000000, 0.000000000000000000 ) ) ;
#2280 = EDGE_CURVE ( 'NONE', #2489, #396, #1270, .T. ) ;
#2281 = AXIS2_PLACEMENT_3D ( 'NONE', #196, #2523, #7156 ) ;
#2282 = CIRCLE ( 'NONE', #6538, 1.000000000000000888 ) ;
#2283 = CARTESIAN_POINT ( 'NONE',  ( 31.75000000000040146, 6.999999999999978684, 2.000000000000000000 ) ) ;
#2284 = DIRECTION ( 'NONE',  ( 1.000000000000000000, 0.000000000000000000, 0.000000000000000000 ) ) ;
#2285 = DIRECTION ( 'NONE',  ( 0.000000000000000000, -1.000000000000000000, 0.000000000000000000 ) ) ;
#2286 = EDGE_CURVE ( 'NONE', #2431, #2198, #6364, .T. ) ;
#2287 = CARTESIAN_POINT ( 'NONE',  ( 6.250000000000199840, 24.99999999999998579, 0.000000000000000000 ) ) ;
#2288 = PLANE ( 'NONE',  #6124 ) ;
#2289 = FACE_BOUND ( 'NONE', #6624, .T. ) ;
#2290 = DIRECTION ( 'NONE',  ( -0.000000000000000000, -0.000000000000000000, -1.000000000000000000 ) ) ;
#2291 = ORIENTED_EDGE ( 'NONE', *, *, #2544, .T. ) ;
#2292 = ORIENTED_EDGE ( 'NONE', *, *, #3025, .F. ) ;
#2293 = ORIENTED_EDGE ( 'NONE', *, *, #7476, .T. ) ;
#2294 = FACE_OUTER_BOUND ( 'NONE', #1774, .T. ) ;
#2295 = DIRECTION ( 'NONE',  ( -0.000000000000000000, -0.000000000000000000, -1.000000000000000000 ) ) ;
#2296 = CARTESIAN_POINT ( 'NONE',  ( -44.24999999999919709, -44.00000000000001421, 2.000000000000000000 ) ) ;
#2297 = VERTEX_POINT ( 'NONE', #617 ) ;
#2298 = FACE_OUTER_BOUND ( 'NONE', #5122, .T. ) ;
#2299 = ORIENTED_EDGE ( 'NONE', *, *, #7390, .F. ) ;
#2300 = ADVANCED_FACE ( 'NONE', ( #2905 ), #4737, .F. ) ;
#2301 = ORIENTED_EDGE ( 'NONE', *, *, #2969, .T. ) ;
#2302 = ORIENTED_EDGE ( 'NONE', *, *, #3814, .F. ) ;
#2303 = CARTESIAN_POINT ( 'NONE',  ( 12.75000000000079581, -32.00000000000001421, 2.000000000000000000 ) ) ;
#2304 = DIRECTION ( 'NONE',  ( 0.000000000000000000, 0.000000000000000000, 1.000000000000000000 ) ) ;
#2305 = EDGE_CURVE ( 'NONE', #4303, #6284, #2945, .T. ) ;
#2306 = CARTESIAN_POINT ( 'NONE',  ( 26.24999999999999645, 31.99999999999998579, 0.000000000000000000 ) ) ;
#2307 = DIRECTION ( 'NONE',  ( -1.000000000000000000, 0.000000000000000000, 0.000000000000000000 ) ) ;
#2308 = ORIENTED_EDGE ( 'NONE', *, *, #7390, .T. ) ;
#2309 = DIRECTION ( 'NONE',  ( -0.000000000000000000, -0.000000000000000000, -1.000000000000000000 ) ) ;
#2310 = ORIENTED_EDGE ( 'NONE', *, *, #4370, .F. ) ;
#2311 = VECTOR ( 'NONE', #751, 1000.000000000000000 ) ;
#2312 = DIRECTION ( 'NONE',  ( 0.000000000000000000, 0.000000000000000000, 1.000000000000000000 ) ) ;
#2313 = ORIENTED_EDGE ( 'NONE', *, *, #7117, .F. ) ;
#2314 = CARTESIAN_POINT ( 'NONE',  ( -45.24999999999919709, -32.00000000000001421, 2.000000000000000000 ) ) ;
#2315 = CIRCLE ( 'NONE', #14, 0.9999999999999974465 ) ;
#2316 = CARTESIAN_POINT ( 'NONE',  ( -44.24999999999979394, 25.99999999999997868, 2.000000000000000000 ) ) ;
#2317 = CARTESIAN_POINT ( 'NONE',  ( -45.24999999999978684, 12.99999999999998757, 2.000000000000000000 ) ) ;
#2318 = CARTESIAN_POINT ( 'NONE',  ( 31.75000000000019540, 25.99999999999997868, 0.000000000000000000 ) ) ;
#2319 = AXIS2_PLACEMENT_3D ( 'NONE', #3940, #6859, #4474 ) ;
#2320 = EDGE_CURVE ( 'NONE', #2840, #4697, #7090, .T. ) ;
#2321 = ORIENTED_EDGE ( 'NONE', *, *, #2277, .F. ) ;
#2322 = PLANE ( 'NONE',  #513 ) ;
#2323 = FACE_OUTER_BOUND ( 'NONE', #2172, .T. ) ;
#2324 = VECTOR ( 'NONE', #7451, 1000.000000000000000 ) ;
#2325 = LINE ( 'NONE', #2937, #7427 ) ;
#2326 = ORIENTED_EDGE ( 'NONE', *, *, #4499, .T. ) ;
#2327 = VECTOR ( 'NONE', #2574, 1000.000000000000000 ) ;
#2328 = FACE_BOUND ( 'NONE', #1701, .T. ) ;
#2329 = LINE ( 'NONE', #5146, #2999 ) ;
#2330 = ORIENTED_EDGE ( 'NONE', *, *, #1902, .T. ) ;
#2331 = ADVANCED_FACE ( 'NONE', ( #2294 ), #5231, .T. ) ;
#2332 = ORIENTED_EDGE ( 'NONE', *, *, #510, .F. ) ;
#2333 = AXIS2_PLACEMENT_3D ( 'NONE', #534, #1216, #2405 ) ;
#2334 = ORIENTED_EDGE ( 'NONE', *, *, #4266, .F. ) ;
#2335 = ORIENTED_EDGE ( 'NONE', *, *, #418, .T. ) ;
#2336 = DIRECTION ( 'NONE',  ( -1.000000000000000000, 0.000000000000000000, 0.000000000000000000 ) ) ;
#2337 = CARTESIAN_POINT ( 'NONE',  ( 11.75000000000060041, -13.00000000000001066, 2.000000000000000000 ) ) ;
#2338 = DIRECTION ( 'NONE',  ( -0.000000000000000000, -0.000000000000000000, -1.000000000000000000 ) ) ;
#2339 = EDGE_LOOP ( 'NONE', ( #4865, #1641, #166, #4449 ) ) ;
#2340 = DIRECTION ( 'NONE',  ( 0.000000000000000000, 0.000000000000000000, 1.000000000000000000 ) ) ;
#2341 = VERTEX_POINT ( 'NONE', #4044 ) ;
#2342 = AXIS2_PLACEMENT_3D ( 'NONE', #2007, #4321, #6640 ) ;
#2343 = ORIENTED_EDGE ( 'NONE', *, *, #1019, .F. ) ;
#2344 = ORIENTED_EDGE ( 'NONE', *, *, #6584, .T. ) ;
#2345 = EDGE_CURVE ( 'NONE', #252, #3528, #242, .T. ) ;
#2346 = VECTOR ( 'NONE', #6094, 1000.000000000000000 ) ;
#2347 = DIRECTION ( 'NONE',  ( 0.000000000000000000, 0.000000000000000000, 1.000000000000000000 ) ) ;
#2348 = VECTOR ( 'NONE', #7492, 1000.000000000000000 ) ;
#2349 = CARTESIAN_POINT ( 'NONE',  ( -6.249999999999402256, -12.00000000000001776, 2.000000000000000000 ) ) ;
#2350 = DIRECTION ( 'NONE',  ( 1.000000000000000000, 0.000000000000000000, 0.000000000000000000 ) ) ;
#2351 = DIRECTION ( 'NONE',  ( -1.000000000000000000, -0.000000000000000000, -0.000000000000000000 ) ) ;
#2352 = VERTEX_POINT ( 'NONE', #5530 ) ;
#2353 = CARTESIAN_POINT ( 'NONE',  ( -6.249999999999602984, -6.000000000000012434, 0.000000000000000000 ) ) ;
#2354 = ORIENTED_EDGE ( 'NONE', *, *, #3402, .F. ) ;
#2355 = ORIENTED_EDGE ( 'NONE', *, *, #4365, .F. ) ;
#2356 = CARTESIAN_POINT ( 'NONE',  ( 26.24999999999999645, 31.99999999999998579, 2.000000000000000000 ) ) ;
#2357 = LINE ( 'NONE', #717, #3263 ) ;
#2358 = CARTESIAN_POINT ( 'NONE',  ( -6.249999999999797495, 24.99999999999998579, 2.000000000000000000 ) ) ;
#2359 = EDGE_CURVE ( 'NONE', #4895, #5869, #1411, .T. ) ;
#2360 = PLANE ( 'NONE',  #768 ) ;
#2361 = VECTOR ( 'NONE', #4382, 1000.000000000000000 ) ;
#2362 = ADVANCED_FACE ( 'NONE', ( #4307 ), #1920, .T. ) ;
#2363 = DIRECTION ( 'NONE',  ( 1.000000000000000000, 0.000000000000000000, 0.000000000000000000 ) ) ;
#2364 = CYLINDRICAL_SURFACE ( 'NONE', #5084, 0.9999999999999974465 ) ;
#2365 = CYLINDRICAL_SURFACE ( 'NONE', #6598, 1.000000000000000888 ) ;
#2366 = DIRECTION ( 'NONE',  ( 1.000000000000000000, 0.000000000000000000, 0.000000000000000000 ) ) ;
#2367 = ADVANCED_FACE ( 'NONE', ( #1380 ), #4957, .F. ) ;
#2368 = EDGE_LOOP ( 'NONE', ( #5131, #6409, #6100, #176 ) ) ;
#2369 = CYLINDRICAL_SURFACE ( 'NONE', #3005, 0.9999999999999974465 ) ;
#2370 = VERTEX_POINT ( 'NONE', #168 ) ;
#2371 = EDGE_CURVE ( 'NONE', #7426, #2894, #5489, .T. ) ;
#2372 = AXIS2_PLACEMENT_3D ( 'NONE', #3082, #7182, #3604 ) ;
#2373 = EDGE_CURVE ( 'NONE', #4089, #1008, #2973, .T. ) ;
#2374 = ORIENTED_EDGE ( 'NONE', *, *, #7350, .F. ) ;
#2375 = CYLINDRICAL_SURFACE ( 'NONE', #4056, 0.9999999999999940048 ) ;
#2376 = LINE ( 'NONE', #6522, #6439 ) ;
#2377 = ADVANCED_FACE ( 'NONE', ( #6626 ), #4344, .F. ) ;
#2378 = EDGE_CURVE ( 'NONE', #3466, #1347, #1879, .T. ) ;
#2379 = DIRECTION ( 'NONE',  ( -0.000000000000000000, -0.000000000000000000, -1.000000000000000000 ) ) ;
#2380 = VERTEX_POINT ( 'NONE', #763 ) ;
#2381 = DIRECTION ( 'NONE',  ( -0.000000000000000000, 0.000000000000000000, -1.000000000000000000 ) ) ;
#2382 = ORIENTED_EDGE ( 'NONE', *, *, #1501, .T. ) ;
#2383 = VERTEX_POINT ( 'NONE', #6666 ) ;
#2384 = ORIENTED_EDGE ( 'NONE', *, *, #5870, .T. ) ;
#2385 = CYLINDRICAL_SURFACE ( 'NONE', #114, 0.9999999999999974465 ) ;
#2386 = ADVANCED_FACE ( 'NONE', ( #2495 ), #1305, .T. ) ;
#2387 = DIRECTION ( 'NONE',  ( -0.000000000000000000, -0.000000000000000000, -1.000000000000000000 ) ) ;
#2388 = DIRECTION ( 'NONE',  ( -0.000000000000000000, -0.000000000000000000, -1.000000000000000000 ) ) ;
#2389 = CARTESIAN_POINT ( 'NONE',  ( 30.75000000000040856, 5.999999999999984901, 2.000000000000000000 ) ) ;
#2390 = ORIENTED_EDGE ( 'NONE', *, *, #7432, .F. ) ;
#2391 = CYLINDRICAL_SURFACE ( 'NONE', #2447, 0.9999999999999940048 ) ;
#2392 = ORIENTED_EDGE ( 'NONE', *, *, #2039, .T. ) ;
#2393 =( NAMED_UNIT ( * ) PLANE_ANGLE_UNIT ( ) SI_UNIT ( $, .RADIAN. ) );
#2394 = VERTEX_POINT ( 'NONE', #3741 ) ;
#2395 = VECTOR ( 'NONE', #5168, 1000.000000000000000 ) ;
#2396 = CARTESIAN_POINT ( 'NONE',  ( 44.25000000000059686, -25.00000000000000711, 2.000000000000000000 ) ) ;
#2397 = CARTESIAN_POINT ( 'NONE',  ( -31.74999999999979750, 11.99999999999998757, 2.000000000000000000 ) ) ;
#2398 = AXIS2_PLACEMENT_3D ( 'NONE', #3323, #839, #5571 ) ;
#2399 = CARTESIAN_POINT ( 'NONE',  ( -6.249999999999797495, 12.99999999999998757, 2.000000000000000000 ) ) ;
#2400 = VECTOR ( 'NONE', #3465, 1000.000000000000000 ) ;
#2401 = LINE ( 'NONE', #1979, #158 ) ;
#2402 = ORIENTED_EDGE ( 'NONE', *, *, #2468, .F. ) ;
#2403 = VECTOR ( 'NONE', #956, 1000.000000000000000 ) ;
#2404 = EDGE_CURVE ( 'NONE', #2838, #7069, #836, .T. ) ;
#2405 = DIRECTION ( 'NONE',  ( 1.000000000000000000, 0.000000000000000000, 0.000000000000000000 ) ) ;
#2406 = VECTOR ( 'NONE', #6016, 1000.000000000000000 ) ;
#2407 = CARTESIAN_POINT ( 'NONE',  ( 12.75000000000039257, 5.999999999999984901, 2.000000000000000000 ) ) ;
#2408 = PLANE ( 'NONE',  #287 ) ;
#2409 = CARTESIAN_POINT ( 'NONE',  ( -43.50000000000002132, 43.50000000000000000, 2.000000000000000000 ) ) ;
#2410 = CARTESIAN_POINT ( 'NONE',  ( -26.24999999999919353, -32.00000000000001421, 2.000000000000000000 ) ) ;
#2411 = ORIENTED_EDGE ( 'NONE', *, *, #4502, .T. ) ;
#2412 = EDGE_CURVE ( 'NONE', #3368, #3370, #3172, .T. ) ;
#2413 = ORIENTED_EDGE ( 'NONE', *, *, #37, .T. ) ;
#2414 = CARTESIAN_POINT ( 'NONE',  ( -31.74999999999979750, 24.99999999999998579, 2.000000000000000000 ) ) ;
#2415 = DIRECTION ( 'NONE',  ( -1.000000000000000000, 0.000000000000000000, 0.000000000000000000 ) ) ;
#2416 = CARTESIAN_POINT ( 'NONE',  ( 7.250000000000197176, 24.99999999999998579, 2.000000000000000000 ) ) ;
#2417 = ORIENTED_EDGE ( 'NONE', *, *, #5754, .F. ) ;
#2418 = CARTESIAN_POINT ( 'NONE',  ( -12.74999999999940492, -12.00000000000001776, 2.000000000000000000 ) ) ;
#2419 = ORIENTED_EDGE ( 'NONE', *, *, #548, .F. ) ;
#2420 = ORIENTED_EDGE ( 'NONE', *, *, #144, .F. ) ;
#2421 = EDGE_CURVE ( 'NONE', #1256, #1223, #4920, .T. ) ;
#2422 = AXIS2_PLACEMENT_3D ( 'NONE', #4167, #1280, #1317 ) ;
#2423 = ORIENTED_EDGE ( 'NONE', *, *, #1514, .T. ) ;
#2424 = CARTESIAN_POINT ( 'NONE',  ( -6.249999999999998224, 44.99999999999997868, 2.000000000000000000 ) ) ;
#2425 = DIRECTION ( 'NONE',  ( 1.000000000000000000, 0.000000000000000000, -0.000000000000000000 ) ) ;
#2426 = DIRECTION ( 'NONE',  ( 0.000000000000000000, -1.000000000000000000, 0.000000000000000000 ) ) ;
#2427 = VERTEX_POINT ( 'NONE', #1451 ) ;
#2428 = PLANE ( 'NONE',  #6447 ) ;
#2429 = ORIENTED_EDGE ( 'NONE', *, *, #2135, .F. ) ;
#2430 = VECTOR ( 'NONE', #5402, 1000.000000000000000 ) ;
#2431 = VERTEX_POINT ( 'NONE', #3776 ) ;
#2432 = VERTEX_POINT ( 'NONE', #6103 ) ;
#2433 = CYLINDRICAL_SURFACE ( 'NONE', #6375, 1.000000000000000888 ) ;
#2434 = CARTESIAN_POINT ( 'NONE',  ( 31.75000000000059686, -26.00000000000001066, 2.000000000000000000 ) ) ;
#2435 = CARTESIAN_POINT ( 'NONE',  ( -43.50000000000002132, -46.50000000000001421, 0.000000000000000000 ) ) ;
#2436 = CARTESIAN_POINT ( 'NONE',  ( 25.25000000000039080, 6.999999999999978684, 0.000000000000000000 ) ) ;
#2437 = AXIS2_PLACEMENT_3D ( 'NONE', #6440, #1341, #4778 ) ;
#2438 = PRESENTATION_LAYER_ASSIGNMENT (  '', '', ( #6441 ) ) ;
#2439 = VERTEX_POINT ( 'NONE', #875 ) ;
#2440 = EDGE_CURVE ( 'NONE', #3271, #3739, #4426, .T. ) ;
#2441 = CARTESIAN_POINT ( 'NONE',  ( 11.75000000000080114, -44.00000000000001421, 2.000000000000000000 ) ) ;
#2442 = FACE_OUTER_BOUND ( 'NONE', #1457, .T. ) ;
#2443 = FACE_OUTER_BOUND ( 'NONE', #1972, .T. ) ;
#2444 = FACE_BOUND ( 'NONE', #5846, .T. ) ;
#2445 = DIRECTION ( 'NONE',  ( -0.000000000000000000, -0.000000000000000000, -1.000000000000000000 ) ) ;
#2446 = EDGE_CURVE ( 'NONE', #4514, #6756, #3624, .T. ) ;
#2447 = AXIS2_PLACEMENT_3D ( 'NONE', #4792, #1242, #1861 ) ;
#2448 = EDGE_LOOP ( 'NONE', ( #5085, #3817, #5657, #3568, #4845, #6516, #1618, #3516 ) ) ;
#2449 = ORIENTED_EDGE ( 'NONE', *, *, #3613, .T. ) ;
#2450 = ORIENTED_EDGE ( 'NONE', *, *, #6317, .F. ) ;
#2451 = CARTESIAN_POINT ( 'NONE',  ( 7.250000000000592415, -13.00000000000001066, 2.000000000000000000 ) ) ;
#2452 = VERTEX_POINT ( 'NONE', #4235 ) ;
#2453 = LINE ( 'NONE', #5416, #6621 ) ;
#2454 = CIRCLE ( 'NONE', #3785, 1.000000000000000888 ) ;
#2455 = CARTESIAN_POINT ( 'NONE',  ( 30.75000000000060396, -13.00000000000001066, 2.000000000000000000 ) ) ;
#2456 = CARTESIAN_POINT ( 'NONE',  ( 44.25000000000039790, -7.000000000000013323, 2.000000000000000000 ) ) ;
#2457 = VERTEX_POINT ( 'NONE', #5949 ) ;
#2458 = CYLINDRICAL_SURFACE ( 'NONE', #979, 0.9999999999999974465 ) ;
#2459 = ORIENTED_EDGE ( 'NONE', *, *, #7214, .F. ) ;
#2460 = EDGE_CURVE ( 'NONE', #5306, #6759, #6554, .T. ) ;
#2461 = ORIENTED_EDGE ( 'NONE', *, *, #5393, .T. ) ;
#2462 = ORIENTED_EDGE ( 'NONE', *, *, #778, .F. ) ;
#2463 = DIRECTION ( 'NONE',  ( 1.000000000000000000, 0.000000000000000000, 0.000000000000000000 ) ) ;
#2464 = AXIS2_PLACEMENT_3D ( 'NONE', #6510, #4765, #2463 ) ;
#2465 = AXIS2_PLACEMENT_3D ( 'NONE', #119, #1405, #4912 ) ;
#2466 = FACE_OUTER_BOUND ( 'NONE', #4438, .T. ) ;
#2467 = VECTOR ( 'NONE', #6957, 1000.000000000000000 ) ;
#2468 = EDGE_CURVE ( 'NONE', #5737, #901, #1596, .T. ) ;
#2469 = EDGE_CURVE ( 'NONE', #5047, #3773, #3848, .T. ) ;
#2470 = ORIENTED_EDGE ( 'NONE', *, *, #793, .F. ) ;
#2471 = LINE ( 'NONE', #2994, #6092 ) ;
#2472 = EDGE_LOOP ( 'NONE', ( #1595, #2419, #3661, #64 ) ) ;
#2473 = EDGE_CURVE ( 'NONE', #3813, #3189, #912, .T. ) ;
#2474 = CARTESIAN_POINT ( 'NONE',  ( 11.75000000000080114, -32.00000000000001421, 2.000000000000000000 ) ) ;
#2475 = EDGE_CURVE ( 'NONE', #725, #4671, #5061, .T. ) ;
#2476 = AXIS2_PLACEMENT_3D ( 'NONE', #2555, #3159, #232 ) ;
#2477 = EDGE_CURVE ( 'NONE', #6487, #75, #2137, .T. ) ;
#2478 = ORIENTED_EDGE ( 'NONE', *, *, #6215, .T. ) ;
#2479 = AXIS2_PLACEMENT_3D ( 'NONE', #2923, #5780, #5172 ) ;
#2480 = LINE ( 'NONE', #7112, #797 ) ;
#2481 = CARTESIAN_POINT ( 'NONE',  ( 12.74999999999999822, 30.99999999999998579, 2.000000000000000000 ) ) ;
#2482 = VECTOR ( 'NONE', #6471, 1000.000000000000000 ) ;
#2483 = CARTESIAN_POINT ( 'NONE',  ( 31.75000000000079226, -45.00000000000001421, 0.000000000000000000 ) ) ;
#2484 = CARTESIAN_POINT ( 'NONE',  ( 6.250000000000199840, 11.99999999999998579, 2.000000000000000000 ) ) ;
#2485 = DIRECTION ( 'NONE',  ( -0.000000000000000000, -0.000000000000000000, -1.000000000000000000 ) ) ;
#2486 = CARTESIAN_POINT ( 'NONE',  ( -43.50000000000002132, -46.50000000000001421, 2.000000000000000000 ) ) ;
#2487 = CIRCLE ( 'NONE', #2823, 1.000000000000000888 ) ;
#2488 = FACE_BOUND ( 'NONE', #1461, .T. ) ;
#2489 = VERTEX_POINT ( 'NONE', #7313 ) ;
#2490 = FACE_OUTER_BOUND ( 'NONE', #4355, .T. ) ;
#2491 = VECTOR ( 'NONE', #6438, 1000.000000000000000 ) ;
#2492 = ORIENTED_EDGE ( 'NONE', *, *, #7271, .T. ) ;
#2493 = ORIENTED_EDGE ( 'NONE', *, *, #4179, .T. ) ;
#2494 = ORIENTED_EDGE ( 'NONE', *, *, #3956, .F. ) ;
#2495 = FACE_OUTER_BOUND ( 'NONE', #4810, .T. ) ;
#2496 = ORIENTED_EDGE ( 'NONE', *, *, #5040, .F. ) ;
#2497 = DIRECTION ( 'NONE',  ( 0.000000000000000000, 0.000000000000000000, 1.000000000000000000 ) ) ;
#2498 = DIRECTION ( 'NONE',  ( -0.000000000000000000, -0.000000000000000000, -1.000000000000000000 ) ) ;
#2499 = DIRECTION ( 'NONE',  ( -1.000000000000000000, 0.000000000000000000, 0.000000000000000000 ) ) ;
#2500 = VERTEX_POINT ( 'NONE', #5710 ) ;
#2501 = CARTESIAN_POINT ( 'NONE',  ( 44.25000000000019185, 24.99999999999998579, 0.000000000000000000 ) ) ;
#2502 = ORIENTED_EDGE ( 'NONE', *, *, #2734, .F. ) ;
#2503 = ORIENTED_EDGE ( 'NONE', *, *, #2661, .T. ) ;
#2504 = EDGE_LOOP ( 'NONE', ( #1314, #3472, #3749, #5747 ) ) ;
#2505 = DIRECTION ( 'NONE',  ( -0.000000000000000000, -0.000000000000000000, -1.000000000000000000 ) ) ;
#2506 = EDGE_CURVE ( 'NONE', #5081, #200, #988, .T. ) ;
#2507 = DIRECTION ( 'NONE',  ( 0.000000000000000000, 0.000000000000000000, 1.000000000000000000 ) ) ;
#2508 = VERTEX_POINT ( 'NONE', #6242 ) ;
#2509 = DIRECTION ( 'NONE',  ( 1.000000000000000000, 0.000000000000000000, 0.000000000000000000 ) ) ;
#2510 = VERTEX_POINT ( 'NONE', #1491 ) ;
#2511 = ORIENTED_EDGE ( 'NONE', *, *, #3340, .F. ) ;
#2512 = FACE_OUTER_BOUND ( 'NONE', #4881, .T. ) ;
#2513 = CARTESIAN_POINT ( 'NONE',  ( 25.25000000000058975, -26.00000000000001066, 2.000000000000000000 ) ) ;
#2514 = LINE ( 'NONE', #1830, #2311 ) ;
#2515 = ADVANCED_FACE ( 'NONE', ( #2675 ), #2246, .F. ) ;
#2516 = CARTESIAN_POINT ( 'NONE',  ( -25.24999999999980105, 24.99999999999998579, 0.000000000000000000 ) ) ;
#2517 = VECTOR ( 'NONE', #7026, 1000.000000000000000 ) ;
#2518 = EDGE_CURVE ( 'NONE', #573, #3451, #6173, .T. ) ;
#2519 = EDGE_CURVE ( 'NONE', #4827, #4930, #2097, .T. ) ;
#2520 = CARTESIAN_POINT ( 'NONE',  ( 44.25000000000078870, -45.00000000000001421, 2.000000000000000000 ) ) ;
#2521 = DIRECTION ( 'NONE',  ( -1.000000000000000000, 0.000000000000000000, 0.000000000000000000 ) ) ;
#2522 = VECTOR ( 'NONE', #2148, 1000.000000000000000 ) ;
#2523 = DIRECTION ( 'NONE',  ( -1.000000000000000000, -1.595148023886719315E-16, 0.000000000000000000 ) ) ;
#2524 = DIRECTION ( 'NONE',  ( 1.000000000000000000, 0.000000000000000000, 0.000000000000000000 ) ) ;
#2525 = VERTEX_POINT ( 'NONE', #4455 ) ;
#2526 = AXIS2_PLACEMENT_3D ( 'NONE', #1455, #3177, #4854 ) ;
#2527 = VECTOR ( 'NONE', #78, 1000.000000000000000 ) ;
#2528 = VERTEX_POINT ( 'NONE', #5142 ) ;
#2529 = ORIENTED_EDGE ( 'NONE', *, *, #5630, .F. ) ;
#2530 = DIRECTION ( 'NONE',  ( -0.000000000000000000, -0.000000000000000000, -1.000000000000000000 ) ) ;
#2531 = CARTESIAN_POINT ( 'NONE',  ( -44.24999999999919709, -45.00000000000001421, 0.000000000000000000 ) ) ;
#2532 = LINE ( 'NONE', #7315, #5471 ) ;
#2533 = LINE ( 'NONE', #206, #6402 ) ;
#2534 = ORIENTED_EDGE ( 'NONE', *, *, #7153, .T. ) ;
#2535 = LINE ( 'NONE', #4856, #3211 ) ;
#2536 = ORIENTED_EDGE ( 'NONE', *, *, #5477, .T. ) ;
#2537 = VERTEX_POINT ( 'NONE', #463 ) ;
#2538 = ORIENTED_EDGE ( 'NONE', *, *, #5879, .T. ) ;
#2539 = LINE ( 'NONE', #5504, #4608 ) ;
#2540 = AXIS2_PLACEMENT_3D ( 'NONE', #3538, #1836, #4029 ) ;
#2541 = DIRECTION ( 'NONE',  ( 1.000000000000000000, 0.000000000000000000, -0.000000000000000000 ) ) ;
#2542 = ORIENTED_EDGE ( 'NONE', *, *, #550, .F. ) ;
#2543 = DIRECTION ( 'NONE',  ( 0.000000000000000000, 1.000000000000000000, 0.000000000000000000 ) ) ;
#2544 = EDGE_CURVE ( 'NONE', #7100, #7471, #7418, .T. ) ;
#2545 = ORIENTED_EDGE ( 'NONE', *, *, #4637, .F. ) ;
#2546 = AXIS2_PLACEMENT_3D ( 'NONE', #3032, #5319, #2956 ) ;
#2547 = DIRECTION ( 'NONE',  ( 1.000000000000000000, 0.000000000000000000, 0.000000000000000000 ) ) ;
#2548 = EDGE_CURVE ( 'NONE', #4318, #7509, #1598, .T. ) ;
#2549 = DIRECTION ( 'NONE',  ( 1.000000000000000000, 0.000000000000000000, 0.000000000000000000 ) ) ;
#2550 = FACE_OUTER_BOUND ( 'NONE', #7446, .T. ) ;
#2551 = FACE_OUTER_BOUND ( 'NONE', #6710, .T. ) ;
#2552 = CIRCLE ( 'NONE', #4741, 0.9999999999999974465 ) ;
#2553 = CYLINDRICAL_SURFACE ( 'NONE', #5028, 1.000000000000000888 ) ;
#2554 = EDGE_CURVE ( 'NONE', #3586, #4627, #1635, .T. ) ;
#2555 = CARTESIAN_POINT ( 'NONE',  ( 12.74999999999999822, 44.99999999999997868, 2.000000000000000000 ) ) ;
#2556 = LINE ( 'NONE', #4876, #2712 ) ;
#2557 = DIRECTION ( 'NONE',  ( -0.000000000000000000, -0.000000000000000000, -1.000000000000000000 ) ) ;
#2558 = CARTESIAN_POINT ( 'NONE',  ( -25.24999999999959854, 5.999999999999984901, 0.000000000000000000 ) ) ;
#2559 = VECTOR ( 'NONE', #4273, 1000.000000000000000 ) ;
#2560 = EDGE_CURVE ( 'NONE', #324, #4796, #3960, .T. ) ;
#2561 = ORIENTED_EDGE ( 'NONE', *, *, #3685, .F. ) ;
#2562 = CIRCLE ( 'NONE', #6805, 1.000000000000000888 ) ;
#2563 = EDGE_CURVE ( 'NONE', #3873, #6429, #1362, .T. ) ;
#2564 = EDGE_CURVE ( 'NONE', #1822, #1891, #3282, .T. ) ;
#2565 = ORIENTED_EDGE ( 'NONE', *, *, #4218, .T. ) ;
#2566 = DIRECTION ( 'NONE',  ( -1.000000000000000000, 0.000000000000000000, 0.000000000000000000 ) ) ;
#2567 = DIRECTION ( 'NONE',  ( -0.000000000000000000, 1.000000000000000000, -0.000000000000000000 ) ) ;
#2568 = DIRECTION ( 'NONE',  ( -0.000000000000000000, -0.000000000000000000, -1.000000000000000000 ) ) ;
#2569 = VECTOR ( 'NONE', #3377, 1000.000000000000000 ) ;
#2570 = DIRECTION ( 'NONE',  ( 1.000000000000000000, 0.000000000000000000, 0.000000000000000000 ) ) ;
#2571 = CARTESIAN_POINT ( 'NONE',  ( -31.75000000000000000, 44.99999999999997868, 2.000000000000000000 ) ) ;
#2572 = CARTESIAN_POINT ( 'NONE',  ( 45.25000000000078870, -32.00000000000001421, 2.000000000000000000 ) ) ;
#2573 = VERTEX_POINT ( 'NONE', #3244 ) ;
#2574 = DIRECTION ( 'NONE',  ( 1.000000000000000000, 0.000000000000000000, 0.000000000000000000 ) ) ;
#2575 = ORIENTED_EDGE ( 'NONE', *, *, #4325, .T. ) ;
#2576 = AXIS2_PLACEMENT_3D ( 'NONE', #6979, #4668, #1771 ) ;
#2577 = EDGE_LOOP ( 'NONE', ( #2989, #5305, #370, #4358 ) ) ;
#2578 = VERTEX_POINT ( 'NONE', #3389 ) ;
#2579 = CARTESIAN_POINT ( 'NONE',  ( 6.250000000000394351, 5.999999999999984901, 2.000000000000000000 ) ) ;
#2580 = CARTESIAN_POINT ( 'NONE',  ( 7.250000000000794032, -32.00000000000001421, 2.000000000000000000 ) ) ;
#2581 = ORIENTED_EDGE ( 'NONE', *, *, #1027, .T. ) ;
#2582 = CARTESIAN_POINT ( 'NONE',  ( 31.75000000000019540, 25.99999999999997868, 2.000000000000000000 ) ) ;
#2583 = ORIENTED_EDGE ( 'NONE', *, *, #7066, .F. ) ;
#2584 = EDGE_LOOP ( 'NONE', ( #3941, #2663, #493, #1423 ) ) ;
#2585 = CARTESIAN_POINT ( 'NONE',  ( 6.250000000000199840, 25.99999999999997868, 0.000000000000000000 ) ) ;
#2586 = VECTOR ( 'NONE', #4727, 1000.000000000000000 ) ;
#2587 = DIRECTION ( 'NONE',  ( -0.000000000000000000, -0.000000000000000000, -1.000000000000000000 ) ) ;
#2588 = AXIS2_PLACEMENT_3D ( 'NONE', #2917, #7474, #2350 ) ;
#2589 = DIRECTION ( 'NONE',  ( 1.000000000000000000, 0.000000000000000000, 0.000000000000000000 ) ) ;
#2590 = DIRECTION ( 'NONE',  ( -1.000000000000000000, 0.000000000000000000, 0.000000000000000000 ) ) ;
#2591 = DIRECTION ( 'NONE',  ( -0.000000000000000000, -0.000000000000000000, -1.000000000000000000 ) ) ;
#2592 = CARTESIAN_POINT ( 'NONE',  ( 6.250000000000595080, -13.00000000000001066, 2.000000000000000000 ) ) ;
#2593 = VECTOR ( 'NONE', #6856, 1000.000000000000000 ) ;
#2594 = AXIS2_PLACEMENT_3D ( 'NONE', #792, #309, #5409 ) ;
#2595 = CYLINDRICAL_SURFACE ( 'NONE', #398, 1.000000000000000888 ) ;
#2596 = DIRECTION ( 'NONE',  ( -1.000000000000000000, 0.000000000000000000, 0.000000000000000000 ) ) ;
#2597 = AXIS2_PLACEMENT_3D ( 'NONE', #503, #3284, #2716 ) ;
#2598 = LINE ( 'NONE', #2707, #4838 ) ;
#2599 = EDGE_CURVE ( 'NONE', #4634, #1042, #5568, .T. ) ;
#2600 = CARTESIAN_POINT ( 'NONE',  ( -25.24999999999959854, -7.000000000000013323, 2.000000000000000000 ) ) ;
#2601 = VERTEX_POINT ( 'NONE', #2714 ) ;
#2602 = EDGE_CURVE ( 'NONE', #1499, #4898, #5029, .T. ) ;
#2603 = EDGE_LOOP ( 'NONE', ( #4430, #1240, #3444, #1002, #5188, #4354, #5027, #1839 ) ) ;
#2604 = AXIS2_PLACEMENT_3D ( 'NONE', #1997, #4316, #5498 ) ;
#2605 = ORIENTED_EDGE ( 'NONE', *, *, #7476, .F. ) ;
#2606 = CARTESIAN_POINT ( 'NONE',  ( 26.25000000000058975, -13.00000000000001066, 2.000000000000000000 ) ) ;
#2607 = CARTESIAN_POINT ( 'NONE',  ( 12.75000000000059330, -13.00000000000001066, 2.000000000000000000 ) ) ;
#2608 = DIRECTION ( 'NONE',  ( 0.000000000000000000, 1.000000000000000000, 0.000000000000000000 ) ) ;
#2609 = DIRECTION ( 'NONE',  ( 1.000000000000000000, 0.000000000000000000, 0.000000000000000000 ) ) ;
#2610 = EDGE_CURVE ( 'NONE', #3916, #2613, #3319, .T. ) ;
#2611 = CARTESIAN_POINT ( 'NONE',  ( -28.49999999999998934, -28.50000000000000355, 8.572527594031469492E-17 ) ) ;
#2612 = DIRECTION ( 'NONE',  ( -0.000000000000000000, 1.000000000000000000, -0.000000000000000000 ) ) ;
#2613 = VERTEX_POINT ( 'NONE', #81 ) ;
#2614 = DIRECTION ( 'NONE',  ( -1.000000000000000000, -7.975740119433594108E-17, 0.000000000000000000 ) ) ;
#2615 = ADVANCED_FACE ( 'NONE', ( #2934 ), #2322, .T. ) ;
#2616 = VERTEX_POINT ( 'NONE', #6430 ) ;
#2617 = EDGE_LOOP ( 'NONE', ( #6625, #111 ) ) ;
#2618 = EDGE_CURVE ( 'NONE', #3870, #5940, #1974, .T. ) ;
#2619 = VERTEX_POINT ( 'NONE', #3460 ) ;
#2620 = LINE ( 'NONE', #4283, #6791 ) ;
#2621 = EDGE_CURVE ( 'NONE', #561, #2489, #3543, .T. ) ;
#2622 = DIRECTION ( 'NONE',  ( 0.000000000000000000, 1.000000000000000000, 0.000000000000000000 ) ) ;
#2623 = ORIENTED_EDGE ( 'NONE', *, *, #4402, .F. ) ;
#2624 = DIRECTION ( 'NONE',  ( 0.000000000000000000, 0.000000000000000000, 1.000000000000000000 ) ) ;
#2625 = EDGE_LOOP ( 'NONE', ( #4240, #7038, #2575, #134 ) ) ;
#2626 = ORIENTED_EDGE ( 'NONE', *, *, #542, .F. ) ;
#2627 = EDGE_LOOP ( 'NONE', ( #4234, #4478, #6064, #2049 ) ) ;
#2628 = EDGE_CURVE ( 'NONE', #3750, #6609, #1174, .T. ) ;
#2629 = DIRECTION ( 'NONE',  ( 1.000000000000000000, 0.000000000000000000, 0.000000000000000000 ) ) ;
#2630 = CYLINDRICAL_SURFACE ( 'NONE', #6657, 0.9999999999999940048 ) ;
#2631 = DIRECTION ( 'NONE',  ( -1.000000000000000000, 0.000000000000000000, 0.000000000000000000 ) ) ;
#2632 = CARTESIAN_POINT ( 'NONE',  ( -11.74999999999960032, 5.999999999999984901, 2.000000000000000000 ) ) ;
#2633 = CARTESIAN_POINT ( 'NONE',  ( 6.250000000000394351, 5.999999999999984901, 2.000000000000000000 ) ) ;
#2634 = CARTESIAN_POINT ( 'NONE',  ( 30.75000000000020250, 12.99999999999999112, 0.000000000000000000 ) ) ;
#2635 = CARTESIAN_POINT ( 'NONE',  ( -6.249999999999402256, -12.00000000000001776, 2.000000000000000000 ) ) ;
#2636 = PLANE ( 'NONE',  #2151 ) ;
#2637 = ORIENTED_EDGE ( 'NONE', *, *, #6133, .F. ) ;
#2638 = ORIENTED_EDGE ( 'NONE', *, *, #1204, .F. ) ;
#2639 = CARTESIAN_POINT ( 'NONE',  ( 30.75000000000000711, 43.99999999999998579, 2.000000000000000000 ) ) ;
#2640 = AXIS2_PLACEMENT_3D ( 'NONE', #5456, #4313, #6988 ) ;
#2641 = FACE_OUTER_BOUND ( 'NONE', #6180, .T. ) ;
#2642 = FACE_OUTER_BOUND ( 'NONE', #3583, .T. ) ;
#2643 = CARTESIAN_POINT ( 'NONE',  ( 6.250000000000199840, 12.99999999999998757, 0.000000000000000000 ) ) ;
#2644 = EDGE_CURVE ( 'NONE', #4696, #139, #685, .T. ) ;
#2645 = CARTESIAN_POINT ( 'NONE',  ( -12.74999999999920242, -31.00000000000002132, 2.000000000000000000 ) ) ;
#2646 = DIRECTION ( 'NONE',  ( -0.000000000000000000, -0.000000000000000000, -1.000000000000000000 ) ) ;
#2647 = VECTOR ( 'NONE', #7166, 1000.000000000000000 ) ;
#2648 = ORIENTED_EDGE ( 'NONE', *, *, #871, .F. ) ;
#2649 = CARTESIAN_POINT ( 'NONE',  ( -30.74999999999920064, -44.00000000000001421, 2.000000000000000000 ) ) ;
#2650 = AXIS2_PLACEMENT_3D ( 'NONE', #7424, #6394, #5833 ) ;
#2651 = EDGE_LOOP ( 'NONE', ( #1017, #6871, #3840, #6607 ) ) ;
#2652 = ORIENTED_EDGE ( 'NONE', *, *, #6420, .F. ) ;
#2653 = VERTEX_POINT ( 'NONE', #4105 ) ;
#2654 = CARTESIAN_POINT ( 'NONE',  ( -11.74999999999980282, 24.99999999999998579, 0.000000000000000000 ) ) ;
#2655 = VECTOR ( 'NONE', #6356, 1000.000000000000000 ) ;
#2656 = AXIS2_PLACEMENT_3D ( 'NONE', #1445, #3770, #5522 ) ;
#2657 = CARTESIAN_POINT ( 'NONE',  ( 12.75000000000019895, 24.99999999999998579, 0.000000000000000000 ) ) ;
#2658 = ORIENTED_EDGE ( 'NONE', *, *, #459, .T. ) ;
#2659 = LINE ( 'NONE', #7288, #4392 ) ;
#2660 = VERTEX_POINT ( 'NONE', #6999 ) ;
#2661 = EDGE_CURVE ( 'NONE', #89, #4968, #1754, .T. ) ;
#2662 = CIRCLE ( 'NONE', #2777, 0.9999999999999974465 ) ;
#2663 = ORIENTED_EDGE ( 'NONE', *, *, #5987, .F. ) ;
#2664 = DIRECTION ( 'NONE',  ( -0.000000000000000000, -0.000000000000000000, -1.000000000000000000 ) ) ;
#2665 = CARTESIAN_POINT ( 'NONE',  ( -44.25000000000000000, 31.99999999999998579, 2.000000000000000000 ) ) ;
#2666 = FACE_OUTER_BOUND ( 'NONE', #6131, .T. ) ;
#2667 = DIRECTION ( 'NONE',  ( -0.000000000000000000, -0.000000000000000000, -1.000000000000000000 ) ) ;
#2668 = ORIENTED_EDGE ( 'NONE', *, *, #5815, .F. ) ;
#2669 = CIRCLE ( 'NONE', #3636, 3.000000000000002665 ) ;
#2670 = FACE_OUTER_BOUND ( 'NONE', #7283, .T. ) ;
#2671 = CARTESIAN_POINT ( 'NONE',  ( -44.24999999999979394, 24.99999999999998579, 2.000000000000000000 ) ) ;
#2672 = CARTESIAN_POINT ( 'NONE',  ( 6.250000000000796696, -44.00000000000001421, 2.000000000000000000 ) ) ;
#2673 = EDGE_CURVE ( 'NONE', #6911, #432, #3915, .T. ) ;
#2674 = ORIENTED_EDGE ( 'NONE', *, *, #6915, .F. ) ;
#2675 = FACE_OUTER_BOUND ( 'NONE', #2953, .T. ) ;
#2676 = LINE ( 'NONE', #4995, #5448 ) ;
#2677 = PLANE ( 'NONE',  #3521 ) ;
#2678 = DIRECTION ( 'NONE',  ( 0.000000000000000000, -1.000000000000000000, 0.000000000000000000 ) ) ;
#2679 = DIRECTION ( 'NONE',  ( -1.000000000000000000, 0.000000000000000000, 0.000000000000000000 ) ) ;
#2680 = DIRECTION ( 'NONE',  ( -0.000000000000000000, -0.000000000000000000, -1.000000000000000000 ) ) ;
#2681 = ORIENTED_EDGE ( 'NONE', *, *, #3262, .T. ) ;
#2682 = DIRECTION ( 'NONE',  ( -1.000000000000000000, 0.000000000000000000, 0.000000000000000000 ) ) ;
#2683 = ORIENTED_EDGE ( 'NONE', *, *, #7392, .F. ) ;
#2684 = EDGE_LOOP ( 'NONE', ( #2561, #2343 ) ) ;
#2685 = CARTESIAN_POINT ( 'NONE',  ( -26.24999999999939604, -25.00000000000000711, 0.000000000000000000 ) ) ;
#2686 = VECTOR ( 'NONE', #6081, 1000.000000000000000 ) ;
#2687 = CARTESIAN_POINT ( 'NONE',  ( 12.75000000000079581, -32.00000000000001421, 2.000000000000000000 ) ) ;
#2688 = ORIENTED_EDGE ( 'NONE', *, *, #2053, .F. ) ;
#2689 = DIRECTION ( 'NONE',  ( 0.000000000000000000, 0.000000000000000000, 1.000000000000000000 ) ) ;
#2690 = VERTEX_POINT ( 'NONE', #4145 ) ;
#2691 = AXIS2_PLACEMENT_3D ( 'NONE', #5288, #598, #5969 ) ;
#2692 = ORIENTED_EDGE ( 'NONE', *, *, #7520, .F. ) ;
#2693 = ORIENTED_EDGE ( 'NONE', *, *, #4702, .T. ) ;
#2694 = CIRCLE ( 'NONE', #1099, 1.000000000000000888 ) ;
#2695 = EDGE_CURVE ( 'NONE', #6259, #6944, #5865, .T. ) ;
#2696 = CARTESIAN_POINT ( 'NONE',  ( 25.25000000000019540, 11.99999999999998579, 2.000000000000000000 ) ) ;
#2697 = CARTESIAN_POINT ( 'NONE',  ( -11.74999999999980638, 24.99999999999998579, 2.000000000000000000 ) ) ;
#2698 = EDGE_CURVE ( 'NONE', #6571, #7100, #2859, .T. ) ;
#2699 = EDGE_CURVE ( 'NONE', #3740, #2909, #4609, .T. ) ;
#2700 = DIRECTION ( 'NONE',  ( -1.000000000000000000, -0.000000000000000000, -0.000000000000000000 ) ) ;
#2701 = EDGE_CURVE ( 'NONE', #4546, #17, #6959, .T. ) ;
#2702 = CARTESIAN_POINT ( 'NONE',  ( 28.49999999999999645, -28.49999999999998934, 2.000000000000000000 ) ) ;
#2703 = ORIENTED_EDGE ( 'NONE', *, *, #3234, .T. ) ;
#2704 = AXIS2_PLACEMENT_3D ( 'NONE', #1857, #2425, #1282 ) ;
#2705 = DIRECTION ( 'NONE',  ( -1.000000000000000000, 0.000000000000000000, 0.000000000000000000 ) ) ;
#2706 = EDGE_CURVE ( 'NONE', #5035, #2024, #6113, .T. ) ;
#2707 = CARTESIAN_POINT ( 'NONE',  ( 45.25000000000000000, 43.99999999999998579, 2.000000000000000000 ) ) ;
#2708 = AXIS2_PLACEMENT_3D ( 'NONE', #2060, #4374, #4333 ) ;
#2709 = DIRECTION ( 'NONE',  ( 1.000000000000000000, 0.000000000000000000, 0.000000000000000000 ) ) ;
#2710 = VECTOR ( 'NONE', #560, 1000.000000000000000 ) ;
#2711 = AXIS2_PLACEMENT_3D ( 'NONE', #4357, #1464, #332 ) ;
#2712 = VECTOR ( 'NONE', #1983, 1000.000000000000000 ) ;
#2713 = ORIENTED_EDGE ( 'NONE', *, *, #4420, .T. ) ;
#2714 = CARTESIAN_POINT ( 'NONE',  ( -6.249999999999200639, -31.00000000000002132, 2.000000000000000000 ) ) ;
#2715 = DIRECTION ( 'NONE',  ( -0.000000000000000000, -0.000000000000000000, -1.000000000000000000 ) ) ;
#2716 = DIRECTION ( 'NONE',  ( 0.000000000000000000, 0.000000000000000000, 1.000000000000000000 ) ) ;
#2717 = AXIS2_PLACEMENT_3D ( 'NONE', #491, #2312, #1014 ) ;
#2718 = PLANE ( 'NONE',  #2272 ) ;
#2719 = VERTEX_POINT ( 'NONE', #650 ) ;
#2720 = DIRECTION ( 'NONE',  ( -1.000000000000000000, 0.000000000000000000, 0.000000000000000000 ) ) ;
#2721 = ORIENTED_EDGE ( 'NONE', *, *, #5432, .F. ) ;
#2722 = CARTESIAN_POINT ( 'NONE',  ( 44.25000000000000000, 43.99999999999998579, 0.000000000000000000 ) ) ;
#2723 = ORIENTED_EDGE ( 'NONE', *, *, #4499, .F. ) ;
#2724 = ORIENTED_EDGE ( 'NONE', *, *, #4186, .F. ) ;
#2725 = CARTESIAN_POINT ( 'NONE',  ( 7.250000000000200728, 12.99999999999998757, 2.000000000000000000 ) ) ;
#2726 = DIRECTION ( 'NONE',  ( -0.000000000000000000, -0.000000000000000000, -1.000000000000000000 ) ) ;
#2727 = ORIENTED_EDGE ( 'NONE', *, *, #2094, .T. ) ;
#2728 = DIRECTION ( 'NONE',  ( -1.000000000000000000, 0.000000000000000000, 0.000000000000000000 ) ) ;
#2729 = VECTOR ( 'NONE', #581, 1000.000000000000000 ) ;
#2730 = ORIENTED_EDGE ( 'NONE', *, *, #6095, .F. ) ;
#2731 = ORIENTED_EDGE ( 'NONE', *, *, #4984, .F. ) ;
#2732 = ORIENTED_EDGE ( 'NONE', *, *, #6645, .T. ) ;
#2733 = EDGE_CURVE ( 'NONE', #3896, #4318, #6312, .T. ) ;
#2734 = EDGE_CURVE ( 'NONE', #2852, #6969, #5751, .T. ) ;
#2735 = CARTESIAN_POINT ( 'NONE',  ( 25.24999999999999289, 31.99999999999998579, 0.000000000000000000 ) ) ;
#2736 = EDGE_CURVE ( 'NONE', #5094, #2439, #1137, .T. ) ;
#2737 = CARTESIAN_POINT ( 'NONE',  ( 26.25000000000019540, 12.99999999999998757, 2.000000000000000000 ) ) ;
#2738 = EDGE_CURVE ( 'NONE', #760, #3137, #5129, .T. ) ;
#2739 = CARTESIAN_POINT ( 'NONE',  ( 26.25000000000039080, 5.999999999999984901, 0.000000000000000000 ) ) ;
#2740 = DIRECTION ( 'NONE',  ( 0.000000000000000000, 0.000000000000000000, 1.000000000000000000 ) ) ;
#2741 = CIRCLE ( 'NONE', #2128, 0.9999999999999940048 ) ;
#2742 = VERTEX_POINT ( 'NONE', #5787 ) ;
#2743 = DIRECTION ( 'NONE',  ( -1.000000000000000000, 0.000000000000000000, 0.000000000000000000 ) ) ;
#2744 = DIRECTION ( 'NONE',  ( -0.000000000000000000, -0.000000000000000000, -1.000000000000000000 ) ) ;
#2745 = EDGE_LOOP ( 'NONE', ( #5834, #6768, #6074, #5549 ) ) ;
#2746 = LINE ( 'NONE', #3771, #4950 ) ;
#2747 = EDGE_CURVE ( 'NONE', #2010, #3475, #2895, .T. ) ;
#2748 = ORIENTED_EDGE ( 'NONE', *, *, #2698, .F. ) ;
#2749 = CARTESIAN_POINT ( 'NONE',  ( 12.75000000000059330, -12.00000000000001776, 0.000000000000000000 ) ) ;
#2750 = CARTESIAN_POINT ( 'NONE',  ( 30.75000000000020250, 12.99999999999998757, 2.000000000000000000 ) ) ;
#2751 = CARTESIAN_POINT ( 'NONE',  ( 31.75000000000019540, 24.99999999999998579, 2.000000000000000000 ) ) ;
#2752 = FACE_BOUND ( 'NONE', #5808, .T. ) ;
#2753 = DIRECTION ( 'NONE',  ( 0.000000000000000000, 0.000000000000000000, 1.000000000000000000 ) ) ;
#2754 = VERTEX_POINT ( 'NONE', #8 ) ;
#2755 = FACE_OUTER_BOUND ( 'NONE', #183, .T. ) ;
#2756 = AXIS2_PLACEMENT_3D ( 'NONE', #5495, #7357, #3324 ) ;
#2757 = EDGE_LOOP ( 'NONE', ( #7309, #4745, #1431, #1016, #978, #7499, #5083, #3141 ) ) ;
#2758 = ORIENTED_EDGE ( 'NONE', *, *, #6144, .F. ) ;
#2759 = CARTESIAN_POINT ( 'NONE',  ( -45.24999999999959499, 5.999999999999984901, 2.000000000000000000 ) ) ;
#2760 = LINE ( 'NONE', #3364, #4120 ) ;
#2761 = LINE ( 'NONE', #6326, #4535 ) ;
#2762 = AXIS2_PLACEMENT_3D ( 'NONE', #724, #5876, #6550 ) ;
#2763 = ORIENTED_EDGE ( 'NONE', *, *, #1853, .F. ) ;
#2764 = CARTESIAN_POINT ( 'NONE',  ( 25.25000000000079226, -44.00000000000001421, 2.000000000000000000 ) ) ;
#2765 = ORIENTED_EDGE ( 'NONE', *, *, #6508, .T. ) ;
#2766 = VERTEX_POINT ( 'NONE', #2441 ) ;
#2767 = VECTOR ( 'NONE', #497, 1000.000000000000000 ) ;
#2768 = CARTESIAN_POINT ( 'NONE',  ( -30.74999999999960210, -6.000000000000012434, 2.000000000000000000 ) ) ;
#2769 = CARTESIAN_POINT ( 'NONE',  ( 25.25000000000039080, -7.000000000000013323, 0.000000000000000000 ) ) ;
#2770 = EDGE_CURVE ( 'NONE', #5012, #2898, #3797, .T. ) ;
#2771 = CARTESIAN_POINT ( 'NONE',  ( 27.29999999999998650, 28.49999999999999645, 8.572527594031469492E-17 ) ) ;
#2772 = LINE ( 'NONE', #7478, #4873 ) ;
#2773 = ORIENTED_EDGE ( 'NONE', *, *, #4218, .F. ) ;
#2774 = DIRECTION ( 'NONE',  ( 0.000000000000000000, 0.000000000000000000, 1.000000000000000000 ) ) ;
#2775 = ORIENTED_EDGE ( 'NONE', *, *, #3685, .T. ) ;
#2776 = DIRECTION ( 'NONE',  ( 0.000000000000000000, 1.000000000000000000, 0.000000000000000000 ) ) ;
#2777 = AXIS2_PLACEMENT_3D ( 'NONE', #2287, #2860, #4610 ) ;
#2778 = DIRECTION ( 'NONE',  ( 0.000000000000000000, 1.000000000000000000, 0.000000000000000000 ) ) ;
#2779 = DIRECTION ( 'NONE',  ( 1.000000000000000000, 0.000000000000000000, 0.000000000000000000 ) ) ;
#2780 = EDGE_CURVE ( 'NONE', #2500, #1279, #5739, .T. ) ;
#2781 = AXIS2_PLACEMENT_3D ( 'NONE', #1513, #3272, #342 ) ;
#2782 = ORIENTED_EDGE ( 'NONE', *, *, #5442, .F. ) ;
#2783 = DIRECTION ( 'NONE',  ( -1.000000000000000000, 0.000000000000000000, 0.000000000000000000 ) ) ;
#2784 = DIRECTION ( 'NONE',  ( 1.000000000000000000, 0.000000000000000000, 0.000000000000000000 ) ) ;
#2785 = CARTESIAN_POINT ( 'NONE',  ( -25.24999999999980105, 12.99999999999998757, 2.000000000000000000 ) ) ;
#2786 = FACE_BOUND ( 'NONE', #7280, .T. ) ;
#2787 = CARTESIAN_POINT ( 'NONE',  ( 12.75000000000039257, -7.000000000000013323, 2.000000000000000000 ) ) ;
#2788 = ADVANCED_FACE ( 'NONE', ( #627 ), #1196, .T. ) ;
#2789 = ORIENTED_EDGE ( 'NONE', *, *, #1519, .F. ) ;
#2790 = ADVANCED_FACE ( 'NONE', ( #5890 ), #2385, .F. ) ;
#2791 = CARTESIAN_POINT ( 'NONE',  ( -44.24999999999919709, -45.00000000000001421, 2.000000000000000000 ) ) ;
#2792 = VECTOR ( 'NONE', #5383, 1000.000000000000000 ) ;
#2793 = ORIENTED_EDGE ( 'NONE', *, *, #6976, .F. ) ;
#2794 = VERTEX_POINT ( 'NONE', #593 ) ;
#2795 = LINE ( 'NONE', #6185, #1999 ) ;
#2796 = FACE_OUTER_BOUND ( 'NONE', #6862, .T. ) ;
#2797 = DIRECTION ( 'NONE',  ( -0.000000000000000000, -0.000000000000000000, -1.000000000000000000 ) ) ;
#2798 = ORIENTED_EDGE ( 'NONE', *, *, #584, .T. ) ;
#2799 = CARTESIAN_POINT ( 'NONE',  ( -26.24999999999959144, 5.999999999999984901, 2.000000000000000000 ) ) ;
#2800 = ORIENTED_EDGE ( 'NONE', *, *, #5280, .F. ) ;
#2801 = AXIS2_PLACEMENT_3D ( 'NONE', #5273, #4201, #4118 ) ;
#2802 = AXIS2_PLACEMENT_3D ( 'NONE', #5707, #566, #2244 ) ;
#2803 = ORIENTED_EDGE ( 'NONE', *, *, #2673, .F. ) ;
#2804 = ORIENTED_EDGE ( 'NONE', *, *, #2263, .F. ) ;
#2805 = CARTESIAN_POINT ( 'NONE',  ( 12.75000000000059330, -12.00000000000001776, 0.000000000000000000 ) ) ;
#2806 = DIRECTION ( 'NONE',  ( 0.000000000000000000, 1.000000000000000000, 0.000000000000000000 ) ) ;
#2807 = CARTESIAN_POINT ( 'NONE',  ( -45.24999999999939604, -13.00000000000001066, 0.000000000000000000 ) ) ;
#2808 = VECTOR ( 'NONE', #5778, 1000.000000000000000 ) ;
#2809 = CARTESIAN_POINT ( 'NONE',  ( 43.50000000000000000, 43.50000000000000000, 2.000000000000000000 ) ) ;
#2810 = ORIENTED_EDGE ( 'NONE', *, *, #95, .T. ) ;
#2811 = LINE ( 'NONE', #5128, #1607 ) ;
#2812 = EDGE_LOOP ( 'NONE', ( #6938, #7047, #6937, #4276 ) ) ;
#2813 = CIRCLE ( 'NONE', #7065, 1.000000000000000888 ) ;
#2814 = DIRECTION ( 'NONE',  ( -0.000000000000000000, -0.000000000000000000, -1.000000000000000000 ) ) ;
#2815 = PLANE ( 'NONE',  #7379 ) ;
#2816 = CARTESIAN_POINT ( 'NONE',  ( -45.24999999999999289, 43.99999999999998579, 2.000000000000000000 ) ) ;
#2817 = ORIENTED_EDGE ( 'NONE', *, *, #6742, .F. ) ;
#2818 = DIRECTION ( 'NONE',  ( -1.000000000000000000, 0.000000000000000000, 0.000000000000000000 ) ) ;
#2819 = DIRECTION ( 'NONE',  ( 1.000000000000000000, 0.000000000000000000, 0.000000000000000000 ) ) ;
#2820 = AXIS2_PLACEMENT_3D ( 'NONE', #1835, #4570, #6880 ) ;
#2821 = PLANE ( 'NONE',  #2597 ) ;
#2822 = EDGE_CURVE ( 'NONE', #745, #165, #4733, .T. ) ;
#2823 = AXIS2_PLACEMENT_3D ( 'NONE', #1553, #4910, #7302 ) ;
#2824 = FACE_BOUND ( 'NONE', #5502, .T. ) ;
#2825 = AXIS2_PLACEMENT_3D ( 'NONE', #1010, #5661, #4592 ) ;
#2826 = LINE ( 'NONE', #5793, #6039 ) ;
#2827 = EDGE_CURVE ( 'NONE', #2240, #745, #6491, .T. ) ;
#2828 = VERTEX_POINT ( 'NONE', #7061 ) ;
#2829 = VECTOR ( 'NONE', #3730, 1000.000000000000000 ) ;
#2830 = VERTEX_POINT ( 'NONE', #6450 ) ;
#2831 = AXIS2_PLACEMENT_3D ( 'NONE', #1588, #5251, #2162 ) ;
#2832 = DIRECTION ( 'NONE',  ( 0.000000000000000000, 0.000000000000000000, 1.000000000000000000 ) ) ;
#2833 = ADVANCED_FACE ( 'NONE', ( #4629 ), #7102, .F. ) ;
#2834 = CARTESIAN_POINT ( 'NONE',  ( -11.74999999999920242, -44.00000000000001421, 2.000000000000000000 ) ) ;
#2835 = VECTOR ( 'NONE', #6780, 1000.000000000000000 ) ;
#2836 = CARTESIAN_POINT ( 'NONE',  ( -30.75000000000000000, 43.99999999999998579, 2.000000000000000000 ) ) ;
#2837 = ADVANCED_FACE ( 'NONE', ( #3518 ), #6373, .T. ) ;
#2838 = VERTEX_POINT ( 'NONE', #5925 ) ;
#2839 = LINE ( 'NONE', #5118, #1226 ) ;
#2840 = VERTEX_POINT ( 'NONE', #741 ) ;
#2841 = EDGE_CURVE ( 'NONE', #621, #6025, #3387, .T. ) ;
#2842 = VERTEX_POINT ( 'NONE', #708 ) ;
#2843 = ADVANCED_FACE ( 'NONE', ( #6529 ), #4710, .F. ) ;
#2844 = ORIENTED_EDGE ( 'NONE', *, *, #5870, .F. ) ;
#2845 = AXIS2_PLACEMENT_3D ( 'NONE', #3498, #1752, #6216 ) ;
#2846 = CARTESIAN_POINT ( 'NONE',  ( -30.74999999999920064, -32.00000000000001421, 2.000000000000000000 ) ) ;
#2847 = FACE_OUTER_BOUND ( 'NONE', #2472, .T. ) ;
#2848 = AXIS2_PLACEMENT_3D ( 'NONE', #4883, #5991, #7199 ) ;
#2849 = LINE ( 'NONE', #3875, #688 ) ;
#2850 = VERTEX_POINT ( 'NONE', #4208 ) ;
#2851 = DIRECTION ( 'NONE',  ( -1.000000000000000000, 0.000000000000000000, 0.000000000000000000 ) ) ;
#2852 = VERTEX_POINT ( 'NONE', #3559 ) ;
#2853 = CARTESIAN_POINT ( 'NONE',  ( -25.24999999999959854, 6.999999999999978684, 2.000000000000000000 ) ) ;
#2854 = EDGE_CURVE ( 'NONE', #4027, #2067, #4788, .T. ) ;
#2855 = ORIENTED_EDGE ( 'NONE', *, *, #649, .F. ) ;
#2856 = LINE ( 'NONE', #5133, #7382 ) ;
#2857 = CARTESIAN_POINT ( 'NONE',  ( 11.75000000000020428, 24.99999999999998579, 2.000000000000000000 ) ) ;
#2858 = ORIENTED_EDGE ( 'NONE', *, *, #4471, .T. ) ;
#2859 = LINE ( 'NONE', #1261, #6586 ) ;
#2860 = DIRECTION ( 'NONE',  ( 0.000000000000000000, 0.000000000000000000, 1.000000000000000000 ) ) ;
#2861 = DIRECTION ( 'NONE',  ( -0.000000000000000000, -0.000000000000000000, -1.000000000000000000 ) ) ;
#2862 = FACE_OUTER_BOUND ( 'NONE', #1770, .T. ) ;
#2863 = CARTESIAN_POINT ( 'NONE',  ( -7.249999999999194422, -32.00000000000001421, 2.000000000000000000 ) ) ;
#2864 = ADVANCED_FACE ( 'NONE', ( #3638 ), #4052, .T. ) ;
#2865 = ORIENTED_EDGE ( 'NONE', *, *, #3842, .F. ) ;
#2866 = EDGE_LOOP ( 'NONE', ( #1797, #3860, #7282, #5457 ) ) ;
#2867 = ORIENTED_EDGE ( 'NONE', *, *, #3517, .T. ) ;
#2868 = ORIENTED_EDGE ( 'NONE', *, *, #5750, .F. ) ;
#2869 = DIRECTION ( 'NONE',  ( -1.000000000000000000, -0.000000000000000000, -0.000000000000000000 ) ) ;
#2870 = DIRECTION ( 'NONE',  ( -0.000000000000000000, -0.000000000000000000, -1.000000000000000000 ) ) ;
#2871 = EDGE_CURVE ( 'NONE', #7054, #368, #1235, .T. ) ;
#2872 = DIRECTION ( 'NONE',  ( 1.000000000000000000, 0.000000000000000000, 0.000000000000000000 ) ) ;
#2873 = EDGE_LOOP ( 'NONE', ( #6370, #2123, #3832, #2944 ) ) ;
#2874 = DIRECTION ( 'NONE',  ( 1.000000000000000000, 0.000000000000000000, 0.000000000000000000 ) ) ;
#2875 = AXIS2_PLACEMENT_3D ( 'NONE', #5892, #1418, #3746 ) ;
#2876 = EDGE_LOOP ( 'NONE', ( #1632, #819, #4039, #5888 ) ) ;
#2877 = EDGE_LOOP ( 'NONE', ( #1140, #2038, #3668, #6031, #213, #2093, #5158, #5313 ) ) ;
#2878 = ORIENTED_EDGE ( 'NONE', *, *, #6385, .F. ) ;
#2879 = CIRCLE ( 'NONE', #3849, 0.9999999999999974465 ) ;
#2880 = CARTESIAN_POINT ( 'NONE',  ( 12.75000000000079581, -45.00000000000001421, 2.000000000000000000 ) ) ;
#2881 = DIRECTION ( 'NONE',  ( 0.000000000000000000, -0.000000000000000000, 1.000000000000000000 ) ) ;
#2882 = DIRECTION ( 'NONE',  ( 0.000000000000000000, 0.000000000000000000, 1.000000000000000000 ) ) ;
#2883 = EDGE_CURVE ( 'NONE', #3221, #5559, #1072, .T. ) ;
#2884 = ORIENTED_EDGE ( 'NONE', *, *, #7064, .F. ) ;
#2885 = CARTESIAN_POINT ( 'NONE',  ( -11.74999999999940314, -13.00000000000001066, 2.000000000000000000 ) ) ;
#2886 = ORIENTED_EDGE ( 'NONE', *, *, #923, .F. ) ;
#2887 = VECTOR ( 'NONE', #2108, 1000.000000000000000 ) ;
#2888 = CARTESIAN_POINT ( 'NONE',  ( -11.74999999999920597, -32.00000000000001421, 2.000000000000000000 ) ) ;
#2889 = CIRCLE ( 'NONE', #1670, 0.9999999999999940048 ) ;
#2890 = ORIENTED_EDGE ( 'NONE', *, *, #698, .F. ) ;
#2891 = DIRECTION ( 'NONE',  ( -1.000000000000000000, -0.000000000000000000, -0.000000000000000000 ) ) ;
#2892 = DIRECTION ( 'NONE',  ( -0.000000000000000000, 1.000000000000000000, -0.000000000000000000 ) ) ;
#2893 = FILL_AREA_STYLE ('',( #5177 ) ) ;
#2894 = VERTEX_POINT ( 'NONE', #5811 ) ;
#2895 = LINE ( 'NONE', #1676, #155 ) ;
#2896 = DIRECTION ( 'NONE',  ( -1.000000000000000000, 0.000000000000000000, 0.000000000000000000 ) ) ;
#2897 = FACE_OUTER_BOUND ( 'NONE', #3930, .T. ) ;
#2898 = VERTEX_POINT ( 'NONE', #1158 ) ;
#2899 = LINE ( 'NONE', #4496, #3978 ) ;
#2900 = LINE ( 'NONE', #4613, #567 ) ;
#2901 = ORIENTED_EDGE ( 'NONE', *, *, #6915, .T. ) ;
#2902 = ADVANCED_FACE ( 'NONE', ( #3480 ), #5847, .T. ) ;
#2903 = ORIENTED_EDGE ( 'NONE', *, *, #1514, .F. ) ;
#2904 = ORIENTED_EDGE ( 'NONE', *, *, #5310, .T. ) ;
#2905 = FACE_OUTER_BOUND ( 'NONE', #2147, .T. ) ;
#2906 = CARTESIAN_POINT ( 'NONE',  ( 6.250000000000595080, -12.00000000000001776, 2.000000000000000000 ) ) ;
#2907 = DIRECTION ( 'NONE',  ( 0.000000000000000000, -0.000000000000000000, 1.000000000000000000 ) ) ;
#2908 = AXIS2_PLACEMENT_3D ( 'NONE', #150, #4797, #4291 ) ;
#2909 = VERTEX_POINT ( 'NONE', #4356 ) ;
#2910 = PLANE ( 'NONE',  #1845 ) ;
#2911 = ORIENTED_EDGE ( 'NONE', *, *, #5617, .T. ) ;
#2912 = ORIENTED_EDGE ( 'NONE', *, *, #5765, .F. ) ;
#2913 = VERTEX_POINT ( 'NONE', #1392 ) ;
#2914 = DIRECTION ( 'NONE',  ( 1.000000000000000000, 0.000000000000000000, 0.000000000000000000 ) ) ;
#2915 = CYLINDRICAL_SURFACE ( 'NONE', #2101, 0.9999999999999974465 ) ;
#2916 = EDGE_CURVE ( 'NONE', #1460, #7054, #5699, .T. ) ;
#2917 = CARTESIAN_POINT ( 'NONE',  ( 12.75000000000079581, -44.00000000000001421, 2.000000000000000000 ) ) ;
#2918 = DIRECTION ( 'NONE',  ( -0.000000000000000000, -0.000000000000000000, -1.000000000000000000 ) ) ;
#2919 = VERTEX_POINT ( 'NONE', #7251 ) ;
#2920 = CARTESIAN_POINT ( 'NONE',  ( -44.24999999999960210, 5.999999999999984901, 2.000000000000000000 ) ) ;
#2921 = ORIENTED_EDGE ( 'NONE', *, *, #2883, .F. ) ;
#2922 = EDGE_CURVE ( 'NONE', #2380, #6080, #3788, .T. ) ;
#2923 = CARTESIAN_POINT ( 'NONE',  ( -12.74999999999960210, 5.999999999999984901, 2.000000000000000000 ) ) ;
#2924 = ORIENTED_EDGE ( 'NONE', *, *, #6874, .F. ) ;
#2925 = EDGE_CURVE ( 'NONE', #4434, #7069, #3030, .T. ) ;
#2926 = LINE ( 'NONE', #1208, #2936 ) ;
#2927 = CARTESIAN_POINT ( 'NONE',  ( -12.75000000000000178, 30.99999999999998579, 0.000000000000000000 ) ) ;
#2928 = EDGE_CURVE ( 'NONE', #71, #5897, #6670, .T. ) ;
#2929 = CARTESIAN_POINT ( 'NONE',  ( 25.25000000000079226, -44.00000000000001421, 0.000000000000000000 ) ) ;
#2930 = FACE_OUTER_BOUND ( 'NONE', #4032, .T. ) ;
#2931 = CIRCLE ( 'NONE', #618, 0.9999999999999974465 ) ;
#2932 = ORIENTED_EDGE ( 'NONE', *, *, #3290, .T. ) ;
#2933 = EDGE_CURVE ( 'NONE', #6487, #1721, #254, .T. ) ;
#2934 = FACE_OUTER_BOUND ( 'NONE', #7098, .T. ) ;
#2935 = DIRECTION ( 'NONE',  ( -1.000000000000000000, 0.000000000000000000, 0.000000000000000000 ) ) ;
#2936 = VECTOR ( 'NONE', #5175, 1000.000000000000000 ) ;
#2937 = CARTESIAN_POINT ( 'NONE',  ( -30.74999999999920064, -32.00000000000001421, 0.000000000000000000 ) ) ;
#2938 = DIRECTION ( 'NONE',  ( 1.000000000000000000, 0.000000000000000000, 0.000000000000000000 ) ) ;
#2939 = ORIENTED_EDGE ( 'NONE', *, *, #6306, .T. ) ;
#2940 = LINE ( 'NONE', #4000, #7260 ) ;
#2941 = ORIENTED_EDGE ( 'NONE', *, *, #3116, .F. ) ;
#2942 = ADVANCED_FACE ( 'NONE', ( #6117 ), #7216, .F. ) ;
#2943 = VECTOR ( 'NONE', #3925, 1000.000000000000000 ) ;
#2944 = ORIENTED_EDGE ( 'NONE', *, *, #4511, .T. ) ;
#2945 = LINE ( 'NONE', #2451, #1018 ) ;
#2946 = DIRECTION ( 'NONE',  ( 0.000000000000000000, -0.000000000000000000, -1.000000000000000000 ) ) ;
#2947 = AXIS2_PLACEMENT_3D ( 'NONE', #6833, #3339, #5245 ) ;
#2948 = CARTESIAN_POINT ( 'NONE',  ( -26.24999999999979394, 12.99999999999998757, 2.000000000000000000 ) ) ;
#2949 = ORIENTED_EDGE ( 'NONE', *, *, #6426, .T. ) ;
#2950 = DIRECTION ( 'NONE',  ( -0.000000000000000000, -0.000000000000000000, -1.000000000000000000 ) ) ;
#2951 = ORIENTED_EDGE ( 'NONE', *, *, #6734, .F. ) ;
#2952 = VECTOR ( 'NONE', #4794, 1000.000000000000000 ) ;
#2953 = EDGE_LOOP ( 'NONE', ( #5227, #6827, #411, #7376 ) ) ;
#2954 = ORIENTED_EDGE ( 'NONE', *, *, #7448, .T. ) ;
#2955 = AXIS2_PLACEMENT_3D ( 'NONE', #5123, #5733, #5773 ) ;
#2956 = DIRECTION ( 'NONE',  ( -1.000000000000000000, 0.000000000000000000, 0.000000000000000000 ) ) ;
#2957 = CARTESIAN_POINT ( 'NONE',  ( -30.74999999999940314, -13.00000000000001066, 2.000000000000000000 ) ) ;
#2958 = CARTESIAN_POINT ( 'NONE',  ( 31.75000000000059686, -26.00000000000001066, 0.000000000000000000 ) ) ;
#2959 = FACE_OUTER_BOUND ( 'NONE', #1278, .T. ) ;
#2960 = ORIENTED_EDGE ( 'NONE', *, *, #4361, .F. ) ;
#2961 = LINE ( 'NONE', #6380, #7304 ) ;
#2962 = ORIENTED_EDGE ( 'NONE', *, *, #7438, .T. ) ;
#2963 = EDGE_CURVE ( 'NONE', #1534, #73, #3994, .T. ) ;
#2964 = ADVANCED_FACE ( 'NONE', ( #214 ), #7285, .F. ) ;
#2965 = CIRCLE ( 'NONE', #6842, 0.9999999999999940048 ) ;
#2966 = ORIENTED_EDGE ( 'NONE', *, *, #1942, .F. ) ;
#2967 = VERTEX_POINT ( 'NONE', #3712 ) ;
#2968 = DIRECTION ( 'NONE',  ( 1.000000000000000000, 0.000000000000000000, 0.000000000000000000 ) ) ;
#2969 = EDGE_CURVE ( 'NONE', #5209, #6610, #2620, .T. ) ;
#2970 = DIRECTION ( 'NONE',  ( 1.000000000000000000, 0.000000000000000000, 0.000000000000000000 ) ) ;
#2971 = FACE_OUTER_BOUND ( 'NONE', #462, .T. ) ;
#2972 = DIRECTION ( 'NONE',  ( 1.000000000000000000, 0.000000000000000000, -0.000000000000000000 ) ) ;
#2973 = CIRCLE ( 'NONE', #660, 1.199999999999999734 ) ;
#2974 = CARTESIAN_POINT ( 'NONE',  ( -11.74999999999920242, -32.00000000000001421, 0.000000000000000000 ) ) ;
#2975 = CARTESIAN_POINT ( 'NONE',  ( 44.25000000000019185, 25.99999999999997868, 2.000000000000000000 ) ) ;
#2976 = DIRECTION ( 'NONE',  ( -0.000000000000000000, -0.000000000000000000, -1.000000000000000000 ) ) ;
#2977 = DIRECTION ( 'NONE',  ( -0.000000000000000000, -0.000000000000000000, -1.000000000000000000 ) ) ;
#2978 = CARTESIAN_POINT ( 'NONE',  ( -6.249999999999402256, -12.00000000000001776, 0.000000000000000000 ) ) ;
#2979 = EDGE_CURVE ( 'NONE', #6528, #7009, #2669, .T. ) ;
#2980 = ORIENTED_EDGE ( 'NONE', *, *, #5835, .T. ) ;
#2981 = ORIENTED_EDGE ( 'NONE', *, *, #3864, .F. ) ;
#2982 = FACE_OUTER_BOUND ( 'NONE', #4937, .T. ) ;
#2983 = FACE_OUTER_BOUND ( 'NONE', #5612, .T. ) ;
#2984 = DIRECTION ( 'NONE',  ( -0.000000000000000000, -0.000000000000000000, -1.000000000000000000 ) ) ;
#2985 = VERTEX_POINT ( 'NONE', #3830 ) ;
#2986 = DIRECTION ( 'NONE',  ( 0.000000000000000000, -1.000000000000000000, 0.000000000000000000 ) ) ;
#2987 = ORIENTED_EDGE ( 'NONE', *, *, #3898, .F. ) ;
#2988 = ORIENTED_EDGE ( 'NONE', *, *, #3984, .F. ) ;
#2989 = ORIENTED_EDGE ( 'NONE', *, *, #3390, .F. ) ;
#2990 = DIRECTION ( 'NONE',  ( 0.000000000000000000, 0.000000000000000000, 1.000000000000000000 ) ) ;
#2991 = DIRECTION ( 'NONE',  ( 0.000000000000000000, 0.000000000000000000, 1.000000000000000000 ) ) ;
#2992 = CARTESIAN_POINT ( 'NONE',  ( -11.75000000000000355, 43.99999999999998579, 2.000000000000000000 ) ) ;
#2993 = EDGE_LOOP ( 'NONE', ( #2050, #2674, #340, #4207 ) ) ;
#2994 = CARTESIAN_POINT ( 'NONE',  ( -25.24999999999940314, -12.00000000000001776, 2.000000000000000000 ) ) ;
#2995 = EDGE_LOOP ( 'NONE', ( #278, #1889, #4978, #5046 ) ) ;
#2996 = CARTESIAN_POINT ( 'NONE',  ( -12.74999999999920242, -31.00000000000002132, 0.000000000000000000 ) ) ;
#2997 = EDGE_CURVE ( 'NONE', #368, #663, #3186, .T. ) ;
#2998 = EDGE_LOOP ( 'NONE', ( #5962, #438, #3565, #3699 ) ) ;
#2999 = VECTOR ( 'NONE', #7494, 1000.000000000000000 ) ;
#3000 = EDGE_CURVE ( 'NONE', #4519, #5916, #2539, .T. ) ;
#3001 = DIRECTION ( 'NONE',  ( -1.000000000000000000, -0.000000000000000000, -0.000000000000000000 ) ) ;
#3002 = DIRECTION ( 'NONE',  ( -0.000000000000000000, -0.000000000000000000, -1.000000000000000000 ) ) ;
#3003 = VECTOR ( 'NONE', #5573, 1000.000000000000000 ) ;
#3004 = CARTESIAN_POINT ( 'NONE',  ( -31.74999999999960565, 5.999999999999984901, 2.000000000000000000 ) ) ;
#3005 = AXIS2_PLACEMENT_3D ( 'NONE', #1102, #5680, #1640 ) ;
#3006 = DIRECTION ( 'NONE',  ( 0.000000000000000000, 0.000000000000000000, 1.000000000000000000 ) ) ;
#3007 = ORIENTED_EDGE ( 'NONE', *, *, #2822, .T. ) ;
#3008 = VECTOR ( 'NONE', #3429, 1000.000000000000000 ) ;
#3009 = CARTESIAN_POINT ( 'NONE',  ( -25.24999999999920064, -32.00000000000001421, 0.000000000000000000 ) ) ;
#3010 = VECTOR ( 'NONE', #898, 1000.000000000000000 ) ;
#3011 = FACE_OUTER_BOUND ( 'NONE', #373, .T. ) ;
#3012 = FACE_OUTER_BOUND ( 'NONE', #6448, .T. ) ;
#3013 = FACE_BOUND ( 'NONE', #2448, .T. ) ;
#3014 = CARTESIAN_POINT ( 'NONE',  ( 45.25000000000019185, 24.99999999999998579, 2.000000000000000000 ) ) ;
#3015 = EDGE_CURVE ( 'NONE', #5658, #4236, #6605, .T. ) ;
#3016 = ORIENTED_EDGE ( 'NONE', *, *, #3264, .T. ) ;
#3017 = EDGE_LOOP ( 'NONE', ( #6574, #1287, #3881, #2074 ) ) ;
#3018 = DIRECTION ( 'NONE',  ( -1.000000000000000000, 0.000000000000000000, 0.000000000000000000 ) ) ;
#3019 = CARTESIAN_POINT ( 'NONE',  ( -44.24999999999960210, 6.999999999999978684, 0.000000000000000000 ) ) ;
#3020 = EDGE_CURVE ( 'NONE', #2898, #6360, #6717, .T. ) ;
#3021 = CARTESIAN_POINT ( 'NONE',  ( 44.25000000000000000, 43.99999999999998579, 2.000000000000000000 ) ) ;
#3022 = ADVANCED_FACE ( 'NONE', ( #3259 ), #181, .F. ) ;
#3023 = EDGE_CURVE ( 'NONE', #4681, #6080, #6566, .T. ) ;
#3024 = CARTESIAN_POINT ( 'NONE',  ( -31.74999999999920419, -31.00000000000002132, 2.000000000000000000 ) ) ;
#3025 = EDGE_CURVE ( 'NONE', #3847, #3528, #1194, .T. ) ;
#3026 = VERTEX_POINT ( 'NONE', #1966 ) ;
#3027 = DIRECTION ( 'NONE',  ( 0.000000000000000000, 0.000000000000000000, 1.000000000000000000 ) ) ;
#3028 = ORIENTED_EDGE ( 'NONE', *, *, #984, .F. ) ;
#3029 = VERTEX_POINT ( 'NONE', #3142 ) ;
#3030 = CIRCLE ( 'NONE', #7277, 0.9999999999999940048 ) ;
#3031 = VERTEX_POINT ( 'NONE', #2159 ) ;
#3032 = CARTESIAN_POINT ( 'NONE',  ( -31.74999999999920419, -44.00000000000001421, 2.000000000000000000 ) ) ;
#3033 = EDGE_CURVE ( 'NONE', #2719, #6257, #1559, .T. ) ;
#3034 = CARTESIAN_POINT ( 'NONE',  ( 26.25000000000058975, -13.00000000000001066, 2.000000000000000000 ) ) ;
#3035 = VERTEX_POINT ( 'NONE', #972 ) ;
#3036 = FACE_OUTER_BOUND ( 'NONE', #4564, .T. ) ;
#3037 = ORIENTED_EDGE ( 'NONE', *, *, #2404, .T. ) ;
#3038 = APPLICATION_PROTOCOL_DEFINITION ( 'draft international standard', 'automotive_design', 1998, #3280 ) ;
#3039 = APPLICATION_CONTEXT ( 'automotive_design' ) ;
#3040 = CIRCLE ( 'NONE', #2908, 0.9999999999999940048 ) ;
#3041 = LINE ( 'NONE', #747, #6432 ) ;
#3042 = LINE ( 'NONE', #1363, #1182 ) ;
#3043 = CARTESIAN_POINT ( 'NONE',  ( 30.75000000000000711, 31.99999999999998579, 2.000000000000000000 ) ) ;
#3044 = DIRECTION ( 'NONE',  ( -1.000000000000000000, 0.000000000000000000, 0.000000000000000000 ) ) ;
#3045 = LINE ( 'NONE', #1945, #2232 ) ;
#3046 = VECTOR ( 'NONE', #6427, 1000.000000000000000 ) ;
#3047 = CARTESIAN_POINT ( 'NONE',  ( 28.49999999999998579, 28.49999999999999645, 0.000000000000000000 ) ) ;
#3048 = DIRECTION ( 'NONE',  ( 0.000000000000000000, -1.000000000000000000, 0.000000000000000000 ) ) ;
#3049 = DIRECTION ( 'NONE',  ( -1.000000000000000000, 0.000000000000000000, 0.000000000000000000 ) ) ;
#3050 = ORIENTED_EDGE ( 'NONE', *, *, #2706, .F. ) ;
#3051 = DIRECTION ( 'NONE',  ( -1.000000000000000000, 0.000000000000000000, 0.000000000000000000 ) ) ;
#3052 = AXIS2_PLACEMENT_3D ( 'NONE', #3564, #7141, #4060 ) ;
#3053 = ORIENTED_EDGE ( 'NONE', *, *, #1324, .F. ) ;
#3054 = EDGE_CURVE ( 'NONE', #7395, #6571, #7398, .T. ) ;
#3055 = EDGE_LOOP ( 'NONE', ( #891, #6192, #3276, #3698 ) ) ;
#3056 = EDGE_CURVE ( 'NONE', #4697, #3105, #6069, .T. ) ;
#3057 = CARTESIAN_POINT ( 'NONE',  ( 12.74999999999999822, 44.99999999999997868, 2.000000000000000000 ) ) ;
#3058 = DIRECTION ( 'NONE',  ( 1.000000000000000000, 0.000000000000000000, 0.000000000000000000 ) ) ;
#3059 = CIRCLE ( 'NONE', #7183, 0.9999999999999940048 ) ;
#3060 = CARTESIAN_POINT ( 'NONE',  ( -44.24999999999919709, -44.00000000000001421, 2.000000000000000000 ) ) ;
#3061 = EDGE_CURVE ( 'NONE', #2439, #1822, #478, .T. ) ;
#3062 = DIRECTION ( 'NONE',  ( 1.000000000000000000, 0.000000000000000000, 0.000000000000000000 ) ) ;
#3063 = ORIENTED_EDGE ( 'NONE', *, *, #7438, .F. ) ;
#3064 = DIRECTION ( 'NONE',  ( 1.000000000000000000, 0.000000000000000000, 0.000000000000000000 ) ) ;
#3065 = ORIENTED_EDGE ( 'NONE', *, *, #3984, .T. ) ;
#3066 = VERTEX_POINT ( 'NONE', #2696 ) ;
#3067 = ORIENTED_EDGE ( 'NONE', *, *, #648, .T. ) ;
#3068 = DIRECTION ( 'NONE',  ( 0.000000000000000000, -1.000000000000000000, 0.000000000000000000 ) ) ;
#3069 = EDGE_CURVE ( 'NONE', #6609, #2110, #937, .T. ) ;
#3070 = AXIS2_PLACEMENT_3D ( 'NONE', #1520, #6202, #2743 ) ;
#3071 = CARTESIAN_POINT ( 'NONE',  ( -31.74999999999920419, -31.00000000000002132, 0.000000000000000000 ) ) ;
#3072 = VECTOR ( 'NONE', #3535, 1000.000000000000000 ) ;
#3073 = ADVANCED_FACE ( 'NONE', ( #1435 ), #5626, .F. ) ;
#3074 = EDGE_LOOP ( 'NONE', ( #2758, #348, #1419, #1351 ) ) ;
#3075 = AXIS2_PLACEMENT_3D ( 'NONE', #5554, #6159, #7227 ) ;
#3076 = DIRECTION ( 'NONE',  ( -1.000000000000000000, 0.000000000000000000, 0.000000000000000000 ) ) ;
#3077 = ORIENTED_EDGE ( 'NONE', *, *, #2231, .T. ) ;
#3078 = EDGE_CURVE ( 'NONE', #2838, #5658, #5017, .T. ) ;
#3079 = DIRECTION ( 'NONE',  ( -0.000000000000000000, -0.000000000000000000, -1.000000000000000000 ) ) ;
#3080 = VECTOR ( 'NONE', #5443, 1000.000000000000000 ) ;
#3081 = CARTESIAN_POINT ( 'NONE',  ( 12.75000000000019895, 12.99999999999998757, 0.000000000000000000 ) ) ;
#3082 = CARTESIAN_POINT ( 'NONE',  ( 31.75000000000019540, 24.99999999999998579, 2.000000000000000000 ) ) ;
#3083 = CARTESIAN_POINT ( 'NONE',  ( -12.74999999999920242, -44.00000000000001421, 0.000000000000000000 ) ) ;
#3084 = EDGE_CURVE ( 'NONE', #5197, #5306, #1116, .T. ) ;
#3085 = CARTESIAN_POINT ( 'NONE',  ( 30.75000000000060396, -25.00000000000000711, 0.000000000000000000 ) ) ;
#3086 = CARTESIAN_POINT ( 'NONE',  ( -44.24999999999919709, -45.00000000000001421, 2.000000000000000000 ) ) ;
#3087 = DIRECTION ( 'NONE',  ( -0.000000000000000000, -0.000000000000000000, -1.000000000000000000 ) ) ;
#3088 = DIRECTION ( 'NONE',  ( -0.000000000000000000, -0.000000000000000000, -1.000000000000000000 ) ) ;
#3089 = CIRCLE ( 'NONE', #6730, 1.199999999999999734 ) ;
#3090 = DIRECTION ( 'NONE',  ( 0.000000000000000000, 0.000000000000000000, 1.000000000000000000 ) ) ;
#3091 = DIRECTION ( 'NONE',  ( 1.000000000000000000, 0.000000000000000000, 0.000000000000000000 ) ) ;
#3092 = VECTOR ( 'NONE', #5639, 1000.000000000000000 ) ;
#3093 = ORIENTED_EDGE ( 'NONE', *, *, #1438, .T. ) ;
#3094 = ORIENTED_EDGE ( 'NONE', *, *, #5542, .T. ) ;
#3095 = DIRECTION ( 'NONE',  ( -0.000000000000000000, -0.000000000000000000, -1.000000000000000000 ) ) ;
#3096 = CARTESIAN_POINT ( 'NONE',  ( -6.249999999999797495, 25.99999999999997868, 2.000000000000000000 ) ) ;
#3097 = DIRECTION ( 'NONE',  ( -0.000000000000000000, -0.000000000000000000, -1.000000000000000000 ) ) ;
#3098 = ADVANCED_FACE ( 'NONE', ( #4367 ), #412, .F. ) ;
#3099 = CARTESIAN_POINT ( 'NONE',  ( 25.25000000000039080, 6.999999999999978684, 2.000000000000000000 ) ) ;
#3100 = ORIENTED_EDGE ( 'NONE', *, *, #5957, .F. ) ;
#3101 = VECTOR ( 'NONE', #7385, 1000.000000000000000 ) ;
#3102 = LINE ( 'NONE', #5458, #3304 ) ;
#3103 = ADVANCED_FACE ( 'NONE', ( #4981 ), #6687, .T. ) ;
#3104 = ORIENTED_EDGE ( 'NONE', *, *, #1550, .T. ) ;
#3105 = VERTEX_POINT ( 'NONE', #1474 ) ;
#3106 = ORIENTED_EDGE ( 'NONE', *, *, #3732, .T. ) ;
#3107 = CARTESIAN_POINT ( 'NONE',  ( 31.75000000000079226, -44.00000000000001421, 0.000000000000000000 ) ) ;
#3108 = PLANE ( 'NONE',  #749 ) ;
#3109 = EDGE_LOOP ( 'NONE', ( #442, #7508, #6676, #4817 ) ) ;
#3110 = CARTESIAN_POINT ( 'NONE',  ( 11.75000000000000355, 43.99999999999998579, 2.000000000000000000 ) ) ;
#3111 = EDGE_LOOP ( 'NONE', ( #4343, #2216, #1335, #7434 ) ) ;
#3112 = ADVANCED_FACE ( 'NONE', ( #6727 ), #3874, .T. ) ;
#3113 =( LENGTH_UNIT ( ) NAMED_UNIT ( * ) SI_UNIT ( .MILLI., .METRE. ) );
#3114 = CARTESIAN_POINT ( 'NONE',  ( 44.25000000000078870, -44.00000000000001421, 0.000000000000000000 ) ) ;
#3115 = CARTESIAN_POINT ( 'NONE',  ( 7.249999999999996447, 43.99999999999998579, 2.000000000000000000 ) ) ;
#3116 = EDGE_CURVE ( 'NONE', #1919, #3441, #264, .T. ) ;
#3117 = LINE ( 'NONE', #6577, #1918 ) ;
#3118 = CYLINDRICAL_SURFACE ( 'NONE', #3413, 1.000000000000000888 ) ;
#3119 = CARTESIAN_POINT ( 'NONE',  ( -45.24999999999978684, 24.99999999999998579, 2.000000000000000000 ) ) ;
#3120 = VECTOR ( 'NONE', #3136, 1000.000000000000000 ) ;
#3121 = EDGE_CURVE ( 'NONE', #1162, #3179, #1860, .T. ) ;
#3122 = CARTESIAN_POINT ( 'NONE',  ( 26.25000000000039080, 5.999999999999984901, 2.000000000000000000 ) ) ;
#3123 = LINE ( 'NONE', #272, #879 ) ;
#3124 = VECTOR ( 'NONE', #386, 1000.000000000000000 ) ;
#3125 = CARTESIAN_POINT ( 'NONE',  ( -11.74999999999920597, -32.00000000000001421, 0.000000000000000000 ) ) ;
#3126 = CYLINDRICAL_SURFACE ( 'NONE', #91, 0.9999999999999940048 ) ;
#3127 = ORIENTED_EDGE ( 'NONE', *, *, #5624, .T. ) ;
#3128 = CIRCLE ( 'NONE', #692, 0.9999999999999940048 ) ;
#3129 = AXIS2_PLACEMENT_3D ( 'NONE', #2665, #6087, #824 ) ;
#3130 = ORIENTED_EDGE ( 'NONE', *, *, #5524, .T. ) ;
#3131 = DIRECTION ( 'NONE',  ( -1.000000000000000000, 0.000000000000000000, 0.000000000000000000 ) ) ;
#3132 = CARTESIAN_POINT ( 'NONE',  ( 45.25000000000059686, -13.00000000000001066, 2.000000000000000000 ) ) ;
#3133 = DIRECTION ( 'NONE',  ( -0.000000000000000000, -0.000000000000000000, -1.000000000000000000 ) ) ;
#3134 = EDGE_CURVE ( 'NONE', #4784, #2439, #3724, .T. ) ;
#3135 = CARTESIAN_POINT ( 'NONE',  ( 26.25000000000039080, -6.000000000000012434, 2.000000000000000000 ) ) ;
#3136 = DIRECTION ( 'NONE',  ( -0.000000000000000000, -0.000000000000000000, -1.000000000000000000 ) ) ;
#3137 = VERTEX_POINT ( 'NONE', #6048 ) ;
#3138 = CARTESIAN_POINT ( 'NONE',  ( -25.24999999999980105, 25.99999999999997868, 0.000000000000000000 ) ) ;
#3139 = ORIENTED_EDGE ( 'NONE', *, *, #5007, .T. ) ;
#3140 = ORIENTED_EDGE ( 'NONE', *, *, #4075, .F. ) ;
#3141 = ORIENTED_EDGE ( 'NONE', *, *, #4494, .T. ) ;
#3142 = CARTESIAN_POINT ( 'NONE',  ( 12.75000000000039257, -7.000000000000013323, 0.000000000000000000 ) ) ;
#3143 = PLANE ( 'NONE',  #2711 ) ;
#3144 = ORIENTED_EDGE ( 'NONE', *, *, #1044, .F. ) ;
#3145 = LINE ( 'NONE', #780, #5369 ) ;
#3146 = EDGE_LOOP ( 'NONE', ( #527, #1535, #764, #1996 ) ) ;
#3147 = AXIS2_PLACEMENT_3D ( 'NONE', #4672, #3068, #1775 ) ;
#3148 = CARTESIAN_POINT ( 'NONE',  ( 30.75000000000079581, -44.00000000000001421, 0.000000000000000000 ) ) ;
#3149 = EDGE_CURVE ( 'NONE', #3599, #6732, #4906, .T. ) ;
#3150 = LINE ( 'NONE', #7225, #5294 ) ;
#3151 = CARTESIAN_POINT ( 'NONE',  ( 44.25000000000019185, 25.99999999999997868, 2.000000000000000000 ) ) ;
#3152 = LINE ( 'NONE', #4329, #2406 ) ;
#3153 = EDGE_CURVE ( 'NONE', #1041, #2383, #4328, .T. ) ;
#3154 = DIRECTION ( 'NONE',  ( -1.000000000000000000, -0.000000000000000000, -0.000000000000000000 ) ) ;
#3155 = VECTOR ( 'NONE', #1611, 1000.000000000000000 ) ;
#3156 = DIRECTION ( 'NONE',  ( -1.000000000000000000, 0.000000000000000000, 0.000000000000000000 ) ) ;
#3157 = ADVANCED_FACE ( 'NONE', ( #6086 ), #3195, .T. ) ;
#3158 = EDGE_CURVE ( 'NONE', #4236, #894, #6116, .T. ) ;
#3159 = DIRECTION ( 'NONE',  ( 0.000000000000000000, -1.000000000000000000, 0.000000000000000000 ) ) ;
#3160 = EDGE_CURVE ( 'NONE', #6526, #3266, #4036, .T. ) ;
#3161 = DIRECTION ( 'NONE',  ( -1.000000000000000000, 0.000000000000000000, 0.000000000000000000 ) ) ;
#3162 = EDGE_CURVE ( 'NONE', #5616, #109, #2194, .T. ) ;
#3163 = DIRECTION ( 'NONE',  ( -0.000000000000000000, -0.000000000000000000, -1.000000000000000000 ) ) ;
#3164 = CARTESIAN_POINT ( 'NONE',  ( -7.249999999999791278, 24.99999999999998579, 2.000000000000000000 ) ) ;
#3165 = AXIS2_PLACEMENT_3D ( 'NONE', #619, #1886, #4156 ) ;
#3166 = ADVANCED_FACE ( 'NONE', ( #2847 ), #555, .T. ) ;
#3167 = ORIENTED_EDGE ( 'NONE', *, *, #141, .T. ) ;
#3168 = AXIS2_PLACEMENT_3D ( 'NONE', #2358, #1871, #3044 ) ;
#3169 = ADVANCED_FACE ( 'NONE', ( #5774 ), #3910, .T. ) ;
#3170 = ORIENTED_EDGE ( 'NONE', *, *, #5659, .F. ) ;
#3171 = EDGE_LOOP ( 'NONE', ( #4468, #5816, #5043, #1651, #1062, #4512, #4231, #2461 ) ) ;
#3172 = LINE ( 'NONE', #2606, #2361 ) ;
#3173 = FACE_OUTER_BOUND ( 'NONE', #5342, .T. ) ;
#3174 = CYLINDRICAL_SURFACE ( 'NONE', #4625, 1.000000000000000888 ) ;
#3175 = VECTOR ( 'NONE', #674, 1000.000000000000000 ) ;
#3176 = DIRECTION ( 'NONE',  ( -0.000000000000000000, 1.000000000000000000, -0.000000000000000000 ) ) ;
#3177 = DIRECTION ( 'NONE',  ( 0.000000000000000000, 0.000000000000000000, 1.000000000000000000 ) ) ;
#3178 = DIRECTION ( 'NONE',  ( 0.000000000000000000, 0.000000000000000000, 1.000000000000000000 ) ) ;
#3179 = VERTEX_POINT ( 'NONE', #2306 ) ;
#3180 = CARTESIAN_POINT ( 'NONE',  ( -46.50000000000002842, -43.50000000000000000, 2.000000000000000000 ) ) ;
#3181 = EDGE_CURVE ( 'NONE', #5414, #6944, #3411, .T. ) ;
#3182 = ORIENTED_EDGE ( 'NONE', *, *, #3149, .F. ) ;
#3183 = AXIS2_PLACEMENT_3D ( 'NONE', #6934, #4085, #7017 ) ;
#3184 = ORIENTED_EDGE ( 'NONE', *, *, #6085, .F. ) ;
#3185 = ORIENTED_EDGE ( 'NONE', *, *, #5933, .F. ) ;
#3186 = LINE ( 'NONE', #6152, #4481 ) ;
#3187 = CARTESIAN_POINT ( 'NONE',  ( -6.249999999999200639, -44.00000000000001421, 2.000000000000000000 ) ) ;
#3188 = VECTOR ( 'NONE', #6209, 1000.000000000000000 ) ;
#3189 = VERTEX_POINT ( 'NONE', #6377 ) ;
#3190 = CARTESIAN_POINT ( 'NONE',  ( -11.74999999999980638, 24.99999999999998579, 0.000000000000000000 ) ) ;
#3191 = VERTEX_POINT ( 'NONE', #1693 ) ;
#3192 = ORIENTED_EDGE ( 'NONE', *, *, #2468, .T. ) ;
#3193 = VECTOR ( 'NONE', #569, 1000.000000000000000 ) ;
#3194 = AXIS2_PLACEMENT_3D ( 'NONE', #522, #5124, #2234 ) ;
#3195 = PLANE ( 'NONE',  #4282 ) ;
#3196 = DIRECTION ( 'NONE',  ( -0.000000000000000000, -0.000000000000000000, -1.000000000000000000 ) ) ;
#3197 = VECTOR ( 'NONE', #628, 1000.000000000000000 ) ;
#3198 = DIRECTION ( 'NONE',  ( -1.000000000000000000, 0.000000000000000000, 0.000000000000000000 ) ) ;
#3199 = DIRECTION ( 'NONE',  ( 0.000000000000000000, 0.000000000000000000, 1.000000000000000000 ) ) ;
#3200 = AXIS2_PLACEMENT_3D ( 'NONE', #4562, #6869, #676 ) ;
#3201 = AXIS2_PLACEMENT_3D ( 'NONE', #5079, #7053, #133 ) ;
#3202 = EDGE_CURVE ( 'NONE', #252, #3368, #487, .T. ) ;
#3203 = CARTESIAN_POINT ( 'NONE',  ( -45.24999999999939604, -13.00000000000001066, 2.000000000000000000 ) ) ;
#3204 = CARTESIAN_POINT ( 'NONE',  ( -6.249999999999998224, 30.99999999999998579, 2.000000000000000000 ) ) ;
#3205 = VECTOR ( 'NONE', #7458, 1000.000000000000000 ) ;
#3206 = CARTESIAN_POINT ( 'NONE',  ( -6.249999999999402256, -25.00000000000000711, 0.000000000000000000 ) ) ;
#3207 = EDGE_CURVE ( 'NONE', #5796, #16, #1160, .T. ) ;
#3208 = DIRECTION ( 'NONE',  ( 1.000000000000000000, 0.000000000000000000, 0.000000000000000000 ) ) ;
#3209 = ORIENTED_EDGE ( 'NONE', *, *, #2001, .F. ) ;
#3210 = ORIENTED_EDGE ( 'NONE', *, *, #374, .F. ) ;
#3211 = VECTOR ( 'NONE', #6148, 1000.000000000000000 ) ;
#3212 = DIRECTION ( 'NONE',  ( 0.000000000000000000, 0.000000000000000000, 1.000000000000000000 ) ) ;
#3213 = CARTESIAN_POINT ( 'NONE',  ( -30.74999999999960210, 5.999999999999984901, 0.000000000000000000 ) ) ;
#3214 = CYLINDRICAL_SURFACE ( 'NONE', #3772, 0.9999999999999940048 ) ;
#3215 = CARTESIAN_POINT ( 'NONE',  ( 25.25000000000058975, -12.00000000000001776, 2.000000000000000000 ) ) ;
#3216 = ADVANCED_FACE ( 'NONE', ( #4631 ), #4674, .F. ) ;
#3217 = CARTESIAN_POINT ( 'NONE',  ( 26.25000000000038725, 5.999999999999984901, 2.000000000000000000 ) ) ;
#3218 = CARTESIAN_POINT ( 'NONE',  ( -44.24999999999979394, 11.99999999999998579, 2.000000000000000000 ) ) ;
#3219 = ORIENTED_EDGE ( 'NONE', *, *, #4911, .F. ) ;
#3220 = LINE ( 'NONE', #770, #6581 ) ;
#3221 = VERTEX_POINT ( 'NONE', #5734 ) ;
#3222 = VERTEX_POINT ( 'NONE', #1622 ) ;
#3223 = ORIENTED_EDGE ( 'NONE', *, *, #149, .F. ) ;
#3224 = CARTESIAN_POINT ( 'NONE',  ( -6.249999999999797495, 25.99999999999997868, 2.000000000000000000 ) ) ;
#3225 = PLANE ( 'NONE',  #1734 ) ;
#3226 = ORIENTED_EDGE ( 'NONE', *, *, #4841, .F. ) ;
#3227 = DIRECTION ( 'NONE',  ( -1.000000000000000000, 0.000000000000000000, 0.000000000000000000 ) ) ;
#3228 = VERTEX_POINT ( 'NONE', #1047 ) ;
#3229 = ORIENTED_EDGE ( 'NONE', *, *, #106, .F. ) ;
#3230 = ORIENTED_EDGE ( 'NONE', *, *, #1728, .T. ) ;
#3231 = AXIS2_PLACEMENT_3D ( 'NONE', #3132, #243, #169 ) ;
#3232 = CARTESIAN_POINT ( 'NONE',  ( -7.249999999999791278, 24.99999999999998579, 2.000000000000000000 ) ) ;
#3233 = DIRECTION ( 'NONE',  ( -0.000000000000000000, -0.000000000000000000, -1.000000000000000000 ) ) ;
#3234 = EDGE_CURVE ( 'NONE', #4717, #1336, #7511, .T. ) ;
#3235 = LINE ( 'NONE', #4446, #614 ) ;
#3236 = DIRECTION ( 'NONE',  ( 1.000000000000000000, 0.000000000000000000, 0.000000000000000000 ) ) ;
#3237 = VERTEX_POINT ( 'NONE', #3375 ) ;
#3238 = CYLINDRICAL_SURFACE ( 'NONE', #3070, 1.000000000000000888 ) ;
#3239 = DIRECTION ( 'NONE',  ( -0.000000000000000000, -0.000000000000000000, -1.000000000000000000 ) ) ;
#3240 = LINE ( 'NONE', #2635, #576 ) ;
#3241 = DIRECTION ( 'NONE',  ( 1.000000000000000000, 0.000000000000000000, 0.000000000000000000 ) ) ;
#3242 = ORIENTED_EDGE ( 'NONE', *, *, #1260, .F. ) ;
#3243 = ORIENTED_EDGE ( 'NONE', *, *, #6462, .F. ) ;
#3244 = CARTESIAN_POINT ( 'NONE',  ( 45.25000000000039790, -6.000000000000012434, 2.000000000000000000 ) ) ;
#3245 = VECTOR ( 'NONE', #982, 1000.000000000000000 ) ;
#3246 = DIRECTION ( 'NONE',  ( 0.000000000000000000, 0.000000000000000000, 1.000000000000000000 ) ) ;
#3247 = LINE ( 'NONE', #6628, #494 ) ;
#3248 = EDGE_CURVE ( 'NONE', #2766, #796, #5986, .T. ) ;
#3249 = CARTESIAN_POINT ( 'NONE',  ( -44.24999999999940314, -26.00000000000001066, 0.000000000000000000 ) ) ;
#3250 = DIRECTION ( 'NONE',  ( 0.000000000000000000, 0.000000000000000000, 1.000000000000000000 ) ) ;
#3251 = CARTESIAN_POINT ( 'NONE',  ( 12.75000000000059330, -26.00000000000001066, 0.000000000000000000 ) ) ;
#3252 = VECTOR ( 'NONE', #4888, 1000.000000000000000 ) ;
#3253 = ORIENTED_EDGE ( 'NONE', *, *, #3490, .T. ) ;
#3254 = CARTESIAN_POINT ( 'NONE',  ( 30.75000000000060396, -25.00000000000000711, 2.000000000000000000 ) ) ;
#3255 = AXIS2_PLACEMENT_3D ( 'NONE', #1785, #4101, #6425 ) ;
#3256 = ADVANCED_FACE ( 'NONE', ( #3945 ), #1584, .T. ) ;
#3257 = ORIENTED_EDGE ( 'NONE', *, *, #4511, .F. ) ;
#3258 = ORIENTED_EDGE ( 'NONE', *, *, #5040, .T. ) ;
#3259 = FACE_OUTER_BOUND ( 'NONE', #1391, .T. ) ;
#3260 = EDGE_CURVE ( 'NONE', #139, #2660, #7195, .T. ) ;
#3261 = CIRCLE ( 'NONE', #7495, 1.000000000000000888 ) ;
#3262 = EDGE_CURVE ( 'NONE', #5770, #4322, #5167, .T. ) ;
#3263 = VECTOR ( 'NONE', #1169, 1000.000000000000000 ) ;
#3264 = EDGE_CURVE ( 'NONE', #3902, #1735, #991, .T. ) ;
#3265 = DIRECTION ( 'NONE',  ( 0.000000000000000000, 0.000000000000000000, 1.000000000000000000 ) ) ;
#3266 = VERTEX_POINT ( 'NONE', #445 ) ;
#3267 = CARTESIAN_POINT ( 'NONE',  ( -11.75000000000000355, 43.99999999999998579, 2.000000000000000000 ) ) ;
#3268 = VERTEX_POINT ( 'NONE', #2769 ) ;
#3269 = AXIS2_PLACEMENT_3D ( 'NONE', #4540, #3962, #7274 ) ;
#3270 = VERTEX_POINT ( 'NONE', #3071 ) ;
#3271 = VERTEX_POINT ( 'NONE', #5428 ) ;
#3272 = DIRECTION ( 'NONE',  ( 0.000000000000000000, 0.000000000000000000, 1.000000000000000000 ) ) ;
#3273 = FACE_OUTER_BOUND ( 'NONE', #3111, .T. ) ;
#3274 = DIRECTION ( 'NONE',  ( -0.000000000000000000, 1.000000000000000000, -0.000000000000000000 ) ) ;
#3275 = CARTESIAN_POINT ( 'NONE',  ( 31.75000000000040146, -6.000000000000012434, 2.000000000000000000 ) ) ;
#3276 = ORIENTED_EDGE ( 'NONE', *, *, #233, .T. ) ;
#3277 = FACE_OUTER_BOUND ( 'NONE', #2237, .T. ) ;
#3278 = LINE ( 'NONE', #4877, #1549 ) ;
#3279 = CARTESIAN_POINT ( 'NONE',  ( 12.75000000000059330, -12.00000000000001776, 2.000000000000000000 ) ) ;
#3280 = APPLICATION_CONTEXT ( 'automotive_design' ) ;
#3281 = ORIENTED_EDGE ( 'NONE', *, *, #2928, .F. ) ;
#3282 = LINE ( 'NONE', #5601, #6824 ) ;
#3283 = CARTESIAN_POINT ( 'NONE',  ( -6.249999999999998224, 44.99999999999997868, 0.000000000000000000 ) ) ;
#3284 = DIRECTION ( 'NONE',  ( -1.000000000000000000, 0.000000000000000000, 0.000000000000000000 ) ) ;
#3285 = CARTESIAN_POINT ( 'NONE',  ( -26.24999999999939604, -25.00000000000000711, 2.000000000000000000 ) ) ;
#3286 = LINE ( 'NONE', #5606, #1052 ) ;
#3287 = CARTESIAN_POINT ( 'NONE',  ( 28.49999999999999645, -28.49999999999998934, 0.000000000000000000 ) ) ;
#3288 = AXIS2_PLACEMENT_3D ( 'NONE', #5785, #5137, #3958 ) ;
#3289 = VERTEX_POINT ( 'NONE', #4823 ) ;
#3290 = EDGE_CURVE ( 'NONE', #4942, #7016, #6589, .T. ) ;
#3291 = LINE ( 'NONE', #5036, #7453 ) ;
#3292 = ORIENTED_EDGE ( 'NONE', *, *, #3162, .F. ) ;
#3293 = VERTEX_POINT ( 'NONE', #4093 ) ;
#3294 = FACE_OUTER_BOUND ( 'NONE', #261, .T. ) ;
#3295 = AXIS2_PLACEMENT_3D ( 'NONE', #4212, #1897, #110 ) ;
#3296 = CARTESIAN_POINT ( 'NONE',  ( -44.25000000000000000, 30.99999999999998579, 2.000000000000000000 ) ) ;
#3297 = ORIENTED_EDGE ( 'NONE', *, *, #1537, .F. ) ;
#3298 = CARTESIAN_POINT ( 'NONE',  ( 26.25000000000039080, 5.999999999999984901, 2.000000000000000000 ) ) ;
#3299 = ORIENTED_EDGE ( 'NONE', *, *, #3000, .T. ) ;
#3300 = CIRCLE ( 'NONE', #6936, 1.000000000000000888 ) ;
#3301 = ORIENTED_EDGE ( 'NONE', *, *, #6693, .T. ) ;
#3302 = VERTEX_POINT ( 'NONE', #3677 ) ;
#3303 = CIRCLE ( 'NONE', #4640, 1.000000000000000888 ) ;
#3304 = VECTOR ( 'NONE', #1500, 1000.000000000000000 ) ;
#3305 = CARTESIAN_POINT ( 'NONE',  ( -25.24999999999959854, 5.999999999999984901, 2.000000000000000000 ) ) ;
#3306 = CARTESIAN_POINT ( 'NONE',  ( -31.74999999999979750, 12.99999999999998757, 0.000000000000000000 ) ) ;
#3307 = ADVANCED_FACE ( 'NONE', ( #1319 ), #4246, .T. ) ;
#3308 = LINE ( 'NONE', #5207, #6205 ) ;
#3309 = CARTESIAN_POINT ( 'NONE',  ( -6.249999999999402256, -13.00000000000001066, 2.000000000000000000 ) ) ;
#3310 = VECTOR ( 'NONE', #4423, 1000.000000000000000 ) ;
#3311 = ORIENTED_EDGE ( 'NONE', *, *, #6741, .F. ) ;
#3312 = AXIS2_PLACEMENT_3D ( 'NONE', #6262, #2806, #2881 ) ;
#3313 = DIRECTION ( 'NONE',  ( -1.000000000000000000, 0.000000000000000000, 0.000000000000000000 ) ) ;
#3314 = LINE ( 'NONE', #5669, #1175 ) ;
#3315 = CARTESIAN_POINT ( 'NONE',  ( 12.75000000000079581, -31.00000000000002132, 2.000000000000000000 ) ) ;
#3316 = CIRCLE ( 'NONE', #1248, 1.199999999999999734 ) ;
#3317 = VERTEX_POINT ( 'NONE', #4129 ) ;
#3318 = VECTOR ( 'NONE', #6135, 1000.000000000000000 ) ;
#3319 = LINE ( 'NONE', #3996, #4771 ) ;
#3320 = DIRECTION ( 'NONE',  ( -0.000000000000000000, -0.000000000000000000, -1.000000000000000000 ) ) ;
#3321 = CARTESIAN_POINT ( 'NONE',  ( -31.74999999999940314, -26.00000000000001066, 0.000000000000000000 ) ) ;
#3322 = AXIS2_PLACEMENT_3D ( 'NONE', #4599, #1699, #600 ) ;
#3323 = CARTESIAN_POINT ( 'NONE',  ( -45.24999999999959499, 5.999999999999984901, 2.000000000000000000 ) ) ;
#3324 = DIRECTION ( 'NONE',  ( 1.000000000000000000, 0.000000000000000000, 0.000000000000000000 ) ) ;
#3325 = ORIENTED_EDGE ( 'NONE', *, *, #3816, .F. ) ;
#3326 = CARTESIAN_POINT ( 'NONE',  ( -25.24999999999980105, 11.99999999999998579, 0.000000000000000000 ) ) ;
#3327 = ORIENTED_EDGE ( 'NONE', *, *, #1324, .T. ) ;
#3328 = ORIENTED_EDGE ( 'NONE', *, *, #7350, .T. ) ;
#3329 = FACE_OUTER_BOUND ( 'NONE', #1512, .T. ) ;
#3330 = EDGE_CURVE ( 'NONE', #6360, #1349, #870, .T. ) ;
#3331 = CARTESIAN_POINT ( 'NONE',  ( -6.249999999999998224, 44.99999999999997868, 0.000000000000000000 ) ) ;
#3332 = PLANE ( 'NONE',  #3201 ) ;
#3333 = ADVANCED_FACE ( 'NONE', ( #5392 ), #6568, .T. ) ;
#3334 = ORIENTED_EDGE ( 'NONE', *, *, #550, .T. ) ;
#3335 = CARTESIAN_POINT ( 'NONE',  ( -11.74999999999940670, -13.00000000000001066, 2.000000000000000000 ) ) ;
#3336 = VECTOR ( 'NONE', #2530, 1000.000000000000000 ) ;
#3337 = VERTEX_POINT ( 'NONE', #5322 ) ;
#3338 = ORIENTED_EDGE ( 'NONE', *, *, #3939, .F. ) ;
#3339 = DIRECTION ( 'NONE',  ( -0.000000000000000000, -0.000000000000000000, -1.000000000000000000 ) ) ;
#3340 = EDGE_CURVE ( 'NONE', #6237, #2457, #518, .T. ) ;
#3341 = CARTESIAN_POINT ( 'NONE',  ( -7.249999999999396039, -13.00000000000001066, 0.000000000000000000 ) ) ;
#3342 = PLANE ( 'NONE',  #6924 ) ;
#3343 = CARTESIAN_POINT ( 'NONE',  ( -25.24999999999920064, -31.00000000000002132, 0.000000000000000000 ) ) ;
#3344 = VECTOR ( 'NONE', #2567, 1000.000000000000000 ) ;
#3345 = ORIENTED_EDGE ( 'NONE', *, *, #2345, .F. ) ;
#3346 = ADVANCED_FACE ( 'NONE', ( #6414 ), #7139, .F. ) ;
#3347 = FACE_OUTER_BOUND ( 'NONE', #3878, .T. ) ;
#3348 = EDGE_CURVE ( 'NONE', #2766, #2754, #3597, .T. ) ;
#3349 = EDGE_CURVE ( 'NONE', #5897, #3222, #1355, .T. ) ;
#3350 = CARTESIAN_POINT ( 'NONE',  ( -6.249999999999402256, -26.00000000000001066, 2.000000000000000000 ) ) ;
#3351 = DIRECTION ( 'NONE',  ( -0.000000000000000000, -0.000000000000000000, -1.000000000000000000 ) ) ;
#3352 = ORIENTED_EDGE ( 'NONE', *, *, #4420, .F. ) ;
#3353 = CARTESIAN_POINT ( 'NONE',  ( -44.24999999999919709, -31.00000000000002132, 2.000000000000000000 ) ) ;
#3354 = CARTESIAN_POINT ( 'NONE',  ( 11.75000000000039968, 5.999999999999984901, 2.000000000000000000 ) ) ;
#3355 = CARTESIAN_POINT ( 'NONE',  ( 31.75000000000040146, -7.000000000000013323, 2.000000000000000000 ) ) ;
#3356 = FACE_BOUND ( 'NONE', #3171, .T. ) ;
#3357 = DIRECTION ( 'NONE',  ( -1.000000000000000000, 0.000000000000000000, 0.000000000000000000 ) ) ;
#3358 = VERTEX_POINT ( 'NONE', #217 ) ;
#3359 = CARTESIAN_POINT ( 'NONE',  ( -30.74999999999980105, 12.99999999999998757, 2.000000000000000000 ) ) ;
#3360 = CIRCLE ( 'NONE', #4086, 0.9999999999999974465 ) ;
#3361 = EDGE_LOOP ( 'NONE', ( #4441, #481, #334, #7101, #734, #7341, #6604, #4162 ) ) ;
#3362 = VERTEX_POINT ( 'NONE', #709 ) ;
#3363 = CARTESIAN_POINT ( 'NONE',  ( 45.25000000000039790, 5.999999999999984901, 2.000000000000000000 ) ) ;
#3364 = CARTESIAN_POINT ( 'NONE',  ( -26.24999999999939604, -13.00000000000001066, 2.000000000000000000 ) ) ;
#3365 = VECTOR ( 'NONE', #3745, 1000.000000000000000 ) ;
#3366 = CARTESIAN_POINT ( 'NONE',  ( -11.74999999999960032, 5.999999999999984901, 2.000000000000000000 ) ) ;
#3367 = AXIS2_PLACEMENT_3D ( 'NONE', #506, #575, #469 ) ;
#3368 = VERTEX_POINT ( 'NONE', #3034 ) ;
#3369 = LINE ( 'NONE', #3335, #7311 ) ;
#3370 = VERTEX_POINT ( 'NONE', #1198 ) ;
#3371 = CIRCLE ( 'NONE', #700, 1.000000000000000888 ) ;
#3372 = EDGE_LOOP ( 'NONE', ( #7477, #4099, #6900, #7049 ) ) ;
#3373 = VECTOR ( 'NONE', #3002, 1000.000000000000000 ) ;
#3374 = DIRECTION ( 'NONE',  ( 0.000000000000000000, 0.000000000000000000, 1.000000000000000000 ) ) ;
#3375 = CARTESIAN_POINT ( 'NONE',  ( 30.75000000000020250, 24.99999999999998579, 0.000000000000000000 ) ) ;
#3376 = CARTESIAN_POINT ( 'NONE',  ( -31.75000000000000000, 31.99999999999998579, 2.000000000000000000 ) ) ;
#3377 = DIRECTION ( 'NONE',  ( 0.000000000000000000, -1.000000000000000000, 0.000000000000000000 ) ) ;
#3378 = VERTEX_POINT ( 'NONE', #777 ) ;
#3379 = DIRECTION ( 'NONE',  ( 0.000000000000000000, -1.000000000000000000, 0.000000000000000000 ) ) ;
#3380 = ORIENTED_EDGE ( 'NONE', *, *, #374, .T. ) ;
#3381 = ADVANCED_FACE ( 'NONE', ( #2466 ), #3108, .T. ) ;
#3382 = CARTESIAN_POINT ( 'NONE',  ( 12.74999999999999822, 30.99999999999998579, 2.000000000000000000 ) ) ;
#3383 = EDGE_CURVE ( 'NONE', #2082, #7016, #4209, .T. ) ;
#3384 = CARTESIAN_POINT ( 'NONE',  ( 44.25000000000059686, -12.00000000000001776, 2.000000000000000000 ) ) ;
#3385 = CYLINDRICAL_SURFACE ( 'NONE', #2802, 0.9999999999999974465 ) ;
#3386 = EDGE_CURVE ( 'NONE', #961, #4634, #4647, .T. ) ;
#3387 = CIRCLE ( 'NONE', #7034, 1.000000000000000888 ) ;
#3388 = ORIENTED_EDGE ( 'NONE', *, *, #2563, .F. ) ;
#3389 = CARTESIAN_POINT ( 'NONE',  ( -44.24999999999960210, -7.000000000000013323, 2.000000000000000000 ) ) ;
#3390 = EDGE_CURVE ( 'NONE', #6149, #3489, #631, .T. ) ;
#3391 = DIRECTION ( 'NONE',  ( 0.000000000000000000, 0.000000000000000000, 1.000000000000000000 ) ) ;
#3392 = LINE ( 'NONE', #3355, #2348 ) ;
#3393 = DIRECTION ( 'NONE',  ( -1.000000000000000000, 0.000000000000000000, 0.000000000000000000 ) ) ;
#3394 = EDGE_CURVE ( 'NONE', #423, #55, #7105, .T. ) ;
#3395 = LINE ( 'NONE', #3504, #2400 ) ;
#3396 = EDGE_CURVE ( 'NONE', #3872, #3700, #1817, .T. ) ;
#3397 = ORIENTED_EDGE ( 'NONE', *, *, #3121, .T. ) ;
#3398 = ORIENTED_EDGE ( 'NONE', *, *, #5080, .F. ) ;
#3399 = LINE ( 'NONE', #5724, #6766 ) ;
#3400 = FACE_OUTER_BOUND ( 'NONE', #3435, .T. ) ;
#3401 = DIRECTION ( 'NONE',  ( -1.000000000000000000, 0.000000000000000000, 0.000000000000000000 ) ) ;
#3402 = EDGE_CURVE ( 'NONE', #3370, #5737, #1364, .T. ) ;
#3403 = ORIENTED_EDGE ( 'NONE', *, *, #1760, .F. ) ;
#3404 = DIRECTION ( 'NONE',  ( -1.000000000000000000, 0.000000000000000000, 0.000000000000000000 ) ) ;
#3405 = ORIENTED_EDGE ( 'NONE', *, *, #6881, .T. ) ;
#3406 = AXIS2_PLACEMENT_3D ( 'NONE', #317, #2568, #4384 ) ;
#3407 = VECTOR ( 'NONE', #6578, 1000.000000000000000 ) ;
#3408 = ORIENTED_EDGE ( 'NONE', *, *, #6501, .F. ) ;
#3409 = VERTEX_POINT ( 'NONE', #7286 ) ;
#3410 = DIRECTION ( 'NONE',  ( 1.000000000000000000, 7.975740119433594108E-17, 0.000000000000000000 ) ) ;
#3411 = LINE ( 'NONE', #4055, #4157 ) ;
#3412 = DIRECTION ( 'NONE',  ( -1.000000000000000000, 0.000000000000000000, 0.000000000000000000 ) ) ;
#3413 = AXIS2_PLACEMENT_3D ( 'NONE', #5517, #4295, #3727 ) ;
#3414 = CARTESIAN_POINT ( 'NONE',  ( -11.74999999999920242, -32.00000000000001421, 2.000000000000000000 ) ) ;
#3415 = ORIENTED_EDGE ( 'NONE', *, *, #6222, .F. ) ;
#3416 = DIRECTION ( 'NONE',  ( -0.000000000000000000, -0.000000000000000000, -1.000000000000000000 ) ) ;
#3417 = EDGE_LOOP ( 'NONE', ( #4327, #4249, #525, #3575, #1390, #5185, #6926, #4400 ) ) ;
#3418 = VECTOR ( 'NONE', #5350, 1000.000000000000000 ) ;
#3419 = CYLINDRICAL_SURFACE ( 'NONE', #7307, 0.9999999999999974465 ) ;
#3420 = CARTESIAN_POINT ( 'NONE',  ( -43.50000000000001421, -43.50000000000000000, 2.000000000000000000 ) ) ;
#3421 = CARTESIAN_POINT ( 'NONE',  ( -45.24999999999959499, 5.999999999999984901, 2.000000000000000000 ) ) ;
#3422 = ADVANCED_FACE ( 'NONE', ( #3867 ), #1507, .F. ) ;
#3423 = VERTEX_POINT ( 'NONE', #7252 ) ;
#3424 = DIRECTION ( 'NONE',  ( 0.000000000000000000, 0.000000000000000000, 1.000000000000000000 ) ) ;
#3425 = CARTESIAN_POINT ( 'NONE',  ( 11.75000000000039968, -6.000000000000012434, 2.000000000000000000 ) ) ;
#3426 = AXIS2_PLACEMENT_3D ( 'NONE', #4491, #501, #6845 ) ;
#3427 = CARTESIAN_POINT ( 'NONE',  ( -7.249999999999396039, -13.00000000000001066, 2.000000000000000000 ) ) ;
#3428 = AXIS2_PLACEMENT_3D ( 'NONE', #646, #3006, #5939 ) ;
#3429 = DIRECTION ( 'NONE',  ( -1.000000000000000000, -0.000000000000000000, -0.000000000000000000 ) ) ;
#3430 = AXIS2_PLACEMENT_3D ( 'NONE', #3800, #4443, #897 ) ;
#3431 = CARTESIAN_POINT ( 'NONE',  ( -43.50000000000002132, 43.50000000000000000, 0.000000000000000000 ) ) ;
#3432 = ORIENTED_EDGE ( 'NONE', *, *, #2359, .F. ) ;
#3433 = AXIS2_PLACEMENT_3D ( 'NONE', #3122, #160, #7154 ) ;
#3434 = VERTEX_POINT ( 'NONE', #6038 ) ;
#3435 = EDGE_LOOP ( 'NONE', ( #6076, #2987, #1764, #6726 ) ) ;
#3436 = DIRECTION ( 'NONE',  ( 0.000000000000000000, -1.000000000000000000, 0.000000000000000000 ) ) ;
#3437 = EDGE_CURVE ( 'NONE', #1007, #4546, #1601, .T. ) ;
#3438 = DIRECTION ( 'NONE',  ( -0.000000000000000000, -0.000000000000000000, -1.000000000000000000 ) ) ;
#3439 = AXIS2_PLACEMENT_3D ( 'NONE', #1638, #3963, #4030 ) ;
#3440 = CYLINDRICAL_SURFACE ( 'NONE', #6595, 0.9999999999999940048 ) ;
#3441 = VERTEX_POINT ( 'NONE', #4396 ) ;
#3442 = CARTESIAN_POINT ( 'NONE',  ( -31.74999999999940314, -13.00000000000001066, 0.000000000000000000 ) ) ;
#3443 = ORIENTED_EDGE ( 'NONE', *, *, #88, .F. ) ;
#3444 = ORIENTED_EDGE ( 'NONE', *, *, #3812, .F. ) ;
#3445 = ORIENTED_EDGE ( 'NONE', *, *, #4736, .F. ) ;
#3446 = VECTOR ( 'NONE', #6996, 1000.000000000000000 ) ;
#3447 = CARTESIAN_POINT ( 'NONE',  ( -12.74999999999960210, -6.000000000000012434, 2.000000000000000000 ) ) ;
#3448 = CARTESIAN_POINT ( 'NONE',  ( 11.75000000000039968, 5.999999999999984901, 2.000000000000000000 ) ) ;
#3449 = VECTOR ( 'NONE', #6065, 1000.000000000000000 ) ;
#3450 = CARTESIAN_POINT ( 'NONE',  ( -26.24999999999979394, 12.99999999999999112, 0.000000000000000000 ) ) ;
#3451 = VERTEX_POINT ( 'NONE', #5581 ) ;
#3452 = LINE ( 'NONE', #5664, #2808 ) ;
#3453 = ORIENTED_EDGE ( 'NONE', *, *, #4507, .T. ) ;
#3454 = LINE ( 'NONE', #526, #163 ) ;
#3455 = VERTEX_POINT ( 'NONE', #4972 ) ;
#3456 = CARTESIAN_POINT ( 'NONE',  ( -6.249999999999998224, 30.99999999999998579, 0.000000000000000000 ) ) ;
#3457 = ADVANCED_FACE ( 'NONE', ( #1428 ), #5546, .T. ) ;
#3458 = LINE ( 'NONE', #6875, #2767 ) ;
#3459 = PLANE ( 'NONE',  #7174 ) ;
#3460 = CARTESIAN_POINT ( 'NONE',  ( 6.249999999999998224, 30.99999999999998579, 0.000000000000000000 ) ) ;
#3461 = DIRECTION ( 'NONE',  ( 1.000000000000000000, 0.000000000000000000, 0.000000000000000000 ) ) ;
#3462 = CARTESIAN_POINT ( 'NONE',  ( 45.25000000000078870, -44.00000000000001421, 0.000000000000000000 ) ) ;
#3463 = ORIENTED_EDGE ( 'NONE', *, *, #5080, .T. ) ;
#3464 = FACE_BOUND ( 'NONE', #6978, .T. ) ;
#3465 = DIRECTION ( 'NONE',  ( 0.000000000000000000, -1.000000000000000000, 0.000000000000000000 ) ) ;
#3466 = VERTEX_POINT ( 'NONE', #2580 ) ;
#3467 = ORIENTED_EDGE ( 'NONE', *, *, #3025, .T. ) ;
#3468 = ORIENTED_EDGE ( 'NONE', *, *, #132, .F. ) ;
#3469 = DIRECTION ( 'NONE',  ( -0.000000000000000000, -0.000000000000000000, -1.000000000000000000 ) ) ;
#3470 = LINE ( 'NONE', #7465, #3155 ) ;
#3471 = CARTESIAN_POINT ( 'NONE',  ( -31.74999999999960565, 5.999999999999984901, 2.000000000000000000 ) ) ;
#3472 = ORIENTED_EDGE ( 'NONE', *, *, #2469, .F. ) ;
#3473 = CARTESIAN_POINT ( 'NONE',  ( -31.75000000000000000, 30.99999999999998579, 0.000000000000000000 ) ) ;
#3474 = VECTOR ( 'NONE', #2918, 1000.000000000000000 ) ;
#3475 = VERTEX_POINT ( 'NONE', #1393 ) ;
#3476 = EDGE_CURVE ( 'NONE', #562, #7091, #2046, .T. ) ;
#3477 = ORIENTED_EDGE ( 'NONE', *, *, #124, .T. ) ;
#3478 = ADVANCED_FACE ( 'NONE', ( #367 ), #5505, .F. ) ;
#3479 = VERTEX_POINT ( 'NONE', #6119 ) ;
#3480 = FACE_OUTER_BOUND ( 'NONE', #6673, .T. ) ;
#3481 = ADVANCED_FACE ( 'NONE', ( #5008 ), #3225, .T. ) ;
#3482 = CIRCLE ( 'NONE', #1318, 1.000000000000000888 ) ;
#3483 = CIRCLE ( 'NONE', #1913, 0.9999999999999974465 ) ;
#3484 = DIRECTION ( 'NONE',  ( -0.000000000000000000, 1.000000000000000000, -0.000000000000000000 ) ) ;
#3485 = DIRECTION ( 'NONE',  ( 1.000000000000000000, 0.000000000000000000, 0.000000000000000000 ) ) ;
#3486 = PLANE ( 'NONE',  #4573 ) ;
#3487 = ORIENTED_EDGE ( 'NONE', *, *, #5255, .F. ) ;
#3488 = CARTESIAN_POINT ( 'NONE',  ( -44.24999999999979394, 25.99999999999997868, 0.000000000000000000 ) ) ;
#3489 = VERTEX_POINT ( 'NONE', #6079 ) ;
#3490 = EDGE_CURVE ( 'NONE', #1153, #2383, #39, .T. ) ;
#3491 = VECTOR ( 'NONE', #1847, 1000.000000000000000 ) ;
#3492 = CARTESIAN_POINT ( 'NONE',  ( 12.75000000000019895, 25.99999999999997868, 0.000000000000000000 ) ) ;
#3493 = VECTOR ( 'NONE', #5976, 1000.000000000000000 ) ;
#3494 = ORIENTED_EDGE ( 'NONE', *, *, #2280, .F. ) ;
#3495 = FACE_OUTER_BOUND ( 'NONE', #7505, .T. ) ;
#3496 = DIRECTION ( 'NONE',  ( -0.000000000000000000, -0.000000000000000000, -1.000000000000000000 ) ) ;
#3497 = LINE ( 'NONE', #5670, #496 ) ;
#3498 = CARTESIAN_POINT ( 'NONE',  ( -25.24999999999920064, -44.00000000000001421, 2.000000000000000000 ) ) ;
#3499 = AXIS2_PLACEMENT_3D ( 'NONE', #2174, #7314, #5677 ) ;
#3500 = DIRECTION ( 'NONE',  ( -1.000000000000000000, -0.000000000000000000, -0.000000000000000000 ) ) ;
#3501 = FACE_OUTER_BOUND ( 'NONE', #2339, .T. ) ;
#3502 = CARTESIAN_POINT ( 'NONE',  ( 26.24999999999999289, 43.99999999999998579, 0.000000000000000000 ) ) ;
#3503 = CARTESIAN_POINT ( 'NONE',  ( -26.24999999999979394, 24.99999999999998579, 2.000000000000000000 ) ) ;
#3504 = CARTESIAN_POINT ( 'NONE',  ( -26.24999999999959144, 5.999999999999984901, 0.000000000000000000 ) ) ;
#3505 = EDGE_LOOP ( 'NONE', ( #711, #448, #5241, #3219, #5682, #799, #1229, #2459 ) ) ;
#3506 = EDGE_LOOP ( 'NONE', ( #1659, #6637, #125, #5795 ) ) ;
#3507 = DIRECTION ( 'NONE',  ( -1.000000000000000000, 0.000000000000000000, 0.000000000000000000 ) ) ;
#3508 = CARTESIAN_POINT ( 'NONE',  ( -6.249999999999402256, -26.00000000000001066, 2.000000000000000000 ) ) ;
#3509 = EDGE_CURVE ( 'NONE', #6997, #7292, #5508, .T. ) ;
#3510 = ADVANCED_FACE ( 'NONE', ( #816 ), #3143, .T. ) ;
#3511 = CARTESIAN_POINT ( 'NONE',  ( 45.25000000000000000, 43.99999999999998579, 2.000000000000000000 ) ) ;
#3512 = ORIENTED_EDGE ( 'NONE', *, *, #904, .F. ) ;
#3513 = DIRECTION ( 'NONE',  ( -0.000000000000000000, -0.000000000000000000, -1.000000000000000000 ) ) ;
#3514 = ORIENTED_EDGE ( 'NONE', *, *, #4940, .F. ) ;
#3515 = ORIENTED_EDGE ( 'NONE', *, *, #984, .T. ) ;
#3516 = ORIENTED_EDGE ( 'NONE', *, *, #1432, .F. ) ;
#3517 = EDGE_CURVE ( 'NONE', #7332, #6040, #6230, .T. ) ;
#3518 = FACE_OUTER_BOUND ( 'NONE', #4820, .T. ) ;
#3519 = DIRECTION ( 'NONE',  ( -0.000000000000000000, -0.000000000000000000, -1.000000000000000000 ) ) ;
#3520 = DIRECTION ( 'NONE',  ( -1.000000000000000000, 0.000000000000000000, 0.000000000000000000 ) ) ;
#3521 = AXIS2_PLACEMENT_3D ( 'NONE', #6067, #2608, #2030 ) ;
#3522 = LINE ( 'NONE', #2389, #5553 ) ;
#3523 = ORIENTED_EDGE ( 'NONE', *, *, #5754, .T. ) ;
#3524 = DIRECTION ( 'NONE',  ( 0.000000000000000000, -1.000000000000000000, 0.000000000000000000 ) ) ;
#3525 = EDGE_LOOP ( 'NONE', ( #5303, #2748, #740, #4049, #2253, #7256, #3512, #5163 ) ) ;
#3526 = VECTOR ( 'NONE', #3274, 1000.000000000000000 ) ;
#3527 = APPLICATION_PROTOCOL_DEFINITION ( 'draft international standard', 'automotive_design', 1998, #3039 ) ;
#3528 = VERTEX_POINT ( 'NONE', #3831 ) ;
#3529 = ORIENTED_EDGE ( 'NONE', *, *, #3886, .F. ) ;
#3530 = CARTESIAN_POINT ( 'NONE',  ( -44.24999999999940314, -12.00000000000001776, 2.000000000000000000 ) ) ;
#3531 = VECTOR ( 'NONE', #1163, 1000.000000000000000 ) ;
#3532 = ADVANCED_FACE ( 'NONE', ( #6153 ), #927, .T. ) ;
#3533 = LINE ( 'NONE', #2397, #815 ) ;
#3534 = DIRECTION ( 'NONE',  ( 1.000000000000000000, 0.000000000000000000, -0.000000000000000000 ) ) ;
#3535 = DIRECTION ( 'NONE',  ( -0.000000000000000000, -0.000000000000000000, -1.000000000000000000 ) ) ;
#3536 = AXIS2_PLACEMENT_3D ( 'NONE', #7055, #6445, #4122 ) ;
#3537 = DIRECTION ( 'NONE',  ( 0.000000000000000000, 0.000000000000000000, 1.000000000000000000 ) ) ;
#3538 = CARTESIAN_POINT ( 'NONE',  ( -44.24999999999979394, 12.99999999999998757, 2.000000000000000000 ) ) ;
#3539 = CARTESIAN_POINT ( 'NONE',  ( -12.74999999999940492, -25.00000000000000711, 0.000000000000000000 ) ) ;
#3540 = DIRECTION ( 'NONE',  ( -0.000000000000000000, 0.000000000000000000, -1.000000000000000000 ) ) ;
#3541 = CARTESIAN_POINT ( 'NONE',  ( -28.49999999999998934, -28.50000000000000355, 8.572527594031469492E-17 ) ) ;
#3542 = ORIENTED_EDGE ( 'NONE', *, *, #3396, .F. ) ;
#3543 = CIRCLE ( 'NONE', #1855, 0.9999999999999940048 ) ;
#3544 = ORIENTED_EDGE ( 'NONE', *, *, #4230, .F. ) ;
#3545 = ORIENTED_EDGE ( 'NONE', *, *, #1760, .T. ) ;
#3546 = LINE ( 'NONE', #4198, #2729 ) ;
#3547 = CARTESIAN_POINT ( 'NONE',  ( -6.249999999999402256, -26.00000000000001066, 0.000000000000000000 ) ) ;
#3548 = AXIS2_PLACEMENT_3D ( 'NONE', #6720, #6606, #6189 ) ;
#3549 = CARTESIAN_POINT ( 'NONE',  ( 31.75000000000040146, 6.999999999999978684, 0.000000000000000000 ) ) ;
#3550 = ORIENTED_EDGE ( 'NONE', *, *, #6029, .F. ) ;
#3551 = DIRECTION ( 'NONE',  ( 0.000000000000000000, 0.000000000000000000, 1.000000000000000000 ) ) ;
#3552 = ORIENTED_EDGE ( 'NONE', *, *, #5262, .T. ) ;
#3553 = VECTOR ( 'NONE', #5093, 1000.000000000000000 ) ;
#3554 = AXIS2_PLACEMENT_3D ( 'NONE', #5116, #1687, #6289 ) ;
#3555 = EDGE_CURVE ( 'NONE', #6571, #5701, #7175, .T. ) ;
#3556 = VERTEX_POINT ( 'NONE', #255 ) ;
#3557 = ORIENTED_EDGE ( 'NONE', *, *, #6559, .T. ) ;
#3558 = VECTOR ( 'NONE', #4913, 1000.000000000000000 ) ;
#3559 = CARTESIAN_POINT ( 'NONE',  ( -31.74999999999960565, 6.999999999999978684, 2.000000000000000000 ) ) ;
#3560 = VECTOR ( 'NONE', #5942, 1000.000000000000000 ) ;
#3561 = CARTESIAN_POINT ( 'NONE',  ( -12.74999999999980282, 24.99999999999998579, 0.000000000000000000 ) ) ;
#3562 = LINE ( 'NONE', #5205, #5182 ) ;
#3563 = ORIENTED_EDGE ( 'NONE', *, *, #2822, .F. ) ;
#3564 = CARTESIAN_POINT ( 'NONE',  ( 25.25000000000019540, 24.99999999999998579, 2.000000000000000000 ) ) ;
#3565 = ORIENTED_EDGE ( 'NONE', *, *, #4736, .T. ) ;
#3566 = CARTESIAN_POINT ( 'NONE',  ( -44.24999999999960210, 6.999999999999978684, 2.000000000000000000 ) ) ;
#3567 = CIRCLE ( 'NONE', #2604, 1.000000000000000888 ) ;
#3568 = ORIENTED_EDGE ( 'NONE', *, *, #2421, .F. ) ;
#3569 = CARTESIAN_POINT ( 'NONE',  ( 44.25000000000078870, -44.00000000000001421, 2.000000000000000000 ) ) ;
#3570 = EDGE_CURVE ( 'NONE', #573, #2341, #6950, .T. ) ;
#3571 = LINE ( 'NONE', #3605, #3738 ) ;
#3572 = CARTESIAN_POINT ( 'NONE',  ( 12.74999999999999822, 43.99999999999998579, 2.000000000000000000 ) ) ;
#3573 = FACE_OUTER_BOUND ( 'NONE', #6156, .T. ) ;
#3574 = CIRCLE ( 'NONE', #301, 0.9999999999999940048 ) ;
#3575 = ORIENTED_EDGE ( 'NONE', *, *, #7167, .F. ) ;
#3576 = ADVANCED_FACE ( 'NONE', ( #7431 ), #3440, .F. ) ;
#3577 = EDGE_CURVE ( 'NONE', #3908, #1988, #6896, .T. ) ;
#3578 = DIRECTION ( 'NONE',  ( 0.000000000000000000, -1.000000000000000000, 0.000000000000000000 ) ) ;
#3579 = PLANE ( 'NONE',  #2476 ) ;
#3580 = CARTESIAN_POINT ( 'NONE',  ( -12.74999999999920242, -45.00000000000001421, 0.000000000000000000 ) ) ;
#3581 = FACE_BOUND ( 'NONE', #198, .T. ) ;
#3582 = DIRECTION ( 'NONE',  ( -0.000000000000000000, -0.000000000000000000, -1.000000000000000000 ) ) ;
#3583 = EDGE_LOOP ( 'NONE', ( #7323, #4746, #5526, #4689 ) ) ;
#3584 = EDGE_CURVE ( 'NONE', #918, #4784, #6367, .T. ) ;
#3585 = VECTOR ( 'NONE', #4308, 1000.000000000000000 ) ;
#3586 = VERTEX_POINT ( 'NONE', #6792 ) ;
#3587 = EDGE_LOOP ( 'NONE', ( #761, #3016 ) ) ;
#3588 = LINE ( 'NONE', #5837, #773 ) ;
#3589 = DIRECTION ( 'NONE',  ( -0.000000000000000000, -0.000000000000000000, -1.000000000000000000 ) ) ;
#3590 = FACE_OUTER_BOUND ( 'NONE', #1834, .T. ) ;
#3591 = ORIENTED_EDGE ( 'NONE', *, *, #6052, .T. ) ;
#3592 = DIRECTION ( 'NONE',  ( -1.000000000000000000, 0.000000000000000000, 0.000000000000000000 ) ) ;
#3593 = ORIENTED_EDGE ( 'NONE', *, *, #5864, .T. ) ;
#3594 = EDGE_LOOP ( 'NONE', ( #6102, #3140, #4987, #1710 ) ) ;
#3595 = VERTEX_POINT ( 'NONE', #7468 ) ;
#3596 = CARTESIAN_POINT ( 'NONE',  ( -30.74999999999960210, 5.999999999999984901, 2.000000000000000000 ) ) ;
#3597 = LINE ( 'NONE', #1934, #34 ) ;
#3598 = LINE ( 'NONE', #5851, #3603 ) ;
#3599 = VERTEX_POINT ( 'NONE', #4510 ) ;
#3600 = DIRECTION ( 'NONE',  ( 0.000000000000000000, -1.000000000000000000, 0.000000000000000000 ) ) ;
#3601 = ORIENTED_EDGE ( 'NONE', *, *, #3721, .F. ) ;
#3602 = EDGE_LOOP ( 'NONE', ( #5514, #1422, #5237, #5430, #4864, #222, #5156, #2313 ) ) ;
#3603 = VECTOR ( 'NONE', #2351, 1000.000000000000000 ) ;
#3604 = DIRECTION ( 'NONE',  ( 1.000000000000000000, 0.000000000000000000, 0.000000000000000000 ) ) ;
#3605 = CARTESIAN_POINT ( 'NONE',  ( -11.74999999999960032, -6.000000000000012434, 2.000000000000000000 ) ) ;
#3606 = AXIS2_PLACEMENT_3D ( 'NONE', #357, #5644, #2570 ) ;
#3607 = EDGE_CURVE ( 'NONE', #2010, #1074, #4163, .T. ) ;
#3608 = DIRECTION ( 'NONE',  ( -1.000000000000000000, 0.000000000000000000, 0.000000000000000000 ) ) ;
#3609 = AXIS2_PLACEMENT_3D ( 'NONE', #3431, #4657, #5756 ) ;
#3610 = UNCERTAINTY_MEASURE_WITH_UNIT (LENGTH_MEASURE( 1.000000000000000082E-05 ), #3113, 'distance_accuracy_value', 'NONE');
#3611 = ADVANCED_FACE ( 'NONE', ( #7504 ), #1110, .T. ) ;
#3612 = DIRECTION ( 'NONE',  ( 1.000000000000000000, 0.000000000000000000, 0.000000000000000000 ) ) ;
#3613 = EDGE_CURVE ( 'NONE', #73, #3938, #479, .T. ) ;
#3614 = CIRCLE ( 'NONE', #5200, 0.9999999999999940048 ) ;
#3615 = VECTOR ( 'NONE', #5861, 1000.000000000000000 ) ;
#3616 = DIRECTION ( 'NONE',  ( 0.000000000000000000, 0.000000000000000000, 1.000000000000000000 ) ) ;
#3617 = PLANE ( 'NONE',  #6837 ) ;
#3618 = CARTESIAN_POINT ( 'NONE',  ( -26.24999999999979394, 24.99999999999998579, 0.000000000000000000 ) ) ;
#3619 = DIRECTION ( 'NONE',  ( -1.000000000000000000, 0.000000000000000000, 0.000000000000000000 ) ) ;
#3620 = ORIENTED_EDGE ( 'NONE', *, *, #3020, .F. ) ;
#3621 = VECTOR ( 'NONE', #2209, 1000.000000000000000 ) ;
#3622 = EDGE_CURVE ( 'NONE', #6752, #1398, #5155, .T. ) ;
#3623 = ORIENTED_EDGE ( 'NONE', *, *, #3158, .T. ) ;
#3624 = LINE ( 'NONE', #5415, #5404 ) ;
#3625 = ORIENTED_EDGE ( 'NONE', *, *, #2916, .F. ) ;
#3626 = PLANE ( 'NONE',  #4194 ) ;
#3627 = CYLINDRICAL_SURFACE ( 'NONE', #2801, 0.9999999999999974465 ) ;
#3628 = EDGE_CURVE ( 'NONE', #4306, #6997, #5193, .T. ) ;
#3629 = ADVANCED_FACE ( 'NONE', ( #4046 ), #1647, .F. ) ;
#3630 = ADVANCED_FACE ( 'NONE', ( #1149 ), #1073, .F. ) ;
#3631 = DIRECTION ( 'NONE',  ( 0.000000000000000000, 0.000000000000000000, 1.000000000000000000 ) ) ;
#3632 = VERTEX_POINT ( 'NONE', #512 ) ;
#3633 = LINE ( 'NONE', #5807, #3418 ) ;
#3634 = EDGE_LOOP ( 'NONE', ( #2868, #7030, #5529, #4808 ) ) ;
#3635 = ORIENTED_EDGE ( 'NONE', *, *, #4874, .T. ) ;
#3636 = AXIS2_PLACEMENT_3D ( 'NONE', #2004, #848, #1505 ) ;
#3637 = ORIENTED_EDGE ( 'NONE', *, *, #1150, .F. ) ;
#3638 = FACE_OUTER_BOUND ( 'NONE', #7212, .T. ) ;
#3639 = EDGE_CURVE ( 'NONE', #6802, #211, #2257, .T. ) ;
#3640 = DIRECTION ( 'NONE',  ( 0.000000000000000000, 0.000000000000000000, 1.000000000000000000 ) ) ;
#3641 = ORIENTED_EDGE ( 'NONE', *, *, #968, .T. ) ;
#3642 = LINE ( 'NONE', #5817, #1221 ) ;
#3643 = ORIENTED_EDGE ( 'NONE', *, *, #2628, .F. ) ;
#3644 = CARTESIAN_POINT ( 'NONE',  ( 26.25000000000019540, 12.99999999999998757, 2.000000000000000000 ) ) ;
#3645 = CARTESIAN_POINT ( 'NONE',  ( 6.250000000000595080, -13.00000000000001066, 2.000000000000000000 ) ) ;
#3646 = CARTESIAN_POINT ( 'NONE',  ( -7.249999999999396039, -13.00000000000001066, 0.000000000000000000 ) ) ;
#3647 = AXIS2_PLACEMENT_3D ( 'NONE', #2929, #4221, #6464 ) ;
#3648 = LINE ( 'NONE', #46, #1090 ) ;
#3649 = DIRECTION ( 'NONE',  ( 1.000000000000000000, 0.000000000000000000, 0.000000000000000000 ) ) ;
#3650 = CIRCLE ( 'NONE', #1832, 0.9999999999999940048 ) ;
#3651 = EDGE_CURVE ( 'NONE', #199, #5869, #7399, .T. ) ;
#3652 = CARTESIAN_POINT ( 'NONE',  ( 7.250000000000595968, -25.00000000000000711, 0.000000000000000000 ) ) ;
#3653 = DIRECTION ( 'NONE',  ( -0.000000000000000000, -0.000000000000000000, -1.000000000000000000 ) ) ;
#3654 = EDGE_CURVE ( 'NONE', #3902, #4731, #2761, .T. ) ;
#3655 = FACE_BOUND ( 'NONE', #3525, .T. ) ;
#3656 = DIRECTION ( 'NONE',  ( -0.000000000000000000, -0.000000000000000000, -1.000000000000000000 ) ) ;
#3657 = CIRCLE ( 'NONE', #2576, 1.000000000000000888 ) ;
#3658 = ORIENTED_EDGE ( 'NONE', *, *, #1019, .T. ) ;
#3659 = VECTOR ( 'NONE', #5704, 1000.000000000000000 ) ;
#3660 = ORIENTED_EDGE ( 'NONE', *, *, #1570, .T. ) ;
#3661 = ORIENTED_EDGE ( 'NONE', *, *, #3584, .T. ) ;
#3662 = DIRECTION ( 'NONE',  ( -0.000000000000000000, -0.000000000000000000, -1.000000000000000000 ) ) ;
#3663 = ORIENTED_EDGE ( 'NONE', *, *, #755, .F. ) ;
#3664 = CARTESIAN_POINT ( 'NONE',  ( 26.25000000000059330, -13.00000000000001066, 0.000000000000000000 ) ) ;
#3665 = VECTOR ( 'NONE', #1970, 1000.000000000000000 ) ;
#3666 = LINE ( 'NONE', #4082, #2190 ) ;
#3667 = DIRECTION ( 'NONE',  ( -0.000000000000000000, 0.000000000000000000, -1.000000000000000000 ) ) ;
#3668 = ORIENTED_EDGE ( 'NONE', *, *, #1856, .T. ) ;
#3669 = CARTESIAN_POINT ( 'NONE',  ( -6.249999999999602984, 6.999999999999978684, 0.000000000000000000 ) ) ;
#3670 = ORIENTED_EDGE ( 'NONE', *, *, #7211, .T. ) ;
#3671 = ORIENTED_EDGE ( 'NONE', *, *, #3692, .F. ) ;
#3672 = EDGE_CURVE ( 'NONE', #6109, #401, #5042, .T. ) ;
#3673 = EDGE_LOOP ( 'NONE', ( #5667, #4206, #1590, #7143, #7019, #4035, #6750, #4084 ) ) ;
#3674 = VECTOR ( 'NONE', #2388, 1000.000000000000000 ) ;
#3675 = DIRECTION ( 'NONE',  ( 1.000000000000000000, 0.000000000000000000, 0.000000000000000000 ) ) ;
#3676 = AXIS2_PLACEMENT_3D ( 'NONE', #980, #1479, #3879 ) ;
#3677 = CARTESIAN_POINT ( 'NONE',  ( -30.74999999999920419, -32.00000000000001421, 2.000000000000000000 ) ) ;
#3678 = CIRCLE ( 'NONE', #5015, 0.9999999999999974465 ) ;
#3679 = ORIENTED_EDGE ( 'NONE', *, *, #4040, .T. ) ;
#3680 = VECTOR ( 'NONE', #4583, 1000.000000000000000 ) ;
#3681 = CARTESIAN_POINT ( 'NONE',  ( 45.25000000000078870, -32.00000000000001421, 0.000000000000000000 ) ) ;
#3682 = ORIENTED_EDGE ( 'NONE', *, *, #3654, .F. ) ;
#3683 = CARTESIAN_POINT ( 'NONE',  ( 26.25000000000079226, -44.00000000000001421, 2.000000000000000000 ) ) ;
#3684 = AXIS2_PLACEMENT_3D ( 'NONE', #2193, #3653, #2596 ) ;
#3685 = EDGE_CURVE ( 'NONE', #6909, #2528, #3316, .T. ) ;
#3686 = CARTESIAN_POINT ( 'NONE',  ( -11.75000000000000000, 31.99999999999998579, 2.000000000000000000 ) ) ;
#3687 = AXIS2_PLACEMENT_3D ( 'NONE', #6012, #6459, #74 ) ;
#3688 = CARTESIAN_POINT ( 'NONE',  ( -12.74999999999920242, -45.00000000000001421, 2.000000000000000000 ) ) ;
#3689 = DIRECTION ( 'NONE',  ( -0.000000000000000000, -0.000000000000000000, -1.000000000000000000 ) ) ;
#3690 = CYLINDRICAL_SURFACE ( 'NONE', #5839, 0.9999999999999940048 ) ;
#3691 = DIRECTION ( 'NONE',  ( -1.000000000000000000, 0.000000000000000000, 0.000000000000000000 ) ) ;
#3692 = EDGE_CURVE ( 'NONE', #6911, #507, #5653, .T. ) ;
#3693 = CARTESIAN_POINT ( 'NONE',  ( -44.24999999999919709, -32.00000000000001421, 2.000000000000000000 ) ) ;
#3694 = LINE ( 'NONE', #830, #2346 ) ;
#3695 = CARTESIAN_POINT ( 'NONE',  ( -29.69999999999998863, -28.50000000000000355, 8.572527594031469492E-17 ) ) ;
#3696 = CARTESIAN_POINT ( 'NONE',  ( -25.24999999999940314, -12.00000000000001776, 2.000000000000000000 ) ) ;
#3697 = VECTOR ( 'NONE', #7273, 1000.000000000000000 ) ;
#3698 = ORIENTED_EDGE ( 'NONE', *, *, #6133, .T. ) ;
#3699 = ORIENTED_EDGE ( 'NONE', *, *, #4169, .T. ) ;
#3700 = VERTEX_POINT ( 'NONE', #437 ) ;
#3701 = CARTESIAN_POINT ( 'NONE',  ( 6.250000000000796696, -32.00000000000001421, 2.000000000000000000 ) ) ;
#3702 = DIRECTION ( 'NONE',  ( 1.000000000000000000, 0.000000000000000000, 0.000000000000000000 ) ) ;
#3703 = DIRECTION ( 'NONE',  ( -0.000000000000000000, -0.000000000000000000, -1.000000000000000000 ) ) ;
#3704 = DIRECTION ( 'NONE',  ( -1.000000000000000000, 0.000000000000000000, 0.000000000000000000 ) ) ;
#3705 = ORIENTED_EDGE ( 'NONE', *, *, #2373, .F. ) ;
#3706 = CIRCLE ( 'NONE', #1400, 0.9999999999999974465 ) ;
#3707 = DIRECTION ( 'NONE',  ( -1.000000000000000000, -0.000000000000000000, -0.000000000000000000 ) ) ;
#3708 = ORIENTED_EDGE ( 'NONE', *, *, #6306, .F. ) ;
#3709 = ADVANCED_FACE ( 'NONE', ( #1001 ), #3332, .T. ) ;
#3710 = ORIENTED_EDGE ( 'NONE', *, *, #4935, .T. ) ;
#3711 = VERTEX_POINT ( 'NONE', #3024 ) ;
#3712 = CARTESIAN_POINT ( 'NONE',  ( 44.25000000000059686, -12.00000000000001776, 0.000000000000000000 ) ) ;
#3713 = EDGE_CURVE ( 'NONE', #3711, #3270, #5385, .T. ) ;
#3714 = DIRECTION ( 'NONE',  ( -0.000000000000000000, -0.000000000000000000, -1.000000000000000000 ) ) ;
#3715 = EDGE_CURVE ( 'NONE', #2985, #2842, #1188, .T. ) ;
#3716 = ORIENTED_EDGE ( 'NONE', *, *, #4964, .T. ) ;
#3717 = FACE_OUTER_BOUND ( 'NONE', #5576, .T. ) ;
#3718 = ORIENTED_EDGE ( 'NONE', *, *, #4971, .F. ) ;
#3719 = EDGE_CURVE ( 'NONE', #3293, #5225, #98, .T. ) ;
#3720 = EDGE_LOOP ( 'NONE', ( #4012, #7073, #1812, #4782 ) ) ;
#3721 = EDGE_CURVE ( 'NONE', #3228, #5225, #4740, .T. ) ;
#3722 = CARTESIAN_POINT ( 'NONE',  ( -25.24999999999999645, 44.99999999999997868, 0.000000000000000000 ) ) ;
#3723 = ADVANCED_FACE ( 'NONE', ( #5311 ), #1228, .T. ) ;
#3724 = LINE ( 'NONE', #3836, #5743 ) ;
#3725 = FACE_OUTER_BOUND ( 'NONE', #6830, .T. ) ;
#3726 = ADVANCED_FACE ( 'NONE', ( #586 ), #4781, .T. ) ;
#3727 = DIRECTION ( 'NONE',  ( -1.000000000000000000, 0.000000000000000000, 0.000000000000000000 ) ) ;
#3728 = CARTESIAN_POINT ( 'NONE',  ( 12.75000000000019895, 11.99999999999998579, 2.000000000000000000 ) ) ;
#3729 = AXIS2_PLACEMENT_3D ( 'NONE', #5698, #6834, #6763 ) ;
#3730 = DIRECTION ( 'NONE',  ( -0.000000000000000000, -0.000000000000000000, -1.000000000000000000 ) ) ;
#3731 = CARTESIAN_POINT ( 'NONE',  ( 31.75000000000079226, -45.00000000000001421, 2.000000000000000000 ) ) ;
#3732 = EDGE_CURVE ( 'NONE', #6925, #2010, #5956, .T. ) ;
#3733 = CIRCLE ( 'NONE', #3367, 0.9999999999999974465 ) ;
#3734 = FACE_OUTER_BOUND ( 'NONE', #4537, .T. ) ;
#3735 = DIRECTION ( 'NONE',  ( 1.000000000000000000, 0.000000000000000000, -0.000000000000000000 ) ) ;
#3736 = ORIENTED_EDGE ( 'NONE', *, *, #4874, .F. ) ;
#3737 = VECTOR ( 'NONE', #7356, 1000.000000000000000 ) ;
#3738 = VECTOR ( 'NONE', #5937, 1000.000000000000000 ) ;
#3739 = VERTEX_POINT ( 'NONE', #7014 ) ;
#3740 = VERTEX_POINT ( 'NONE', #4816 ) ;
#3741 = CARTESIAN_POINT ( 'NONE',  ( -45.24999999999959499, 5.999999999999984901, 2.000000000000000000 ) ) ;
#3742 = DIRECTION ( 'NONE',  ( -0.000000000000000000, -0.000000000000000000, -1.000000000000000000 ) ) ;
#3743 = CARTESIAN_POINT ( 'NONE',  ( 12.75000000000059330, -26.00000000000001066, 2.000000000000000000 ) ) ;
#3744 = CARTESIAN_POINT ( 'NONE',  ( -25.24999999999940314, -12.00000000000001776, 2.000000000000000000 ) ) ;
#3745 = DIRECTION ( 'NONE',  ( -0.000000000000000000, -0.000000000000000000, -1.000000000000000000 ) ) ;
#3746 = DIRECTION ( 'NONE',  ( -1.000000000000000000, 0.000000000000000000, 0.000000000000000000 ) ) ;
#3747 = EDGE_LOOP ( 'NONE', ( #4007, #6844, #3966, #1523 ) ) ;
#3748 = DIRECTION ( 'NONE',  ( 1.000000000000000000, 0.000000000000000000, 0.000000000000000000 ) ) ;
#3749 = ORIENTED_EDGE ( 'NONE', *, *, #1415, .T. ) ;
#3750 = VERTEX_POINT ( 'NONE', #733 ) ;
#3751 = ORIENTED_EDGE ( 'NONE', *, *, #4687, .F. ) ;
#3752 = DIRECTION ( 'NONE',  ( -0.000000000000000000, -0.000000000000000000, -1.000000000000000000 ) ) ;
#3753 = CIRCLE ( 'NONE', #1187, 0.9999999999999940048 ) ;
#3754 = EDGE_CURVE ( 'NONE', #7519, #3599, #7131, .T. ) ;
#3755 = DIRECTION ( 'NONE',  ( -1.000000000000000000, 0.000000000000000000, 0.000000000000000000 ) ) ;
#3756 = EDGE_LOOP ( 'NONE', ( #2192, #4467, #6158, #2301 ) ) ;
#3757 = PLANE ( 'NONE',  #4997 ) ;
#3758 = ORIENTED_EDGE ( 'NONE', *, *, #5952, .T. ) ;
#3759 = VECTOR ( 'NONE', #4896, 1000.000000000000000 ) ;
#3760 = EDGE_CURVE ( 'NONE', #7089, #4529, #6403, .T. ) ;
#3761 = ORIENTED_EDGE ( 'NONE', *, *, #404, .T. ) ;
#3762 = VERTEX_POINT ( 'NONE', #701 ) ;
#3763 = DIRECTION ( 'NONE',  ( -0.000000000000000000, -0.000000000000000000, -1.000000000000000000 ) ) ;
#3764 = CYLINDRICAL_SURFACE ( 'NONE', #1427, 1.000000000000000888 ) ;
#3765 = FACE_OUTER_BOUND ( 'NONE', #27, .T. ) ;
#3766 = CARTESIAN_POINT ( 'NONE',  ( 12.74999999999999822, 43.99999999999998579, 0.000000000000000000 ) ) ;
#3767 = ADVANCED_FACE ( 'NONE', ( #5840 ), #4239, .T. ) ;
#3768 = PLANE ( 'NONE',  #6495 ) ;
#3769 = CARTESIAN_POINT ( 'NONE',  ( -26.24999999999979394, 24.99999999999998579, 2.000000000000000000 ) ) ;
#3770 = DIRECTION ( 'NONE',  ( 0.000000000000000000, -1.000000000000000000, 0.000000000000000000 ) ) ;
#3771 = CARTESIAN_POINT ( 'NONE',  ( -31.74999999999979750, 25.99999999999997868, 2.000000000000000000 ) ) ;
#3772 = AXIS2_PLACEMENT_3D ( 'NONE', #6142, #2105, #954 ) ;
#3773 = VERTEX_POINT ( 'NONE', #6523 ) ;
#3774 = CIRCLE ( 'NONE', #6916, 0.9999999999999974465 ) ;
#3775 = EDGE_LOOP ( 'NONE', ( #1275, #1134, #3660, #3104 ) ) ;
#3776 = CARTESIAN_POINT ( 'NONE',  ( -30.74999999999980460, 24.99999999999998579, 2.000000000000000000 ) ) ;
#3777 = CARTESIAN_POINT ( 'NONE',  ( 11.75000000000060041, -13.00000000000001066, 2.000000000000000000 ) ) ;
#3778 = DIRECTION ( 'NONE',  ( 0.000000000000000000, 0.000000000000000000, 1.000000000000000000 ) ) ;
#3779 = LINE ( 'NONE', #283, #2156 ) ;
#3780 = DIRECTION ( 'NONE',  ( -0.000000000000000000, -0.000000000000000000, -1.000000000000000000 ) ) ;
#3781 = CARTESIAN_POINT ( 'NONE',  ( -45.24999999999978684, 24.99999999999998579, 0.000000000000000000 ) ) ;
#3782 = ORIENTED_EDGE ( 'NONE', *, *, #4984, .T. ) ;
#3783 = DIRECTION ( 'NONE',  ( -0.000000000000000000, -0.000000000000000000, -1.000000000000000000 ) ) ;
#3784 = ORIENTED_EDGE ( 'NONE', *, *, #5192, .T. ) ;
#3785 = AXIS2_PLACEMENT_3D ( 'NONE', #3442, #1075, #3404 ) ;
#3786 = ORIENTED_EDGE ( 'NONE', *, *, #7299, .F. ) ;
#3787 = ORIENTED_EDGE ( 'NONE', *, *, #1300, .F. ) ;
#3788 = LINE ( 'NONE', #888, #3759 ) ;
#3789 = EDGE_CURVE ( 'NONE', #2200, #2828, #5348, .T. ) ;
#3790 = DIRECTION ( 'NONE',  ( 1.000000000000000000, 0.000000000000000000, 0.000000000000000000 ) ) ;
#3791 = ORIENTED_EDGE ( 'NONE', *, *, #1800, .T. ) ;
#3792 = CYLINDRICAL_SURFACE ( 'NONE', #6929, 1.000000000000000888 ) ;
#3793 = ADVANCED_FACE ( 'NONE', ( #3590 ), #1310, .T. ) ;
#3794 = ORIENTED_EDGE ( 'NONE', *, *, #1344, .T. ) ;
#3795 = ORIENTED_EDGE ( 'NONE', *, *, #3349, .F. ) ;
#3796 = ORIENTED_EDGE ( 'NONE', *, *, #5809, .F. ) ;
#3797 = CIRCLE ( 'NONE', #1483, 1.000000000000000888 ) ;
#3798 = CIRCLE ( 'NONE', #3428, 1.000000000000000888 ) ;
#3799 = AXIS2_PLACEMENT_3D ( 'NONE', #4407, #2664, #858 ) ;
#3800 = CARTESIAN_POINT ( 'NONE',  ( -44.24999999999919709, -31.00000000000002132, 2.000000000000000000 ) ) ;
#3801 = DIRECTION ( 'NONE',  ( -1.000000000000000000, 0.000000000000000000, 0.000000000000000000 ) ) ;
#3802 = VECTOR ( 'NONE', #2387, 1000.000000000000000 ) ;
#3803 = DIRECTION ( 'NONE',  ( 0.000000000000000000, 0.000000000000000000, 1.000000000000000000 ) ) ;
#3804 = FACE_OUTER_BOUND ( 'NONE', #5782, .T. ) ;
#3805 = EDGE_CURVE ( 'NONE', #2690, #4942, #1888, .T. ) ;
#3806 = CARTESIAN_POINT ( 'NONE',  ( 12.75000000000039257, -6.000000000000012434, 0.000000000000000000 ) ) ;
#3807 = FACE_OUTER_BOUND ( 'NONE', #6336, .T. ) ;
#3808 = AXIS2_PLACEMENT_3D ( 'NONE', #3539, #6513, #4767 ) ;
#3809 = LINE ( 'NONE', #1985, #6655 ) ;
#3810 = CARTESIAN_POINT ( 'NONE',  ( -7.249999999999791278, 12.99999999999998757, 2.000000000000000000 ) ) ;
#3811 = EDGE_CURVE ( 'NONE', #6565, #2271, #4119, .T. ) ;
#3812 = EDGE_CURVE ( 'NONE', #4661, #3762, #6770, .T. ) ;
#3813 = VERTEX_POINT ( 'NONE', #4083 ) ;
#3814 = EDGE_CURVE ( 'NONE', #2794, #178, #6443, .T. ) ;
#3815 = EDGE_CURVE ( 'NONE', #4902, #4696, #812, .T. ) ;
#3817 = ORIENTED_EDGE ( 'NONE', *, *, #418, .F. ) ;
#3816 = EDGE_CURVE ( 'NONE', #7249, #4399, #7378, .T. ) ;
#3818 = CARTESIAN_POINT ( 'NONE',  ( 25.25000000000039080, 5.999999999999984901, 2.000000000000000000 ) ) ;
#3819 = CARTESIAN_POINT ( 'NONE',  ( 28.49999999999998579, 28.49999999999999645, 2.000000000000000000 ) ) ;
#3820 = LINE ( 'NONE', #5492, #3889 ) ;
#3821 = VECTOR ( 'NONE', #5039, 1000.000000000000000 ) ;
#3822 = DIRECTION ( 'NONE',  ( 0.000000000000000000, -1.000000000000000000, 0.000000000000000000 ) ) ;
#3823 = DIRECTION ( 'NONE',  ( -0.000000000000000000, -0.000000000000000000, -1.000000000000000000 ) ) ;
#3824 = DIRECTION ( 'NONE',  ( -0.000000000000000000, -0.000000000000000000, -1.000000000000000000 ) ) ;
#3825 = VERTEX_POINT ( 'NONE', #6597 ) ;
#3826 = PLANE ( 'NONE',  #387 ) ;
#3827 = ORIENTED_EDGE ( 'NONE', *, *, #5067, .T. ) ;
#3828 = ORIENTED_EDGE ( 'NONE', *, *, #6650, .T. ) ;
#3829 = ORIENTED_EDGE ( 'NONE', *, *, #4687, .T. ) ;
#3830 = CARTESIAN_POINT ( 'NONE',  ( -26.24999999999999289, 43.99999999999998579, 2.000000000000000000 ) ) ;
#3831 = CARTESIAN_POINT ( 'NONE',  ( 26.25000000000059330, -25.00000000000000711, 0.000000000000000000 ) ) ;
#3832 = ORIENTED_EDGE ( 'NONE', *, *, #2734, .T. ) ;
#3833 = CARTESIAN_POINT ( 'NONE',  ( 43.50000000000000000, -46.50000000000000000, 2.000000000000000000 ) ) ;
#3834 = ORIENTED_EDGE ( 'NONE', *, *, #4444, .T. ) ;
#3835 = VERTEX_POINT ( 'NONE', #6030 ) ;
#3836 = CARTESIAN_POINT ( 'NONE',  ( -30.75000000000000355, 43.99999999999998579, 2.000000000000000000 ) ) ;
#3837 = FACE_OUTER_BOUND ( 'NONE', #675, .T. ) ;
#3838 = FACE_OUTER_BOUND ( 'NONE', #1357, .T. ) ;
#3839 = DIRECTION ( 'NONE',  ( 1.000000000000000000, 0.000000000000000000, 0.000000000000000000 ) ) ;
#3840 = ORIENTED_EDGE ( 'NONE', *, *, #436, .T. ) ;
#3841 = CARTESIAN_POINT ( 'NONE',  ( -30.74999999999980105, 12.99999999999998757, 2.000000000000000000 ) ) ;
#3842 = EDGE_CURVE ( 'NONE', #6997, #5854, #1417, .T. ) ;
#3843 = CARTESIAN_POINT ( 'NONE',  ( 11.75000000000080114, -32.00000000000001421, 0.000000000000000000 ) ) ;
#3844 = DIRECTION ( 'NONE',  ( -1.000000000000000000, 0.000000000000000000, 0.000000000000000000 ) ) ;
#3845 = AXIS2_PLACEMENT_3D ( 'NONE', #4926, #992, #6749 ) ;
#3846 = EDGE_CURVE ( 'NONE', #1034, #3222, #4349, .T. ) ;
#3847 = VERTEX_POINT ( 'NONE', #5494 ) ;
#3848 = LINE ( 'NONE', #7352, #7342 ) ;
#3849 = AXIS2_PLACEMENT_3D ( 'NONE', #6738, #6775, #2133 ) ;
#3850 = LINE ( 'NONE', #3213, #1803 ) ;
#3851 = DIRECTION ( 'NONE',  ( 1.000000000000000000, 0.000000000000000000, 0.000000000000000000 ) ) ;
#3852 = LINE ( 'NONE', #6176, #5674 ) ;
#3853 = LINE ( 'NONE', #6177, #2403 ) ;
#3854 = FACE_OUTER_BOUND ( 'NONE', #2998, .T. ) ;
#3855 = VECTOR ( 'NONE', #2984, 1000.000000000000000 ) ;
#3856 = ORIENTED_EDGE ( 'NONE', *, *, #205, .T. ) ;
#3857 = CARTESIAN_POINT ( 'NONE',  ( 11.75000000000080114, -32.00000000000001421, 2.000000000000000000 ) ) ;
#3858 = AXIS2_PLACEMENT_3D ( 'NONE', #4451, #7308, #6774 ) ;
#3859 = EDGE_CURVE ( 'NONE', #24, #5014, #6145, .T. ) ;
#3860 = ORIENTED_EDGE ( 'NONE', *, *, #3805, .F. ) ;
#3861 = ADVANCED_FACE ( 'NONE', ( #880 ), #285, .F. ) ;
#3862 = ORIENTED_EDGE ( 'NONE', *, *, #7301, .T. ) ;
#3863 = DIRECTION ( 'NONE',  ( 0.000000000000000000, 0.000000000000000000, 1.000000000000000000 ) ) ;
#3864 = EDGE_CURVE ( 'NONE', #382, #2537, #2032, .T. ) ;
#3865 = AXIS2_PLACEMENT_3D ( 'NONE', #654, #2977, #1838 ) ;
#3866 = AXIS2_PLACEMENT_3D ( 'NONE', #7184, #1402, #2590 ) ;
#3867 = FACE_OUTER_BOUND ( 'NONE', #5887, .T. ) ;
#3868 = ORIENTED_EDGE ( 'NONE', *, *, #3906, .F. ) ;
#3869 = DIRECTION ( 'NONE',  ( -0.000000000000000000, -0.000000000000000000, -1.000000000000000000 ) ) ;
#3870 = VERTEX_POINT ( 'NONE', #1496 ) ;
#3871 = AXIS2_PLACEMENT_3D ( 'NONE', #651, #6390, #4571 ) ;
#3872 = VERTEX_POINT ( 'NONE', #5418 ) ;
#3873 = VERTEX_POINT ( 'NONE', #3217 ) ;
#3874 = PLANE ( 'NONE',  #3430 ) ;
#3875 = CARTESIAN_POINT ( 'NONE',  ( -25.24999999999980105, 25.99999999999997868, 2.000000000000000000 ) ) ;
#3876 = DIRECTION ( 'NONE',  ( -0.000000000000000000, -0.000000000000000000, -1.000000000000000000 ) ) ;
#3877 = FACE_OUTER_BOUND ( 'NONE', #4755, .T. ) ;
#3878 = EDGE_LOOP ( 'NONE', ( #4339, #784, #4742, #5523 ) ) ;
#3879 = DIRECTION ( 'NONE',  ( 0.000000000000000000, 0.000000000000000000, 1.000000000000000000 ) ) ;
#3880 = CARTESIAN_POINT ( 'NONE',  ( -30.74999999999960210, -6.000000000000012434, 2.000000000000000000 ) ) ;
#3881 = ORIENTED_EDGE ( 'NONE', *, *, #2056, .T. ) ;
#3882 = CYLINDRICAL_SURFACE ( 'NONE', #6396, 1.000000000000000888 ) ;
#3883 = EDGE_CURVE ( 'NONE', #5621, #7509, #7317, .T. ) ;
#3884 = ORIENTED_EDGE ( 'NONE', *, *, #384, .T. ) ;
#3885 = DIRECTION ( 'NONE',  ( 0.000000000000000000, -1.000000000000000000, 0.000000000000000000 ) ) ;
#3886 = EDGE_CURVE ( 'NONE', #7426, #5209, #4582, .T. ) ;
#3887 = DIRECTION ( 'NONE',  ( -0.000000000000000000, -0.000000000000000000, -1.000000000000000000 ) ) ;
#3888 = DIRECTION ( 'NONE',  ( -0.000000000000000000, -0.000000000000000000, -1.000000000000000000 ) ) ;
#3889 = VECTOR ( 'NONE', #3851, 1000.000000000000000 ) ;
#3890 = DIRECTION ( 'NONE',  ( 0.000000000000000000, -1.000000000000000000, 0.000000000000000000 ) ) ;
#3891 = CARTESIAN_POINT ( 'NONE',  ( -44.24999999999979394, 25.99999999999997868, 2.000000000000000000 ) ) ;
#3892 = AXIS2_PLACEMENT_3D ( 'NONE', #5100, #458, #2779 ) ;
#3893 = ORIENTED_EDGE ( 'NONE', *, *, #4967, .T. ) ;
#3894 = FACE_OUTER_BOUND ( 'NONE', #1146, .T. ) ;
#3895 = ORIENTED_EDGE ( 'NONE', *, *, #3069, .T. ) ;
#3896 = VERTEX_POINT ( 'NONE', #6706 ) ;
#3897 = PLANE ( 'NONE',  #350 ) ;
#3898 = EDGE_CURVE ( 'NONE', #6897, #621, #2533, .T. ) ;
#3899 = VECTOR ( 'NONE', #5050, 1000.000000000000000 ) ;
#3900 = CARTESIAN_POINT ( 'NONE',  ( 6.250000000000796696, -44.00000000000001421, 2.000000000000000000 ) ) ;
#3901 = CARTESIAN_POINT ( 'NONE',  ( -31.74999999999940314, -26.00000000000001066, 2.000000000000000000 ) ) ;
#3902 = VERTEX_POINT ( 'NONE', #916 ) ;
#3903 = CARTESIAN_POINT ( 'NONE',  ( 26.25000000000038725, 5.999999999999984901, 2.000000000000000000 ) ) ;
#3904 = EDGE_LOOP ( 'NONE', ( #7140, #909, #3933, #2384 ) ) ;
#3905 = CIRCLE ( 'NONE', #1715, 0.9999999999999940048 ) ;
#3906 = EDGE_CURVE ( 'NONE', #1450, #3455, #2034, .T. ) ;
#3907 = EDGE_CURVE ( 'NONE', #396, #6321, #4999, .T. ) ;
#3908 = VERTEX_POINT ( 'NONE', #767 ) ;
#3909 = EDGE_CURVE ( 'NONE', #6429, #7125, #4428, .T. ) ;
#3910 = PLANE ( 'NONE',  #4530 ) ;
#3911 = CARTESIAN_POINT ( 'NONE',  ( 25.25000000000019540, 11.99999999999998579, 2.000000000000000000 ) ) ;
#3912 = DIRECTION ( 'NONE',  ( -1.000000000000000000, 0.000000000000000000, 0.000000000000000000 ) ) ;
#3913 = ADVANCED_FACE ( 'NONE', ( #1529 ), #1959, .F. ) ;
#3914 = DIRECTION ( 'NONE',  ( -1.000000000000000000, -0.000000000000000000, -0.000000000000000000 ) ) ;
#3915 = CIRCLE ( 'NONE', #2333, 1.000000000000000888 ) ;
#3916 = VERTEX_POINT ( 'NONE', #3135 ) ;
#3917 = AXIS2_PLACEMENT_3D ( 'NONE', #1547, #5472, #823 ) ;
#3918 = CARTESIAN_POINT ( 'NONE',  ( 11.75000000000060041, -13.00000000000001066, 2.000000000000000000 ) ) ;
#3919 = DIRECTION ( 'NONE',  ( -0.000000000000000000, -0.000000000000000000, -1.000000000000000000 ) ) ;
#3920 = FACE_OUTER_BOUND ( 'NONE', #3953, .T. ) ;
#3921 = AXIS2_PLACEMENT_3D ( 'NONE', #544, #3972, #6256 ) ;
#3922 = VECTOR ( 'NONE', #486, 1000.000000000000000 ) ;
#3923 = ORIENTED_EDGE ( 'NONE', *, *, #3390, .T. ) ;
#3924 = AXIS2_PLACEMENT_3D ( 'NONE', #6354, #2861, #7386 ) ;
#3925 = DIRECTION ( 'NONE',  ( 1.000000000000000000, 0.000000000000000000, 0.000000000000000000 ) ) ;
#3926 = CARTESIAN_POINT ( 'NONE',  ( -44.25000000000000000, 30.99999999999998579, 0.000000000000000000 ) ) ;
#3927 = FACE_OUTER_BOUND ( 'NONE', #7048, .T. ) ;
#3928 = FACE_BOUND ( 'NONE', #1571, .T. ) ;
#3929 = CYLINDRICAL_SURFACE ( 'NONE', #1303, 0.9999999999999940048 ) ;
#3930 = EDGE_LOOP ( 'NONE', ( #6591, #7087, #6642, #1758 ) ) ;
#3931 = DIRECTION ( 'NONE',  ( 0.000000000000000000, -1.000000000000000000, 0.000000000000000000 ) ) ;
#3932 = VECTOR ( 'NONE', #7265, 1000.000000000000000 ) ;
#3933 = ORIENTED_EDGE ( 'NONE', *, *, #6861, .T. ) ;
#3934 = ORIENTED_EDGE ( 'NONE', *, *, #2305, .T. ) ;
#3935 = DIRECTION ( 'NONE',  ( -0.000000000000000000, -0.000000000000000000, -1.000000000000000000 ) ) ;
#3936 = DIRECTION ( 'NONE',  ( 0.000000000000000000, 0.000000000000000000, 1.000000000000000000 ) ) ;
#3937 = DIRECTION ( 'NONE',  ( -1.000000000000000000, -0.000000000000000000, -0.000000000000000000 ) ) ;
#3938 = VERTEX_POINT ( 'NONE', #5455 ) ;
#3939 = EDGE_CURVE ( 'NONE', #1256, #1822, #245, .T. ) ;
#3940 = CARTESIAN_POINT ( 'NONE',  ( 12.75000000000059330, -25.00000000000000711, 0.000000000000000000 ) ) ;
#3941 = ORIENTED_EDGE ( 'NONE', *, *, #3033, .F. ) ;
#3942 = EDGE_CURVE ( 'NONE', #6878, #1077, #7205, .T. ) ;
#3943 = ORIENTED_EDGE ( 'NONE', *, *, #4014, .F. ) ;
#3944 = LINE ( 'NONE', #5203, #2222 ) ;
#3945 = FACE_OUTER_BOUND ( 'NONE', #7171, .T. ) ;
#3946 = CYLINDRICAL_SURFACE ( 'NONE', #801, 1.000000000000000888 ) ;
#3947 = EDGE_CURVE ( 'NONE', #7194, #2457, #3853, .T. ) ;
#3948 = FACE_OUTER_BOUND ( 'NONE', #5989, .T. ) ;
#3949 = ORIENTED_EDGE ( 'NONE', *, *, #6584, .F. ) ;
#3950 = CARTESIAN_POINT ( 'NONE',  ( 6.250000000000199840, 24.99999999999998579, 2.000000000000000000 ) ) ;
#3951 = VECTOR ( 'NONE', #3742, 1000.000000000000000 ) ;
#3952 = EDGE_CURVE ( 'NONE', #1450, #3423, #3286, .T. ) ;
#3953 = EDGE_LOOP ( 'NONE', ( #5836, #3943, #5692, #7402 ) ) ;
#3954 = EDGE_CURVE ( 'NONE', #6323, #6901, #4960, .T. ) ;
#3955 = CARTESIAN_POINT ( 'NONE',  ( 44.25000000000019185, 12.99999999999998757, 0.000000000000000000 ) ) ;
#3956 = EDGE_CURVE ( 'NONE', #4500, #6123, #4427, .T. ) ;
#3957 = DIRECTION ( 'NONE',  ( -0.000000000000000000, -0.000000000000000000, -1.000000000000000000 ) ) ;
#3958 = DIRECTION ( 'NONE',  ( 0.000000000000000000, -0.000000000000000000, -1.000000000000000000 ) ) ;
#3959 = ORIENTED_EDGE ( 'NONE', *, *, #1669, .T. ) ;
#3960 = LINE ( 'NONE', #6207, #6465 ) ;
#3961 = EDGE_CURVE ( 'NONE', #636, #5423, #2031, .T. ) ;
#3962 = DIRECTION ( 'NONE',  ( -0.000000000000000000, -0.000000000000000000, -1.000000000000000000 ) ) ;
#3963 = DIRECTION ( 'NONE',  ( 0.000000000000000000, 0.000000000000000000, 1.000000000000000000 ) ) ;
#3964 = DIRECTION ( 'NONE',  ( -0.000000000000000000, 0.000000000000000000, -1.000000000000000000 ) ) ;
#3965 = LINE ( 'NONE', #4575, #5062 ) ;
#3966 = ORIENTED_EDGE ( 'NONE', *, *, #3988, .T. ) ;
#3967 = AXIS2_PLACEMENT_3D ( 'NONE', #4094, #6415, #70 ) ;
#3968 = ORIENTED_EDGE ( 'NONE', *, *, #7071, .F. ) ;
#3969 = CARTESIAN_POINT ( 'NONE',  ( -31.74999999999979750, 25.99999999999997868, 2.000000000000000000 ) ) ;
#3970 = DIRECTION ( 'NONE',  ( -1.000000000000000000, 0.000000000000000000, 0.000000000000000000 ) ) ;
#3971 = VECTOR ( 'NONE', #4961, 1000.000000000000000 ) ;
#3972 = DIRECTION ( 'NONE',  ( 0.000000000000000000, 0.000000000000000000, 1.000000000000000000 ) ) ;
#3973 = AXIS2_PLACEMENT_3D ( 'NONE', #1484, #3735, #4419 ) ;
#3974 = ORIENTED_EDGE ( 'NONE', *, *, #3815, .T. ) ;
#3975 = CARTESIAN_POINT ( 'NONE',  ( -44.25000000000000000, 31.99999999999998579, 2.000000000000000000 ) ) ;
#3976 = EDGE_LOOP ( 'NONE', ( #4353, #1744, #808, #2291 ) ) ;
#3977 = ORIENTED_EDGE ( 'NONE', *, *, #3149, .T. ) ;
#3978 = VECTOR ( 'NONE', #4612, 1000.000000000000000 ) ;
#3979 = EDGE_LOOP ( 'NONE', ( #2321, #1560, #6700, #6042 ) ) ;
#3980 = VECTOR ( 'NONE', #1059, 1000.000000000000000 ) ;
#3981 = DIRECTION ( 'NONE',  ( -0.000000000000000000, -0.000000000000000000, -1.000000000000000000 ) ) ;
#3982 = DIRECTION ( 'NONE',  ( -1.000000000000000000, 0.000000000000000000, 0.000000000000000000 ) ) ;
#3983 = CARTESIAN_POINT ( 'NONE',  ( -6.249999999999602984, -7.000000000000013323, 0.000000000000000000 ) ) ;
#3984 = EDGE_CURVE ( 'NONE', #2276, #1095, #3128, .T. ) ;
#3985 = FACE_OUTER_BOUND ( 'NONE', #6406, .T. ) ;
#3986 = EDGE_LOOP ( 'NONE', ( #4050, #6379, #7027, #5121 ) ) ;
#3987 = DIRECTION ( 'NONE',  ( -1.000000000000000000, -0.000000000000000000, -0.000000000000000000 ) ) ;
#3988 = EDGE_CURVE ( 'NONE', #4927, #5998, #7276, .T. ) ;
#3989 = EDGE_LOOP ( 'NONE', ( #441, #3338, #633, #1233 ) ) ;
#3990 = LINE ( 'NONE', #6461, #1798 ) ;
#3991 = CARTESIAN_POINT ( 'NONE',  ( -6.249999999999200639, -32.00000000000001421, 0.000000000000000000 ) ) ;
#3992 = CARTESIAN_POINT ( 'NONE',  ( -25.24999999999940314, -25.00000000000000711, 0.000000000000000000 ) ) ;
#3993 = ADVANCED_FACE ( 'NONE', ( #319 ), #7242, .T. ) ;
#3994 = CIRCLE ( 'NONE', #6424, 1.000000000000000888 ) ;
#3995 = ORIENTED_EDGE ( 'NONE', *, *, #3234, .F. ) ;
#3996 = CARTESIAN_POINT ( 'NONE',  ( 26.25000000000039080, -6.000000000000012434, 2.000000000000000000 ) ) ;
#3997 = LINE ( 'NONE', #1097, #4104 ) ;
#3998 = CARTESIAN_POINT ( 'NONE',  ( 25.25000000000019540, 12.99999999999998757, 2.000000000000000000 ) ) ;
#3999 = FACE_BOUND ( 'NONE', #5914, .T. ) ;
#4000 = CARTESIAN_POINT ( 'NONE',  ( 7.250000000000200728, 24.99999999999998579, 0.000000000000000000 ) ) ;
#4001 = ORIENTED_EDGE ( 'NONE', *, *, #1747, .F. ) ;
#4002 = EDGE_LOOP ( 'NONE', ( #6332, #1763, #1773, #1315 ) ) ;
#4003 = ORIENTED_EDGE ( 'NONE', *, *, #3639, .F. ) ;
#4004 = CYLINDRICAL_SURFACE ( 'NONE', #5152, 0.9999999999999940048 ) ;
#4005 = CARTESIAN_POINT ( 'NONE',  ( -31.74999999999920419, -32.00000000000001421, 0.000000000000000000 ) ) ;
#4006 = CARTESIAN_POINT ( 'NONE',  ( -6.249999999999402256, -26.00000000000001066, 2.000000000000000000 ) ) ;
#4007 = ORIENTED_EDGE ( 'NONE', *, *, #3954, .F. ) ;
#4008 = DIRECTION ( 'NONE',  ( 1.000000000000000000, 0.000000000000000000, 0.000000000000000000 ) ) ;
#4009 = ORIENTED_EDGE ( 'NONE', *, *, #3033, .T. ) ;
#4010 = CIRCLE ( 'NONE', #129, 1.000000000000000888 ) ;
#4011 = CIRCLE ( 'NONE', #849, 1.000000000000000888 ) ;
#4012 = ORIENTED_EDGE ( 'NONE', *, *, #4088, .F. ) ;
#4013 = ORIENTED_EDGE ( 'NONE', *, *, #1528, .T. ) ;
#4014 = EDGE_CURVE ( 'NONE', #6752, #3031, #3852, .T. ) ;
#4015 = CARTESIAN_POINT ( 'NONE',  ( 27.29999999999999716, -28.49999999999998934, 2.000000000000000000 ) ) ;
#4016 = CARTESIAN_POINT ( 'NONE',  ( -6.249999999999797495, 12.99999999999998757, 0.000000000000000000 ) ) ;
#4017 = FACE_OUTER_BOUND ( 'NONE', #5349, .T. ) ;
#4018 = VERTEX_POINT ( 'NONE', #955 ) ;
#4019 = CARTESIAN_POINT ( 'NONE',  ( 30.75000000000000711, 43.99999999999998579, 0.000000000000000000 ) ) ;
#4020 = ORIENTED_EDGE ( 'NONE', *, *, #3859, .T. ) ;
#4021 = CARTESIAN_POINT ( 'NONE',  ( 6.250000000000595080, -25.00000000000000711, 2.000000000000000000 ) ) ;
#4022 = EDGE_LOOP ( 'NONE', ( #1201, #4267, #2731, #7032, #6293, #847, #5447, #5731 ) ) ;
#4023 = AXIS2_PLACEMENT_3D ( 'NONE', #6226, #5044, #7470 ) ;
#4024 = DIRECTION ( 'NONE',  ( -0.000000000000000000, -0.000000000000000000, -1.000000000000000000 ) ) ;
#4025 = DIRECTION ( 'NONE',  ( 1.000000000000000000, 0.000000000000000000, 0.000000000000000000 ) ) ;
#4026 = DIRECTION ( 'NONE',  ( 1.000000000000000000, 0.000000000000000000, 0.000000000000000000 ) ) ;
#4027 = VERTEX_POINT ( 'NONE', #3285 ) ;
#4028 = CARTESIAN_POINT ( 'NONE',  ( 31.75000000000000000, 44.99999999999997868, 2.000000000000000000 ) ) ;
#4029 = DIRECTION ( 'NONE',  ( -1.000000000000000000, 0.000000000000000000, 0.000000000000000000 ) ) ;
#4030 = DIRECTION ( 'NONE',  ( 1.000000000000000000, 0.000000000000000000, 0.000000000000000000 ) ) ;
#4031 = VECTOR ( 'NONE', #5634, 1000.000000000000000 ) ;
#4032 = EDGE_LOOP ( 'NONE', ( #5354, #5790, #7236, #4890 ) ) ;
#4033 = DIRECTION ( 'NONE',  ( -0.000000000000000000, -0.000000000000000000, -1.000000000000000000 ) ) ;
#4034 = ADVANCED_FACE ( 'NONE', ( #2071 ), #2718, .F. ) ;
#4035 = ORIENTED_EDGE ( 'NONE', *, *, #3202, .F. ) ;
#4036 = CIRCLE ( 'NONE', #1726, 0.9999999999999974465 ) ;
#4037 = CARTESIAN_POINT ( 'NONE',  ( 11.75000000000020428, 24.99999999999998579, 0.000000000000000000 ) ) ;
#4038 = ADVANCED_FACE ( 'NONE', ( #6068 ), #6211, .T. ) ;
#4039 = ORIENTED_EDGE ( 'NONE', *, *, #4800, .T. ) ;
#4040 = EDGE_CURVE ( 'NONE', #2047, #3423, #4386, .T. ) ;
#4041 = ORIENTED_EDGE ( 'NONE', *, *, #1150, .T. ) ;
#4042 = ADVANCED_FACE ( 'NONE', ( #6781 ), #990, .T. ) ;
#4043 = ORIENTED_EDGE ( 'NONE', *, *, #4559, .F. ) ;
#4044 = CARTESIAN_POINT ( 'NONE',  ( -45.24999999999919709, -32.00000000000001421, 2.000000000000000000 ) ) ;
#4045 = DIRECTION ( 'NONE',  ( -1.000000000000000000, 0.000000000000000000, 0.000000000000000000 ) ) ;
#4046 = FACE_OUTER_BOUND ( 'NONE', #4095, .T. ) ;
#4047 = ORIENTED_EDGE ( 'NONE', *, *, #1674, .F. ) ;
#4048 = CARTESIAN_POINT ( 'NONE',  ( 25.24999999999999289, 43.99999999999998579, 0.000000000000000000 ) ) ;
#4049 = ORIENTED_EDGE ( 'NONE', *, *, #6872, .F. ) ;
#4050 = ORIENTED_EDGE ( 'NONE', *, *, #5310, .F. ) ;
#4051 = ORIENTED_EDGE ( 'NONE', *, *, #1485, .F. ) ;
#4052 = PLANE ( 'NONE',  #3147 ) ;
#4053 = CIRCLE ( 'NONE', #5518, 1.000000000000000888 ) ;
#4054 = DIRECTION ( 'NONE',  ( 1.000000000000000000, 0.000000000000000000, 0.000000000000000000 ) ) ;
#4055 = CARTESIAN_POINT ( 'NONE',  ( -26.24999999999919353, -32.00000000000001421, 2.000000000000000000 ) ) ;
#4056 = AXIS2_PLACEMENT_3D ( 'NONE', #18, #7011, #1801 ) ;
#4057 = CARTESIAN_POINT ( 'NONE',  ( 44.25000000000059686, -26.00000000000001066, 2.000000000000000000 ) ) ;
#4058 = ORIENTED_EDGE ( 'NONE', *, *, #5304, .T. ) ;
#4059 = AXIS2_PLACEMENT_3D ( 'NONE', #3918, #6238, #4947 ) ;
#4060 = DIRECTION ( 'NONE',  ( -1.000000000000000000, 0.000000000000000000, 0.000000000000000000 ) ) ;
#4061 = ORIENTED_EDGE ( 'NONE', *, *, #1911, .T. ) ;
#4062 = DIRECTION ( 'NONE',  ( -0.000000000000000000, -0.000000000000000000, -1.000000000000000000 ) ) ;
#4063 = ORIENTED_EDGE ( 'NONE', *, *, #366, .F. ) ;
#4064 = DIRECTION ( 'NONE',  ( 1.000000000000000000, 0.000000000000000000, 0.000000000000000000 ) ) ;
#4065 = LINE ( 'NONE', #6542, #6773 ) ;
#4066 = CIRCLE ( 'NONE', #6255, 1.000000000000000888 ) ;
#4067 = CARTESIAN_POINT ( 'NONE',  ( -26.24999999999959144, 5.999999999999984901, 0.000000000000000000 ) ) ;
#4068 = CARTESIAN_POINT ( 'NONE',  ( 27.29999999999999716, -28.49999999999998934, 8.572527594031469492E-17 ) ) ;
#4069 = EDGE_CURVE ( 'NONE', #1410, #1987, #1660, .T. ) ;
#4070 = CARTESIAN_POINT ( 'NONE',  ( 45.25000000000059686, -13.00000000000001066, 2.000000000000000000 ) ) ;
#4071 = PLANE ( 'NONE',  #225 ) ;
#4072 = DIRECTION ( 'NONE',  ( 1.000000000000000000, 0.000000000000000000, -0.000000000000000000 ) ) ;
#4073 = FACE_BOUND ( 'NONE', #2269, .T. ) ;
#4074 = CARTESIAN_POINT ( 'NONE',  ( 11.75000000000000355, 43.99999999999998579, 2.000000000000000000 ) ) ;
#4075 = EDGE_CURVE ( 'NONE', #3870, #5673, #3779, .T. ) ;
#4076 = ORIENTED_EDGE ( 'NONE', *, *, #4262, .T. ) ;
#4077 = EDGE_CURVE ( 'NONE', #962, #1499, #1302, .T. ) ;
#4078 = VERTEX_POINT ( 'NONE', #7316 ) ;
#4079 = ORIENTED_EDGE ( 'NONE', *, *, #249, .T. ) ;
#4080 = DIRECTION ( 'NONE',  ( 0.000000000000000000, 0.000000000000000000, 1.000000000000000000 ) ) ;
#4081 = EDGE_LOOP ( 'NONE', ( #336, #2494, #705, #92, #6008, #6601, #5741, #1843 ) ) ;
#4082 = CARTESIAN_POINT ( 'NONE',  ( -12.74999999999980282, 25.99999999999997868, 2.000000000000000000 ) ) ;
#4083 = CARTESIAN_POINT ( 'NONE',  ( -45.24999999999919709, -32.00000000000001421, 0.000000000000000000 ) ) ;
#4084 = ORIENTED_EDGE ( 'NONE', *, *, #436, .F. ) ;
#4085 = DIRECTION ( 'NONE',  ( 0.000000000000000000, 0.000000000000000000, 1.000000000000000000 ) ) ;
#4086 = AXIS2_PLACEMENT_3D ( 'NONE', #1239, #7063, #2307 ) ;
#4087 = ORIENTED_EDGE ( 'NONE', *, *, #3805, .T. ) ;
#4088 = EDGE_CURVE ( 'NONE', #5584, #5912, #1544, .T. ) ;
#4089 = VERTEX_POINT ( 'NONE', #4924 ) ;
#4090 = CARTESIAN_POINT ( 'NONE',  ( 26.25000000000079226, -32.00000000000001421, 2.000000000000000000 ) ) ;
#4091 = CIRCLE ( 'NONE', #5558, 0.9999999999999974465 ) ;
#4092 = DIRECTION ( 'NONE',  ( 1.000000000000000000, 0.000000000000000000, 0.000000000000000000 ) ) ;
#4093 = CARTESIAN_POINT ( 'NONE',  ( 31.75000000000040146, -7.000000000000013323, 0.000000000000000000 ) ) ;
#4094 = CARTESIAN_POINT ( 'NONE',  ( -6.249999999999200639, -44.00000000000001421, 2.000000000000000000 ) ) ;
#4095 = EDGE_LOOP ( 'NONE', ( #3705, #3334, #3658, #2652 ) ) ;
#4096 = DIRECTION ( 'NONE',  ( 1.000000000000000000, 0.000000000000000000, 0.000000000000000000 ) ) ;
#4097 = ORIENTED_EDGE ( 'NONE', *, *, #683, .T. ) ;
#4098 = AXIS2_PLACEMENT_3D ( 'NONE', #1274, #5883, #3667 ) ;
#4099 = ORIENTED_EDGE ( 'NONE', *, *, #5026, .T. ) ;
#4100 = CARTESIAN_POINT ( 'NONE',  ( 6.250000000000796696, -31.00000000000002132, 2.000000000000000000 ) ) ;
#4101 = DIRECTION ( 'NONE',  ( 0.000000000000000000, 0.000000000000000000, 1.000000000000000000 ) ) ;
#4102 = CARTESIAN_POINT ( 'NONE',  ( -31.74999999999960565, -7.000000000000015099, 2.000000000000000000 ) ) ;
#4103 = CARTESIAN_POINT ( 'NONE',  ( -31.74999999999940314, -26.00000000000001066, 2.000000000000000000 ) ) ;
#4104 = VECTOR ( 'NONE', #7491, 1000.000000000000000 ) ;
#4105 = CARTESIAN_POINT ( 'NONE',  ( 7.250000000000200728, 12.99999999999998757, 2.000000000000000000 ) ) ;
#4106 = PLANE ( 'NONE',  #5818 ) ;
#4107 = CARTESIAN_POINT ( 'NONE',  ( 11.75000000000000355, 43.99999999999998579, 0.000000000000000000 ) ) ;
#4108 = FACE_BOUND ( 'NONE', #883, .T. ) ;
#4109 = EDGE_LOOP ( 'NONE', ( #5149, #3408, #707, #2087 ) ) ;
#4110 = DIRECTION ( 'NONE',  ( -0.000000000000000000, -0.000000000000000000, -1.000000000000000000 ) ) ;
#4111 = AXIS2_PLACEMENT_3D ( 'NONE', #2303, #6940, #1738 ) ;
#4112 = ORIENTED_EDGE ( 'NONE', *, *, #1712, .T. ) ;
#4113 = VERTEX_POINT ( 'NONE', #3249 ) ;
#4114 = AXIS2_PLACEMENT_3D ( 'NONE', #5292, #224, #2549 ) ;
#4115 = EDGE_LOOP ( 'NONE', ( #123, #1842, #4381, #6260 ) ) ;
#4116 = CARTESIAN_POINT ( 'NONE',  ( -44.24999999999940314, -25.00000000000000711, 0.000000000000000000 ) ) ;
#4117 = ORIENTED_EDGE ( 'NONE', *, *, #106, .T. ) ;
#4118 = DIRECTION ( 'NONE',  ( -1.000000000000000000, 0.000000000000000000, 0.000000000000000000 ) ) ;
#4119 = LINE ( 'NONE', #4202, #7258 ) ;
#4120 = VECTOR ( 'NONE', #477, 1000.000000000000000 ) ;
#4121 = ORIENTED_EDGE ( 'NONE', *, *, #1702, .F. ) ;
#4122 = DIRECTION ( 'NONE',  ( -1.000000000000000000, 0.000000000000000000, 0.000000000000000000 ) ) ;
#4123 = ORIENTED_EDGE ( 'NONE', *, *, #1471, .F. ) ;
#4124 = EDGE_CURVE ( 'NONE', #4514, #5737, #1527, .T. ) ;
#4125 = ORIENTED_EDGE ( 'NONE', *, *, #7345, .T. ) ;
#4126 = ORIENTED_EDGE ( 'NONE', *, *, #4421, .T. ) ;
#4127 = DIRECTION ( 'NONE',  ( -0.000000000000000000, -0.000000000000000000, -1.000000000000000000 ) ) ;
#4128 = CARTESIAN_POINT ( 'NONE',  ( 31.75000000000079226, -45.00000000000001421, 2.000000000000000000 ) ) ;
#4129 = CARTESIAN_POINT ( 'NONE',  ( -12.74999999999980282, 11.99999999999998579, 2.000000000000000000 ) ) ;
#4130 = CIRCLE ( 'NONE', #6975, 1.199999999999999734 ) ;
#4131 = CARTESIAN_POINT ( 'NONE',  ( 6.250000000000796696, -31.00000000000002132, 2.000000000000000000 ) ) ;
#4132 = EDGE_LOOP ( 'NONE', ( #1998, #2623 ) ) ;
#4133 = CARTESIAN_POINT ( 'NONE',  ( 12.75000000000079581, -44.00000000000001421, 2.000000000000000000 ) ) ;
#4134 = ORIENTED_EDGE ( 'NONE', *, *, #5781, .T. ) ;
#4135 = EDGE_CURVE ( 'NONE', #6611, #5094, #5803, .T. ) ;
#4136 = CARTESIAN_POINT ( 'NONE',  ( -26.24999999999959144, -6.000000000000012434, 0.000000000000000000 ) ) ;
#4137 = ADVANCED_FACE ( 'NONE', ( #2862 ), #5715, .T. ) ;
#4138 = ORIENTED_EDGE ( 'NONE', *, *, #42, .T. ) ;
#4139 = LINE ( 'NONE', #188, #5537 ) ;
#4140 = CIRCLE ( 'NONE', #4385, 0.9999999999999974465 ) ;
#4141 = DIRECTION ( 'NONE',  ( -0.000000000000000000, -0.000000000000000000, -1.000000000000000000 ) ) ;
#4142 = CARTESIAN_POINT ( 'NONE',  ( -29.69999999999998863, -28.50000000000000355, 2.000000000000000000 ) ) ;
#4143 = CARTESIAN_POINT ( 'NONE',  ( 7.250000000000197176, 24.99999999999998579, 2.000000000000000000 ) ) ;
#4144 = AXIS2_PLACEMENT_3D ( 'NONE', #588, #4623, #1807 ) ;
#4145 = CARTESIAN_POINT ( 'NONE',  ( -26.24999999999979394, 12.99999999999998757, 2.000000000000000000 ) ) ;
#4146 = DIRECTION ( 'NONE',  ( -1.000000000000000000, 0.000000000000000000, 0.000000000000000000 ) ) ;
#4147 = CARTESIAN_POINT ( 'NONE',  ( 11.75000000000020428, 12.99999999999998757, 2.000000000000000000 ) ) ;
#4148 = CARTESIAN_POINT ( 'NONE',  ( 7.250000000000592415, -13.00000000000001066, 2.000000000000000000 ) ) ;
#4149 = ORIENTED_EDGE ( 'NONE', *, *, #1346, .F. ) ;
#4150 = CARTESIAN_POINT ( 'NONE',  ( -45.24999999999999289, 43.99999999999998579, 2.000000000000000000 ) ) ;
#4151 = ORIENTED_EDGE ( 'NONE', *, *, #6654, .T. ) ;
#4152 = VECTOR ( 'NONE', #118, 1000.000000000000000 ) ;
#4153 = ORIENTED_EDGE ( 'NONE', *, *, #4748, .F. ) ;
#4154 = DIRECTION ( 'NONE',  ( 0.000000000000000000, -1.000000000000000000, 0.000000000000000000 ) ) ;
#4155 = ORIENTED_EDGE ( 'NONE', *, *, #3509, .T. ) ;
#4156 = DIRECTION ( 'NONE',  ( 0.000000000000000000, -0.000000000000000000, 1.000000000000000000 ) ) ;
#4157 = VECTOR ( 'NONE', #5088, 1000.000000000000000 ) ;
#4158 = CIRCLE ( 'NONE', #873, 1.000000000000000888 ) ;
#4159 = DIRECTION ( 'NONE',  ( -0.000000000000000000, -0.000000000000000000, -1.000000000000000000 ) ) ;
#4160 = ORIENTED_EDGE ( 'NONE', *, *, #3909, .T. ) ;
#4161 = LINE ( 'NONE', #2418, #1350 ) ;
#4162 = ORIENTED_EDGE ( 'NONE', *, *, #510, .T. ) ;
#4163 = CIRCLE ( 'NONE', #3921, 0.9999999999999974465 ) ;
#4164 = ORIENTED_EDGE ( 'NONE', *, *, #5425, .T. ) ;
#4165 = ORIENTED_EDGE ( 'NONE', *, *, #6187, .F. ) ;
#4166 = VECTOR ( 'NONE', #3239, 1000.000000000000000 ) ;
#4167 = CARTESIAN_POINT ( 'NONE',  ( 25.25000000000058975, -25.00000000000000711, 2.000000000000000000 ) ) ;
#4168 = AXIS2_PLACEMENT_3D ( 'NONE', #5678, #1296, #10 ) ;
#4169 = EDGE_CURVE ( 'NONE', #3466, #7248, #2899, .T. ) ;
#4170 = DIRECTION ( 'NONE',  ( -0.000000000000000000, -0.000000000000000000, -1.000000000000000000 ) ) ;
#4171 = CARTESIAN_POINT ( 'NONE',  ( 11.75000000000060041, -25.00000000000000711, 2.000000000000000000 ) ) ;
#4172 = ORIENTED_EDGE ( 'NONE', *, *, #5528, .T. ) ;
#4173 = DIRECTION ( 'NONE',  ( 1.000000000000000000, 0.000000000000000000, 0.000000000000000000 ) ) ;
#4174 = ORIENTED_EDGE ( 'NONE', *, *, #1237, .T. ) ;
#4175 = EDGE_CURVE ( 'NONE', #7347, #7332, #5107, .T. ) ;
#4176 = AXIS2_PLACEMENT_3D ( 'NONE', #5577, #2179, #6249 ) ;
#4177 = CARTESIAN_POINT ( 'NONE',  ( -6.249999999999200639, -45.00000000000001421, 0.000000000000000000 ) ) ;
#4178 = DIRECTION ( 'NONE',  ( -0.000000000000000000, -0.000000000000000000, -1.000000000000000000 ) ) ;
#4179 = EDGE_CURVE ( 'NONE', #4433, #382, #12, .T. ) ;
#4180 = CARTESIAN_POINT ( 'NONE',  ( -44.24999999999979394, 11.99999999999998579, 0.000000000000000000 ) ) ;
#4181 = CARTESIAN_POINT ( 'NONE',  ( 31.75000000000079226, -31.00000000000002132, 2.000000000000000000 ) ) ;
#4182 = ADVANCED_FACE ( 'NONE', ( #1679, #3464, #4542, #1600, #7459, #6885, #4574, #2289, #5792, #537, #3999, #2328, #1030, #2824, #505, #1141, #3356, #5679, #3928, #467, #7493, #574, #2786, #7423, #5145, #5224, #2212, #428, #6848, #2250 ), #1639, .T. ) ;
#4183 = LINE ( 'NONE', #4724, #4405 ) ;
#4184 = EDGE_CURVE ( 'NONE', #7125, #6330, #4654, .T. ) ;
#4185 = VECTOR ( 'NONE', #4024, 1000.000000000000000 ) ;
#4186 = EDGE_CURVE ( 'NONE', #5821, #4399, #5755, .T. ) ;
#4187 = ADVANCED_FACE ( 'NONE', ( #5183, #1757, #6922, #1716, #4073, #6393, #1178, #2752, #5066, #7387, #689, #3655, #5301, #6549, #5373, #1949, #4768, #3013, #5337, #121, #3581, #4108, #86, #7121, #4261, #4228, #2444, #7084, #2488, #4191 ), #5909, .F. ) ;
#4188 = DIRECTION ( 'NONE',  ( 0.000000000000000000, 0.000000000000000000, 1.000000000000000000 ) ) ;
#4189 = FACE_OUTER_BOUND ( 'NONE', #4551, .T. ) ;
#4190 = DIRECTION ( 'NONE',  ( 0.000000000000000000, 0.000000000000000000, 1.000000000000000000 ) ) ;
#4191 = FACE_BOUND ( 'NONE', #5340, .T. ) ;
#4192 = FACE_OUTER_BOUND ( 'NONE', #440, .T. ) ;
#4193 = ORIENTED_EDGE ( 'NONE', *, *, #5393, .F. ) ;
#4194 = AXIS2_PLACEMENT_3D ( 'NONE', #7240, #1413, #4921 ) ;
#4195 = EDGE_CURVE ( 'NONE', #1396, #4942, #1333, .T. ) ;
#4196 = EDGE_LOOP ( 'NONE', ( #1469, #1470, #1531, #220 ) ) ;
#4197 = ORIENTED_EDGE ( 'NONE', *, *, #6508, .F. ) ;
#4198 = CARTESIAN_POINT ( 'NONE',  ( 26.25000000000079226, -32.00000000000001421, 0.000000000000000000 ) ) ;
#4199 = EDGE_LOOP ( 'NONE', ( #5929, #993, #4670, #1935 ) ) ;
#4200 = LINE ( 'NONE', #6521, #6503 ) ;
#4201 = DIRECTION ( 'NONE',  ( -0.000000000000000000, -0.000000000000000000, -1.000000000000000000 ) ) ;
#4202 = CARTESIAN_POINT ( 'NONE',  ( -6.249999999999797495, 11.99999999999998579, 2.000000000000000000 ) ) ;
#4203 = VERTEX_POINT ( 'NONE', #1265 ) ;
#4204 = DIRECTION ( 'NONE',  ( -0.000000000000000000, -0.000000000000000000, -1.000000000000000000 ) ) ;
#4205 = ORIENTED_EDGE ( 'NONE', *, *, #5708, .T. ) ;
#4206 = ORIENTED_EDGE ( 'NONE', *, *, #2229, .F. ) ;
#4207 = ORIENTED_EDGE ( 'NONE', *, *, #6033, .T. ) ;
#4208 = CARTESIAN_POINT ( 'NONE',  ( 25.25000000000019540, 25.99999999999997868, 0.000000000000000000 ) ) ;
#4209 = LINE ( 'NONE', #6532, #754 ) ;
#4210 = AXIS2_PLACEMENT_3D ( 'NONE', #3287, #2646, #6108 ) ;
#4211 = ORIENTED_EDGE ( 'NONE', *, *, #499, .F. ) ;
#4212 = CARTESIAN_POINT ( 'NONE',  ( -25.24999999999920064, -32.00000000000001421, 2.000000000000000000 ) ) ;
#4213 = ORIENTED_EDGE ( 'NONE', *, *, #1958, .F. ) ;
#4214 = PLANE ( 'NONE',  #1374 ) ;
#4215 = CARTESIAN_POINT ( 'NONE',  ( -25.24999999999940314, -26.00000000000001066, 2.000000000000000000 ) ) ;
#4216 = CIRCLE ( 'NONE', #928, 1.000000000000000888 ) ;
#4217 = DIRECTION ( 'NONE',  ( -0.000000000000000000, -0.000000000000000000, -1.000000000000000000 ) ) ;
#4218 = EDGE_CURVE ( 'NONE', #3035, #3916, #3261, .T. ) ;
#4219 = DIRECTION ( 'NONE',  ( -0.000000000000000000, 1.000000000000000000, -0.000000000000000000 ) ) ;
#4220 = AXIS2_PLACEMENT_3D ( 'NONE', #878, #4998, #2107 ) ;
#4221 = DIRECTION ( 'NONE',  ( 0.000000000000000000, 0.000000000000000000, 1.000000000000000000 ) ) ;
#4222 = CIRCLE ( 'NONE', #3255, 3.000000000000002665 ) ;
#4223 = LINE ( 'NONE', #5368, #6484 ) ;
#4224 = CIRCLE ( 'NONE', #344, 1.000000000000000888 ) ;
#4225 = AXIS2_PLACEMENT_3D ( 'NONE', #7262, #787, #1515 ) ;
#4226 = DIRECTION ( 'NONE',  ( -1.000000000000000000, 0.000000000000000000, 0.000000000000000000 ) ) ;
#4227 = CARTESIAN_POINT ( 'NONE',  ( 44.25000000000019185, 11.99999999999998579, 2.000000000000000000 ) ) ;
#4228 = FACE_BOUND ( 'NONE', #3602, .T. ) ;
#4229 = DIRECTION ( 'NONE',  ( 1.000000000000000000, 0.000000000000000000, 0.000000000000000000 ) ) ;
#4230 = EDGE_CURVE ( 'NONE', #2537, #2352, #1057, .T. ) ;
#4231 = ORIENTED_EDGE ( 'NONE', *, *, #4184, .T. ) ;
#4232 = AXIS2_PLACEMENT_3D ( 'NONE', #2254, #3935, #6252 ) ;
#4233 = ORIENTED_EDGE ( 'NONE', *, *, #3084, .T. ) ;
#4234 = ORIENTED_EDGE ( 'NONE', *, *, #189, .F. ) ;
#4235 = CARTESIAN_POINT ( 'NONE',  ( -45.24999999999939604, -25.00000000000000711, 2.000000000000000000 ) ) ;
#4236 = VERTEX_POINT ( 'NONE', #4806 ) ;
#4237 = DIRECTION ( 'NONE',  ( -0.000000000000000000, 1.000000000000000000, -0.000000000000000000 ) ) ;
#4238 = DIRECTION ( 'NONE',  ( 0.000000000000000000, 0.000000000000000000, 1.000000000000000000 ) ) ;
#4239 = PLANE ( 'NONE',  #7013 ) ;
#4240 = ORIENTED_EDGE ( 'NONE', *, *, #6161, .F. ) ;
#4241 = CARTESIAN_POINT ( 'NONE',  ( 11.75000000000020428, 12.99999999999999112, 0.000000000000000000 ) ) ;
#4242 = ORIENTED_EDGE ( 'NONE', *, *, #2229, .T. ) ;
#4243 = ORIENTED_EDGE ( 'NONE', *, *, #1564, .F. ) ;
#4244 = ORIENTED_EDGE ( 'NONE', *, *, #4701, .T. ) ;
#4245 = DIRECTION ( 'NONE',  ( -1.000000000000000000, 0.000000000000000000, 0.000000000000000000 ) ) ;
#4246 = PLANE ( 'NONE',  #2704 ) ;
#4247 = ORIENTED_EDGE ( 'NONE', *, *, #2560, .T. ) ;
#4248 = FACE_OUTER_BOUND ( 'NONE', #3775, .T. ) ;
#4249 = ORIENTED_EDGE ( 'NONE', *, *, #1501, .F. ) ;
#4250 = SHAPE_DEFINITION_REPRESENTATION ( #1867, #4302 ) ;
#4251 = EDGE_CURVE ( 'NONE', #5230, #2578, #3614, .T. ) ;
#4252 = ORIENTED_EDGE ( 'NONE', *, *, #6740, .T. ) ;
#4253 = CARTESIAN_POINT ( 'NONE',  ( 25.25000000000019540, 25.99999999999997868, 2.000000000000000000 ) ) ;
#4254 = LINE ( 'NONE', #7228, #1791 ) ;
#4255 = VECTOR ( 'NONE', #2064, 1000.000000000000000 ) ;
#4256 = DIRECTION ( 'NONE',  ( 0.000000000000000000, -1.000000000000000000, 0.000000000000000000 ) ) ;
#4257 = DIRECTION ( 'NONE',  ( -0.000000000000000000, 1.000000000000000000, -0.000000000000000000 ) ) ;
#4258 = CIRCLE ( 'NONE', #3295, 0.9999999999999940048 ) ;
#4259 = CYLINDRICAL_SURFACE ( 'NONE', #5740, 1.199999999999999734 ) ;
#4260 = CYLINDRICAL_SURFACE ( 'NONE', #1737, 0.9999999999999974465 ) ;
#4261 = FACE_BOUND ( 'NONE', #26, .T. ) ;
#4262 = EDGE_CURVE ( 'NONE', #4018, #625, #758, .T. ) ;
#4263 = DIRECTION ( 'NONE',  ( 0.000000000000000000, 0.000000000000000000, 1.000000000000000000 ) ) ;
#4264 = CIRCLE ( 'NONE', #263, 0.9999999999999974465 ) ;
#4265 = ORIENTED_EDGE ( 'NONE', *, *, #2883, .T. ) ;
#4266 = EDGE_CURVE ( 'NONE', #3337, #4442, #4224, .T. ) ;
#4267 = ORIENTED_EDGE ( 'NONE', *, *, #1438, .F. ) ;
#4268 = EDGE_LOOP ( 'NONE', ( #5582, #2782, #3557, #2858 ) ) ;
#4269 = DIRECTION ( 'NONE',  ( -0.000000000000000000, -0.000000000000000000, -1.000000000000000000 ) ) ;
#4270 = CYLINDRICAL_SURFACE ( 'NONE', #1762, 1.000000000000000888 ) ;
#4271 = VECTOR ( 'NONE', #6633, 1000.000000000000000 ) ;
#4272 = ADVANCED_FACE ( 'NONE', ( #723 ), #1219, .F. ) ;
#4273 = DIRECTION ( 'NONE',  ( 0.000000000000000000, -1.000000000000000000, 0.000000000000000000 ) ) ;
#4274 = CARTESIAN_POINT ( 'NONE',  ( -44.24999999999940314, -25.00000000000000711, 2.000000000000000000 ) ) ;
#4275 = EDGE_CURVE ( 'NONE', #4561, #1234, #1924, .T. ) ;
#4276 = ORIENTED_EDGE ( 'NONE', *, *, #6506, .T. ) ;
#4277 = CARTESIAN_POINT ( 'NONE',  ( 6.250000000000394351, 6.999999999999978684, 2.000000000000000000 ) ) ;
#4278 = VERTEX_POINT ( 'NONE', #6585 ) ;
#4279 = VECTOR ( 'NONE', #3500, 1000.000000000000000 ) ;
#4280 = EDGE_LOOP ( 'NONE', ( #1361, #6147, #3515, #56 ) ) ;
#4281 = ORIENTED_EDGE ( 'NONE', *, *, #7070, .T. ) ;
#4282 = AXIS2_PLACEMENT_3D ( 'NONE', #5515, #3982, #1655 ) ;
#4283 = CARTESIAN_POINT ( 'NONE',  ( -31.74999999999940314, -12.00000000000001776, 2.000000000000000000 ) ) ;
#4284 = ADVANCED_FACE ( 'NONE', ( #1373 ), #612, .T. ) ;
#4285 = CARTESIAN_POINT ( 'NONE',  ( -7.249999999999396039, -13.00000000000001066, 2.000000000000000000 ) ) ;
#4286 = ORIENTED_EDGE ( 'NONE', *, *, #6270, .T. ) ;
#4287 = AXIS2_PLACEMENT_3D ( 'NONE', #6755, #1538, #964 ) ;
#4288 = DIRECTION ( 'NONE',  ( 1.000000000000000000, 0.000000000000000000, 0.000000000000000000 ) ) ;
#4289 = ORIENTED_EDGE ( 'NONE', *, *, #4979, .T. ) ;
#4290 = CIRCLE ( 'NONE', #1613, 1.000000000000000888 ) ;
#4291 = DIRECTION ( 'NONE',  ( 1.000000000000000000, 0.000000000000000000, 0.000000000000000000 ) ) ;
#4292 = ADVANCED_FACE ( 'NONE', ( #7003 ), #1794, .F. ) ;
#4293 = PLANE ( 'NONE',  #5312 ) ;
#4294 = CARTESIAN_POINT ( 'NONE',  ( -12.74999999999980282, 24.99999999999998579, 2.000000000000000000 ) ) ;
#4295 = DIRECTION ( 'NONE',  ( -0.000000000000000000, -0.000000000000000000, -1.000000000000000000 ) ) ;
#4296 = CARTESIAN_POINT ( 'NONE',  ( 7.250000000000794032, -32.00000000000001421, 0.000000000000000000 ) ) ;
#4297 = DIRECTION ( 'NONE',  ( 0.000000000000000000, 0.000000000000000000, 1.000000000000000000 ) ) ;
#4298 = FACE_OUTER_BOUND ( 'NONE', #7479, .T. ) ;
#4299 = LINE ( 'NONE', #4991, #2044 ) ;
#4300 = FACE_OUTER_BOUND ( 'NONE', #5351, .T. ) ;
#4301 = CIRCLE ( 'NONE', #6245, 1.000000000000000888 ) ;
#4302 = ADVANCED_BREP_SHAPE_REPRESENTATION ( 'Top plate', ( #5775, #7328 ), #6721 ) ;
#4303 = VERTEX_POINT ( 'NONE', #4148 ) ;
#4304 = EDGE_CURVE ( 'NONE', #3268, #2613, #96, .T. ) ;
#4305 = EDGE_CURVE ( 'NONE', #6563, #5423, #3240, .T. ) ;
#4306 = VERTEX_POINT ( 'NONE', #4951 ) ;
#4307 = FACE_OUTER_BOUND ( 'NONE', #1117, .T. ) ;
#4308 = DIRECTION ( 'NONE',  ( -0.000000000000000000, 1.000000000000000000, -0.000000000000000000 ) ) ;
#4309 = CARTESIAN_POINT ( 'NONE',  ( 6.250000000000394351, -6.000000000000012434, 2.000000000000000000 ) ) ;
#4310 = CARTESIAN_POINT ( 'NONE',  ( -31.75000000000000000, 31.99999999999998579, 0.000000000000000000 ) ) ;
#4311 = ADVANCED_FACE ( 'NONE', ( #5024 ), #6736, .T. ) ;
#4312 = DIRECTION ( 'NONE',  ( -0.000000000000000000, -0.000000000000000000, -1.000000000000000000 ) ) ;
#4313 = DIRECTION ( 'NONE',  ( 0.000000000000000000, 0.000000000000000000, 1.000000000000000000 ) ) ;
#4314 = EDGE_LOOP ( 'NONE', ( #2292, #6795, #5117, #1617 ) ) ;
#4315 = AXIS2_PLACEMENT_3D ( 'NONE', #3819, #953, #876 ) ;
#4316 = DIRECTION ( 'NONE',  ( 0.000000000000000000, 0.000000000000000000, 1.000000000000000000 ) ) ;
#4317 = VERTEX_POINT ( 'NONE', #4418 ) ;
#4318 = VERTEX_POINT ( 'NONE', #3125 ) ;
#4319 = ORIENTED_EDGE ( 'NONE', *, *, #6684, .T. ) ;
#4320 = DIRECTION ( 'NONE',  ( 0.000000000000000000, 0.000000000000000000, 1.000000000000000000 ) ) ;
#4321 = DIRECTION ( 'NONE',  ( 0.000000000000000000, 0.000000000000000000, 1.000000000000000000 ) ) ;
#4322 = VERTEX_POINT ( 'NONE', #2022 ) ;
#4323 = CARTESIAN_POINT ( 'NONE',  ( 26.25000000000019540, 12.99999999999998757, 0.000000000000000000 ) ) ;
#4324 = EDGE_LOOP ( 'NONE', ( #7331, #1128, #1766, #5086 ) ) ;
#4325 = EDGE_CURVE ( 'NONE', #5940, #1320, #2598, .T. ) ;
#4326 = ORIENTED_EDGE ( 'NONE', *, *, #2916, .T. ) ;
#4327 = ORIENTED_EDGE ( 'NONE', *, *, #5321, .F. ) ;
#4328 = LINE ( 'NONE', #6652, #5620 ) ;
#4329 = CARTESIAN_POINT ( 'NONE',  ( -6.249999999999200639, -31.00000000000002132, 0.000000000000000000 ) ) ;
#4330 = DIRECTION ( 'NONE',  ( 0.000000000000000000, 0.000000000000000000, 1.000000000000000000 ) ) ;
#4331 = CARTESIAN_POINT ( 'NONE',  ( 30.75000000000000711, 31.99999999999998579, 2.000000000000000000 ) ) ;
#4332 = VECTOR ( 'NONE', #3824, 1000.000000000000000 ) ;
#4333 = DIRECTION ( 'NONE',  ( -1.000000000000000000, 0.000000000000000000, 0.000000000000000000 ) ) ;
#4334 = FACE_OUTER_BOUND ( 'NONE', #5461, .T. ) ;
#4335 = AXIS2_PLACEMENT_3D ( 'NONE', #4459, #4348, #1454 ) ;
#4336 = AXIS2_PLACEMENT_3D ( 'NONE', #4878, #5302, #87 ) ;
#4337 = FACE_OUTER_BOUND ( 'NONE', #805, .T. ) ;
#4338 = CARTESIAN_POINT ( 'NONE',  ( -6.249999999999998224, 31.99999999999998579, 0.000000000000000000 ) ) ;
#4339 = ORIENTED_EDGE ( 'NONE', *, *, #1612, .F. ) ;
#4340 = VECTOR ( 'NONE', #7234, 1000.000000000000000 ) ;
#4341 = ADVANCED_FACE ( 'NONE', ( #385 ), #7268, .T. ) ;
#4342 = ORIENTED_EDGE ( 'NONE', *, *, #6651, .T. ) ;
#4343 = ORIENTED_EDGE ( 'NONE', *, *, #3330, .F. ) ;
#4344 = CYLINDRICAL_SURFACE ( 'NONE', #4916, 0.9999999999999940048 ) ;
#4345 = DIRECTION ( 'NONE',  ( -0.000000000000000000, -0.000000000000000000, -1.000000000000000000 ) ) ;
#4346 = LINE ( 'NONE', #1526, #2559 ) ;
#4347 = EDGE_CURVE ( 'NONE', #2432, #4519, #3278, .T. ) ;
#4348 = DIRECTION ( 'NONE',  ( 1.000000000000000000, 0.000000000000000000, -0.000000000000000000 ) ) ;
#4349 = LINE ( 'NONE', #5997, #3365 ) ;
#4350 = CYLINDRICAL_SURFACE ( 'NONE', #4210, 1.199999999999999734 ) ;
#4351 = EDGE_LOOP ( 'NONE', ( #3682, #996, #1799, #1127 ) ) ;
#4352 = CARTESIAN_POINT ( 'NONE',  ( -6.249999999999402256, -26.00000000000001066, 0.000000000000000000 ) ) ;
#4353 = ORIENTED_EDGE ( 'NONE', *, *, #5304, .F. ) ;
#4354 = ORIENTED_EDGE ( 'NONE', *, *, #5617, .F. ) ;
#4355 = EDGE_LOOP ( 'NONE', ( #1826, #1286, #7172, #2326 ) ) ;
#4356 = CARTESIAN_POINT ( 'NONE',  ( 45.25000000000059686, -13.00000000000001066, 2.000000000000000000 ) ) ;
#4357 = CARTESIAN_POINT ( 'NONE',  ( -6.249999999999402256, -12.00000000000001776, 2.000000000000000000 ) ) ;
#4358 = ORIENTED_EDGE ( 'NONE', *, *, #1582, .T. ) ;
#4359 = DIRECTION ( 'NONE',  ( 0.000000000000000000, -0.000000000000000000, 1.000000000000000000 ) ) ;
#4360 = ORIENTED_EDGE ( 'NONE', *, *, #6808, .F. ) ;
#4361 = EDGE_CURVE ( 'NONE', #6648, #2754, #7189, .T. ) ;
#4362 = AXIS2_PLACEMENT_3D ( 'NONE', #2579, #3752, #4395 ) ;
#4363 = VERTEX_POINT ( 'NONE', #6169 ) ;
#4364 = ORIENTED_EDGE ( 'NONE', *, *, #6829, .F. ) ;
#4365 = EDGE_CURVE ( 'NONE', #1467, #663, #3809, .T. ) ;
#4366 = EDGE_CURVE ( 'NONE', #4652, #2240, #3371, .T. ) ;
#4367 = FACE_OUTER_BOUND ( 'NONE', #7136, .T. ) ;
#4368 = CARTESIAN_POINT ( 'NONE',  ( -25.24999999999940314, -12.00000000000001776, 0.000000000000000000 ) ) ;
#4369 = ADVANCED_FACE ( 'NONE', ( #3734 ), #351, .F. ) ;
#4370 = EDGE_CURVE ( 'NONE', #5889, #6911, #4299, .T. ) ;
#4371 = CARTESIAN_POINT ( 'NONE',  ( -11.74999999999940314, -13.00000000000001066, 0.000000000000000000 ) ) ;
#4372 = EDGE_CURVE ( 'NONE', #901, #5877, #6168, .T. ) ;
#4373 = LINE ( 'NONE', #381, #399 ) ;
#4374 = DIRECTION ( 'NONE',  ( -0.000000000000000000, -0.000000000000000000, -1.000000000000000000 ) ) ;
#4375 = FACE_OUTER_BOUND ( 'NONE', #2651, .T. ) ;
#4376 = CARTESIAN_POINT ( 'NONE',  ( -28.50000000000000000, 28.49999999999998934, 8.572527594031469492E-17 ) ) ;
#4377 = DIRECTION ( 'NONE',  ( 0.000000000000000000, 0.000000000000000000, 1.000000000000000000 ) ) ;
#4378 = VECTOR ( 'NONE', #281, 1000.000000000000000 ) ;
#4379 = EDGE_LOOP ( 'NONE', ( #2402, #4485, #5638, #6524 ) ) ;
#4380 = CIRCLE ( 'NONE', #3647, 1.000000000000000888 ) ;
#4381 = ORIENTED_EDGE ( 'NONE', *, *, #5432, .T. ) ;
#4382 = DIRECTION ( 'NONE',  ( -0.000000000000000000, -0.000000000000000000, -1.000000000000000000 ) ) ;
#4383 = LINE ( 'NONE', #1637, #5173 ) ;
#4384 = DIRECTION ( 'NONE',  ( -1.000000000000000000, 0.000000000000000000, 0.000000000000000000 ) ) ;
#4385 = AXIS2_PLACEMENT_3D ( 'NONE', #2353, #7107, #4096 ) ;
#4386 = LINE ( 'NONE', #6143, #4949 ) ;
#4387 = DIRECTION ( 'NONE',  ( -1.000000000000000000, 0.000000000000000000, 0.000000000000000000 ) ) ;
#4388 = LINE ( 'NONE', #881, #7128 ) ;
#4389 = ORIENTED_EDGE ( 'NONE', *, *, #2006, .T. ) ;
#4390 = CARTESIAN_POINT ( 'NONE',  ( 30.75000000000000711, 43.99999999999998579, 0.000000000000000000 ) ) ;
#4391 = ORIENTED_EDGE ( 'NONE', *, *, #6559, .F. ) ;
#4392 = VECTOR ( 'NONE', #4398, 1000.000000000000000 ) ;
#4393 = ORIENTED_EDGE ( 'NONE', *, *, #2440, .F. ) ;
#4394 = VERTEX_POINT ( 'NONE', #6622 ) ;
#4395 = DIRECTION ( 'NONE',  ( -1.000000000000000000, 0.000000000000000000, 0.000000000000000000 ) ) ;
#4396 = CARTESIAN_POINT ( 'NONE',  ( 44.25000000000019185, 25.99999999999997868, 0.000000000000000000 ) ) ;
#4397 = ORIENTED_EDGE ( 'NONE', *, *, #2733, .F. ) ;
#4398 = DIRECTION ( 'NONE',  ( -0.000000000000000000, -0.000000000000000000, -1.000000000000000000 ) ) ;
#4399 = VERTEX_POINT ( 'NONE', #3695 ) ;
#4400 = ORIENTED_EDGE ( 'NONE', *, *, #4448, .F. ) ;
#4401 = ORIENTED_EDGE ( 'NONE', *, *, #2460, .T. ) ;
#4402 = EDGE_CURVE ( 'NONE', #4731, #6590, #5329, .T. ) ;
#4403 = CIRCLE ( 'NONE', #1730, 1.000000000000000888 ) ;
#4404 = EDGE_CURVE ( 'NONE', #3189, #1077, #346, .T. ) ;
#4405 = VECTOR ( 'NONE', #1212, 1000.000000000000000 ) ;
#4406 = AXIS2_PLACEMENT_3D ( 'NONE', #107, #142, #4749 ) ;
#4407 = CARTESIAN_POINT ( 'NONE',  ( 25.25000000000039080, 5.999999999999984901, 2.000000000000000000 ) ) ;
#4408 = DIRECTION ( 'NONE',  ( 0.000000000000000000, 0.000000000000000000, 1.000000000000000000 ) ) ;
#4409 = EDGE_CURVE ( 'NONE', #5770, #3739, #794, .T. ) ;
#4410 = CIRCLE ( 'NONE', #1489, 0.9999999999999940048 ) ;
#4411 = AXIS2_PLACEMENT_3D ( 'NONE', #5695, #4591, #594 ) ;
#4412 = CARTESIAN_POINT ( 'NONE',  ( 12.75000000000079581, -31.00000000000002132, 2.000000000000000000 ) ) ;
#4413 = DIRECTION ( 'NONE',  ( -0.000000000000000000, -0.000000000000000000, -1.000000000000000000 ) ) ;
#4414 = VECTOR ( 'NONE', #3079, 1000.000000000000000 ) ;
#4415 = ORIENTED_EDGE ( 'NONE', *, *, #1751, .F. ) ;
#4416 = CARTESIAN_POINT ( 'NONE',  ( -44.25000000000000000, 44.99999999999997868, 2.000000000000000000 ) ) ;
#4417 = ADVANCED_FACE ( 'NONE', ( #4337 ), #6662, .T. ) ;
#4418 = CARTESIAN_POINT ( 'NONE',  ( -46.50000000000002842, 43.49999999999999289, 0.000000000000000000 ) ) ;
#4419 = DIRECTION ( 'NONE',  ( -0.000000000000000000, 0.000000000000000000, -1.000000000000000000 ) ) ;
#4420 = EDGE_CURVE ( 'NONE', #2742, #211, #5805, .T. ) ;
#4421 = EDGE_CURVE ( 'NONE', #5358, #4517, #3314, .T. ) ;
#4422 = ORIENTED_EDGE ( 'NONE', *, *, #6808, .T. ) ;
#4423 = DIRECTION ( 'NONE',  ( -0.000000000000000000, -0.000000000000000000, -1.000000000000000000 ) ) ;
#4424 = FACE_OUTER_BOUND ( 'NONE', #4199, .T. ) ;
#4425 = CYLINDRICAL_SURFACE ( 'NONE', #4868, 0.9999999999999940048 ) ;
#4426 = CIRCLE ( 'NONE', #1133, 0.9999999999999974465 ) ;
#4427 = LINE ( 'NONE', #1565, #90 ) ;
#4428 = LINE ( 'NONE', #3099, #4832 ) ;
#4429 = DIRECTION ( 'NONE',  ( -1.000000000000000000, 0.000000000000000000, 0.000000000000000000 ) ) ;
#4430 = ORIENTED_EDGE ( 'NONE', *, *, #7271, .F. ) ;
#4431 = LINE ( 'NONE', #7320, #2467 ) ;
#4432 = ADVANCED_FACE ( 'NONE', ( #1 ), #2815, .T. ) ;
#4433 = VERTEX_POINT ( 'NONE', #3384 ) ;
#4434 = VERTEX_POINT ( 'NONE', #1130 ) ;
#4435 = CARTESIAN_POINT ( 'NONE',  ( -44.24999999999940314, -13.00000000000001066, 0.000000000000000000 ) ) ;
#4436 = CIRCLE ( 'NONE', #4563, 0.9999999999999974465 ) ;
#4437 = DIRECTION ( 'NONE',  ( -1.000000000000000000, 0.000000000000000000, 0.000000000000000000 ) ) ;
#4438 = EDGE_LOOP ( 'NONE', ( #5228, #5541, #1104, #5551 ) ) ;
#4439 = DIRECTION ( 'NONE',  ( 0.000000000000000000, 0.000000000000000000, 1.000000000000000000 ) ) ;
#4440 = ORIENTED_EDGE ( 'NONE', *, *, #935, .F. ) ;
#4441 = ORIENTED_EDGE ( 'NONE', *, *, #542, .T. ) ;
#4442 = VERTEX_POINT ( 'NONE', #421 ) ;
#4443 = DIRECTION ( 'NONE',  ( 0.000000000000000000, -1.000000000000000000, 0.000000000000000000 ) ) ;
#4444 = EDGE_CURVE ( 'NONE', #5821, #290, #216, .T. ) ;
#4445 = DIRECTION ( 'NONE',  ( 1.000000000000000000, 0.000000000000000000, 0.000000000000000000 ) ) ;
#4446 = CARTESIAN_POINT ( 'NONE',  ( 12.75000000000079581, -31.00000000000002132, 0.000000000000000000 ) ) ;
#4447 = CYLINDRICAL_SURFACE ( 'NONE', #4545, 0.9999999999999974465 ) ;
#4448 = EDGE_CURVE ( 'NONE', #4317, #1271, #3458, .T. ) ;
#4449 = ORIENTED_EDGE ( 'NONE', *, *, #4347, .T. ) ;
#4450 = CARTESIAN_POINT ( 'NONE',  ( -44.24999999999960210, -7.000000000000013323, 0.000000000000000000 ) ) ;
#4451 = CARTESIAN_POINT ( 'NONE',  ( 12.75000000000059330, -13.00000000000001066, 0.000000000000000000 ) ) ;
#4452 = LINE ( 'NONE', #5564, #1171 ) ;
#4453 = EDGE_CURVE ( 'NONE', #3451, #3813, #1311, .T. ) ;
#4454 = ORIENTED_EDGE ( 'NONE', *, *, #4370, .T. ) ;
#4455 = CARTESIAN_POINT ( 'NONE',  ( -26.24999999999919353, -44.00000000000001421, 0.000000000000000000 ) ) ;
#4456 = VECTOR ( 'NONE', #2445, 1000.000000000000000 ) ;
#4457 = DIRECTION ( 'NONE',  ( 0.000000000000000000, 0.000000000000000000, 1.000000000000000000 ) ) ;
#4458 = LINE ( 'NONE', #2175, #3205 ) ;
#4459 = CARTESIAN_POINT ( 'NONE',  ( 30.75000000000000711, 43.99999999999998579, 2.000000000000000000 ) ) ;
#4460 = ADVANCED_FACE ( 'NONE', ( #5056 ), #2203, .F. ) ;
#4461 = ORIENTED_EDGE ( 'NONE', *, *, #5262, .F. ) ;
#4462 = LINE ( 'NONE', #2141, #4332 ) ;
#4463 = VECTOR ( 'NONE', #4159, 1000.000000000000000 ) ;
#4464 = VERTEX_POINT ( 'NONE', #4605 ) ;
#4465 = CARTESIAN_POINT ( 'NONE',  ( -45.24999999999939604, -25.00000000000000711, 2.000000000000000000 ) ) ;
#4466 = AXIS2_PLACEMENT_3D ( 'NONE', #3420, #7452, #1671 ) ;
#4467 = ORIENTED_EDGE ( 'NONE', *, *, #2371, .F. ) ;
#4468 = ORIENTED_EDGE ( 'NONE', *, *, #5295, .T. ) ;
#4469 = DIRECTION ( 'NONE',  ( -1.000000000000000000, 0.000000000000000000, 0.000000000000000000 ) ) ;
#4470 = CARTESIAN_POINT ( 'NONE',  ( 25.24999999999999289, 44.99999999999997868, 0.000000000000000000 ) ) ;
#4471 = EDGE_CURVE ( 'NONE', #7519, #2830, #1091, .T. ) ;
#4472 = CARTESIAN_POINT ( 'NONE',  ( -25.24999999999980105, 25.99999999999997868, 2.000000000000000000 ) ) ;
#4473 = VERTEX_POINT ( 'NONE', #4567 ) ;
#4474 = DIRECTION ( 'NONE',  ( 1.000000000000000000, 0.000000000000000000, 0.000000000000000000 ) ) ;
#4475 = EDGE_LOOP ( 'NONE', ( #1376, #6890, #1184, #5021 ) ) ;
#4476 = AXIS2_PLACEMENT_3D ( 'NONE', #5299, #3391, #6883 ) ;
#4477 = ORIENTED_EDGE ( 'NONE', *, *, #6182, .F. ) ;
#4478 = ORIENTED_EDGE ( 'NONE', *, *, #2171, .F. ) ;
#4479 = DIRECTION ( 'NONE',  ( 0.000000000000000000, 0.000000000000000000, 1.000000000000000000 ) ) ;
#4480 = CARTESIAN_POINT ( 'NONE',  ( -6.249999999999200639, -44.00000000000001421, 0.000000000000000000 ) ) ;
#4481 = VECTOR ( 'NONE', #1462, 1000.000000000000000 ) ;
#4482 = ADVANCED_FACE ( 'NONE', ( #457 ), #5784, .T. ) ;
#4483 = CARTESIAN_POINT ( 'NONE',  ( -31.74999999999979750, 25.99999999999997868, 0.000000000000000000 ) ) ;
#4484 = DIRECTION ( 'NONE',  ( -0.000000000000000000, -0.000000000000000000, -1.000000000000000000 ) ) ;
#4485 = ORIENTED_EDGE ( 'NONE', *, *, #4124, .F. ) ;
#4486 = CARTESIAN_POINT ( 'NONE',  ( 44.25000000000039790, -6.000000000000012434, 2.000000000000000000 ) ) ;
#4487 = DIRECTION ( 'NONE',  ( -0.000000000000000000, -0.000000000000000000, -1.000000000000000000 ) ) ;
#4488 = VECTOR ( 'NONE', #6499, 1000.000000000000000 ) ;
#4489 = CARTESIAN_POINT ( 'NONE',  ( 25.25000000000058975, -12.00000000000001776, 0.000000000000000000 ) ) ;
#4490 = ORIENTED_EDGE ( 'NONE', *, *, #1481, .F. ) ;
#4491 = CARTESIAN_POINT ( 'NONE',  ( -44.25000000000000000, 31.99999999999998579, 0.000000000000000000 ) ) ;
#4492 = LINE ( 'NONE', #7419, #3621 ) ;
#4493 = LINE ( 'NONE', #6812, #4521 ) ;
#4494 = EDGE_CURVE ( 'NONE', #4956, #5796, #2889, .T. ) ;
#4495 = AXIS2_PLACEMENT_3D ( 'NONE', #5347, #130, #2946 ) ;
#4496 = CARTESIAN_POINT ( 'NONE',  ( 7.250000000000794032, -32.00000000000001421, 2.000000000000000000 ) ) ;
#4497 = DIRECTION ( 'NONE',  ( 0.000000000000000000, 0.000000000000000000, 1.000000000000000000 ) ) ;
#4498 = AXIS2_PLACEMENT_3D ( 'NONE', #6504, #3534, #1904 ) ;
#4499 = EDGE_CURVE ( 'NONE', #139, #3191, #5746, .T. ) ;
#4500 = VERTEX_POINT ( 'NONE', #2857 ) ;
#4501 = DIRECTION ( 'NONE',  ( -0.000000000000000000, -0.000000000000000000, -1.000000000000000000 ) ) ;
#4502 = EDGE_CURVE ( 'NONE', #2198, #5147, #7380, .T. ) ;
#4503 = ORIENTED_EDGE ( 'NONE', *, *, #4980, .F. ) ;
#4504 = ORIENTED_EDGE ( 'NONE', *, *, #5211, .F. ) ;
#4505 = CARTESIAN_POINT ( 'NONE',  ( -25.24999999999980105, 11.99999999999998579, 2.000000000000000000 ) ) ;
#4506 = VECTOR ( 'NONE', #489, 1000.000000000000000 ) ;
#4507 = EDGE_CURVE ( 'NONE', #5507, #4661, #7484, .T. ) ;
#4508 = DIRECTION ( 'NONE',  ( -0.000000000000000000, -0.000000000000000000, -1.000000000000000000 ) ) ;
#4509 = EDGE_CURVE ( 'NONE', #1320, #3595, #1593, .T. ) ;
#4510 = CARTESIAN_POINT ( 'NONE',  ( 26.25000000000078870, -32.00000000000001421, 2.000000000000000000 ) ) ;
#4511 = EDGE_CURVE ( 'NONE', #6969, #2297, #1557, .T. ) ;
#4512 = ORIENTED_EDGE ( 'NONE', *, *, #5672, .T. ) ;
#4513 = CARTESIAN_POINT ( 'NONE',  ( 25.25000000000039080, 6.999999999999978684, 2.000000000000000000 ) ) ;
#4514 = VERTEX_POINT ( 'NONE', #6348 ) ;
#4515 = CIRCLE ( 'NONE', #5483, 1.000000000000000888 ) ;
#4516 = EDGE_CURVE ( 'NONE', #842, #3632, #565, .T. ) ;
#4517 = VERTEX_POINT ( 'NONE', #981 ) ;
#4518 = ADVANCED_FACE ( 'NONE', ( #6239 ), #6203, .T. ) ;
#4519 = VERTEX_POINT ( 'NONE', #4180 ) ;
#4520 = FACE_OUTER_BOUND ( 'NONE', #5622, .T. ) ;
#4521 = VECTOR ( 'NONE', #1599, 1000.000000000000000 ) ;
#4522 = DIRECTION ( 'NONE',  ( 0.000000000000000000, -1.000000000000000000, 0.000000000000000000 ) ) ;
#4523 = DIRECTION ( 'NONE',  ( 0.000000000000000000, 0.000000000000000000, 1.000000000000000000 ) ) ;
#4524 = DIRECTION ( 'NONE',  ( -1.000000000000000000, 0.000000000000000000, 0.000000000000000000 ) ) ;
#4525 = ORIENTED_EDGE ( 'NONE', *, *, #379, .F. ) ;
#4526 = FACE_OUTER_BOUND ( 'NONE', #6122, .T. ) ;
#4527 = EDGE_CURVE ( 'NONE', #2919, #6611, #4065, .T. ) ;
#4528 = VECTOR ( 'NONE', #389, 1000.000000000000000 ) ;
#4529 = VERTEX_POINT ( 'NONE', #1903 ) ;
#4530 = AXIS2_PLACEMENT_3D ( 'NONE', #3448, #7405, #6903 ) ;
#4531 = DIRECTION ( 'NONE',  ( 0.000000000000000000, 0.000000000000000000, 1.000000000000000000 ) ) ;
#4532 = DIRECTION ( 'NONE',  ( 1.000000000000000000, 0.000000000000000000, 0.000000000000000000 ) ) ;
#4533 = DIRECTION ( 'NONE',  ( -0.000000000000000000, -0.000000000000000000, -1.000000000000000000 ) ) ;
#4534 = VECTOR ( 'NONE', #5896, 1000.000000000000000 ) ;
#4535 = VECTOR ( 'NONE', #2726, 1000.000000000000000 ) ;
#4536 = AXIS2_PLACEMENT_3D ( 'NONE', #864, #2521, #4842 ) ;
#4537 = EDGE_LOOP ( 'NONE', ( #2511, #2545, #3782, #472 ) ) ;
#4538 = CIRCLE ( 'NONE', #3808, 1.000000000000000888 ) ;
#4539 = CARTESIAN_POINT ( 'NONE',  ( 6.250000000000199840, 25.99999999999997868, 2.000000000000000000 ) ) ;
#4540 = CARTESIAN_POINT ( 'NONE',  ( 43.50000000000000000, -43.50000000000000000, 2.000000000000000000 ) ) ;
#4541 = CARTESIAN_POINT ( 'NONE',  ( 45.25000000000019185, 12.99999999999998757, 2.000000000000000000 ) ) ;
#4542 = FACE_BOUND ( 'NONE', #4132, .T. ) ;
#4543 = CARTESIAN_POINT ( 'NONE',  ( 12.75000000000039257, 5.999999999999984901, 0.000000000000000000 ) ) ;
#4544 = ORIENTED_EDGE ( 'NONE', *, *, #584, .F. ) ;
#4545 = AXIS2_PLACEMENT_3D ( 'NONE', #2092, #7340, #977 ) ;
#4546 = VERTEX_POINT ( 'NONE', #4801 ) ;
#4547 = LINE ( 'NONE', #6820, #5575 ) ;
#4548 = LINE ( 'NONE', #6288, #2792 ) ;
#4549 = ADVANCED_FACE ( 'NONE', ( #115 ), #5366, .F. ) ;
#4550 = CARTESIAN_POINT ( 'NONE',  ( 6.250000000000595080, -26.00000000000001066, 2.000000000000000000 ) ) ;
#4551 = EDGE_LOOP ( 'NONE', ( #410, #3601, #4174, #4770 ) ) ;
#4552 = DIRECTION ( 'NONE',  ( 0.000000000000000000, 0.000000000000000000, 1.000000000000000000 ) ) ;
#4553 = ORIENTED_EDGE ( 'NONE', *, *, #1814, .F. ) ;
#4554 = ORIENTED_EDGE ( 'NONE', *, *, #4516, .F. ) ;
#4555 = EDGE_LOOP ( 'NONE', ( #1723, #3325 ) ) ;
#4556 = DIRECTION ( 'NONE',  ( -0.000000000000000000, -0.000000000000000000, -1.000000000000000000 ) ) ;
#4557 = CARTESIAN_POINT ( 'NONE',  ( -7.249999999999194422, -32.00000000000001421, 0.000000000000000000 ) ) ;
#4558 = DIRECTION ( 'NONE',  ( 1.000000000000000000, 0.000000000000000000, 0.000000000000000000 ) ) ;
#4559 = EDGE_CURVE ( 'NONE', #1336, #2619, #152, .T. ) ;
#4560 = CARTESIAN_POINT ( 'NONE',  ( 11.75000000000020428, 12.99999999999998757, 2.000000000000000000 ) ) ;
#4561 = VERTEX_POINT ( 'NONE', #1290 ) ;
#4562 = CARTESIAN_POINT ( 'NONE',  ( 25.25000000000058975, -13.00000000000001066, 2.000000000000000000 ) ) ;
#4563 = AXIS2_PLACEMENT_3D ( 'NONE', #1922, #4851, #5452 ) ;
#4564 = EDGE_LOOP ( 'NONE', ( #475, #4598, #3791, #2939 ) ) ;
#4565 = VERTEX_POINT ( 'NONE', #6994 ) ;
#4566 = DIRECTION ( 'NONE',  ( -1.000000000000000000, 0.000000000000000000, 0.000000000000000000 ) ) ;
#4567 = CARTESIAN_POINT ( 'NONE',  ( -25.24999999999980105, 25.99999999999997868, 0.000000000000000000 ) ) ;
#4568 = VERTEX_POINT ( 'NONE', #44 ) ;
#4569 = ORIENTED_EDGE ( 'NONE', *, *, #4275, .F. ) ;
#4570 = DIRECTION ( 'NONE',  ( 0.000000000000000000, 0.000000000000000000, 1.000000000000000000 ) ) ;
#4571 = DIRECTION ( 'NONE',  ( 0.000000000000000000, 0.000000000000000000, 1.000000000000000000 ) ) ;
#4572 = CARTESIAN_POINT ( 'NONE',  ( -6.249999999999998224, 44.99999999999997868, 2.000000000000000000 ) ) ;
#4573 = AXIS2_PLACEMENT_3D ( 'NONE', #1858, #5814, #6943 ) ;
#4574 = FACE_BOUND ( 'NONE', #5248, .T. ) ;
#4575 = CARTESIAN_POINT ( 'NONE',  ( -11.74999999999980282, 12.99999999999998757, 2.000000000000000000 ) ) ;
#4576 = EDGE_LOOP ( 'NONE', ( #2924, #2187, #1032, #2308 ) ) ;
#4577 = EDGE_CURVE ( 'NONE', #663, #3896, #2282, .T. ) ;
#4578 = VECTOR ( 'NONE', #246, 1000.000000000000000 ) ;
#4579 = EDGE_LOOP ( 'NONE', ( #7056, #1173, #1043, #3829 ) ) ;
#4580 = DIRECTION ( 'NONE',  ( -1.000000000000000000, 0.000000000000000000, 0.000000000000000000 ) ) ;
#4581 = DIRECTION ( 'NONE',  ( 0.000000000000000000, 1.000000000000000000, 0.000000000000000000 ) ) ;
#4582 = CIRCLE ( 'NONE', #455, 1.000000000000000888 ) ;
#4583 = DIRECTION ( 'NONE',  ( -0.000000000000000000, -0.000000000000000000, -1.000000000000000000 ) ) ;
#4584 = AXIS2_PLACEMENT_3D ( 'NONE', #6023, #3656, #3051 ) ;
#4585 = ORIENTED_EDGE ( 'NONE', *, *, #5053, .F. ) ;
#4586 = CYLINDRICAL_SURFACE ( 'NONE', #5120, 1.000000000000000888 ) ;
#4587 = ORIENTED_EDGE ( 'NONE', *, *, #5716, .F. ) ;
#4588 = AXIS2_PLACEMENT_3D ( 'NONE', #6316, #3964, #3393 ) ;
#4589 = ORIENTED_EDGE ( 'NONE', *, *, #4527, .F. ) ;
#4590 = AXIS2_PLACEMENT_3D ( 'NONE', #6841, #1022, #6806 ) ;
#4591 = DIRECTION ( 'NONE',  ( 0.000000000000000000, 0.000000000000000000, 1.000000000000000000 ) ) ;
#4592 = DIRECTION ( 'NONE',  ( -1.000000000000000000, 0.000000000000000000, 0.000000000000000000 ) ) ;
#4593 = EDGE_CURVE ( 'NONE', #6109, #6257, #3571, .T. ) ;
#4594 = LINE ( 'NONE', #1011, #5671 ) ;
#4595 = EDGE_LOOP ( 'NONE', ( #7181, #3223, #6737, #1193, #5469, #1806, #4504, #7222 ) ) ;
#4596 = DIRECTION ( 'NONE',  ( 0.000000000000000000, 0.000000000000000000, 1.000000000000000000 ) ) ;
#4597 = VECTOR ( 'NONE', #2784, 1000.000000000000000 ) ;
#4598 = ORIENTED_EDGE ( 'NONE', *, *, #4175, .F. ) ;
#4599 = CARTESIAN_POINT ( 'NONE',  ( -6.249999999999602984, 5.999999999999984901, 0.000000000000000000 ) ) ;
#4600 = ORIENTED_EDGE ( 'NONE', *, *, #5721, .F. ) ;
#4601 = EDGE_CURVE ( 'NONE', #5768, #6588, #2357, .T. ) ;
#4602 = DIRECTION ( 'NONE',  ( -0.000000000000000000, -0.000000000000000000, -1.000000000000000000 ) ) ;
#4603 = EDGE_CURVE ( 'NONE', #5800, #3847, #5293, .T. ) ;
#4604 = EDGE_CURVE ( 'NONE', #4969, #2742, #6386, .T. ) ;
#4605 = CARTESIAN_POINT ( 'NONE',  ( -30.74999999999920419, -32.00000000000001421, 0.000000000000000000 ) ) ;
#4606 = EDGE_CURVE ( 'NONE', #7292, #6149, #6463, .T. ) ;
#4607 = DIRECTION ( 'NONE',  ( 0.000000000000000000, 0.000000000000000000, 1.000000000000000000 ) ) ;
#4608 = VECTOR ( 'NONE', #925, 1000.000000000000000 ) ;
#4609 = LINE ( 'NONE', #4070, #2586 ) ;
#4610 = DIRECTION ( 'NONE',  ( -1.000000000000000000, 0.000000000000000000, 0.000000000000000000 ) ) ;
#4611 = DIRECTION ( 'NONE',  ( -0.000000000000000000, -0.000000000000000000, -1.000000000000000000 ) ) ;
#4612 = DIRECTION ( 'NONE',  ( -0.000000000000000000, -0.000000000000000000, -1.000000000000000000 ) ) ;
#4613 = CARTESIAN_POINT ( 'NONE',  ( 11.75000000000039968, 5.999999999999984901, 0.000000000000000000 ) ) ;
#4614 = ORIENTED_EDGE ( 'NONE', *, *, #5672, .F. ) ;
#4615 = EDGE_LOOP ( 'NONE', ( #2334, #5540, #3761, #6857 ) ) ;
#4616 = VERTEX_POINT ( 'NONE', #3043 ) ;
#4617 = ORIENTED_EDGE ( 'NONE', *, *, #4195, .F. ) ;
#4618 = CARTESIAN_POINT ( 'NONE',  ( 30.75000000000079581, -32.00000000000001421, 2.000000000000000000 ) ) ;
#4619 = PLANE ( 'NONE',  #1080 ) ;
#4620 = AXIS2_PLACEMENT_3D ( 'NONE', #1446, #7269, #1986 ) ;
#4621 = DIRECTION ( 'NONE',  ( -1.000000000000000000, 0.000000000000000000, 0.000000000000000000 ) ) ;
#4622 = ORIENTED_EDGE ( 'NONE', *, *, #1816, .F. ) ;
#4623 = DIRECTION ( 'NONE',  ( 0.000000000000000000, 0.000000000000000000, 1.000000000000000000 ) ) ;
#4624 = ORIENTED_EDGE ( 'NONE', *, *, #1049, .F. ) ;
#4625 = AXIS2_PLACEMENT_3D ( 'NONE', #1414, #5453, #4996 ) ;
#4626 = VECTOR ( 'NONE', #818, 1000.000000000000000 ) ;
#4627 = VERTEX_POINT ( 'NONE', #4761 ) ;
#4628 = EDGE_LOOP ( 'NONE', ( #2181, #6708, #3523, #5250 ) ) ;
#4629 = FACE_OUTER_BOUND ( 'NONE', #4314, .T. ) ;
#4630 = PLANE ( 'NONE',  #642 ) ;
#4631 = FACE_OUTER_BOUND ( 'NONE', #1808, .T. ) ;
#4632 = DIRECTION ( 'NONE',  ( 1.000000000000000000, 0.000000000000000000, 0.000000000000000000 ) ) ;
#4633 = CIRCLE ( 'NONE', #6813, 0.9999999999999974465 ) ;
#4634 = VERTEX_POINT ( 'NONE', #2481 ) ;
#4635 = CARTESIAN_POINT ( 'NONE',  ( 31.75000000000059686, -26.00000000000001066, 0.000000000000000000 ) ) ;
#4636 = ORIENTED_EDGE ( 'NONE', *, *, #5659, .T. ) ;
#4637 = EDGE_CURVE ( 'NONE', #5147, #6237, #1252, .T. ) ;
#4638 = LINE ( 'NONE', #6339, #6351 ) ;
#4639 = EDGE_CURVE ( 'NONE', #4322, #5004, #605, .T. ) ;
#4640 = AXIS2_PLACEMENT_3D ( 'NONE', #1129, #5783, #2968 ) ;
#4641 = EDGE_LOOP ( 'NONE', ( #3637, #3494, #6248, #1772, #3868, #3968, #4364, #3663 ) ) ;
#4642 = CIRCLE ( 'NONE', #1356, 1.000000000000000888 ) ;
#4643 = CARTESIAN_POINT ( 'NONE',  ( 44.25000000000000000, 31.99999999999998579, 2.000000000000000000 ) ) ;
#4644 = DIRECTION ( 'NONE',  ( -1.000000000000000000, 0.000000000000000000, 0.000000000000000000 ) ) ;
#4645 = PLANE ( 'NONE',  #3288 ) ;
#4646 = PLANE ( 'NONE',  #4176 ) ;
#4647 = CIRCLE ( 'NONE', #7325, 0.9999999999999974465 ) ;
#4648 = DIRECTION ( 'NONE',  ( -0.000000000000000000, -0.000000000000000000, -1.000000000000000000 ) ) ;
#4649 = DIRECTION ( 'NONE',  ( 1.000000000000000000, 7.975740119433594108E-17, 0.000000000000000000 ) ) ;
#4650 = DIRECTION ( 'NONE',  ( 0.000000000000000000, -0.000000000000000000, 1.000000000000000000 ) ) ;
#4651 = CIRCLE ( 'NONE', #2465, 0.9999999999999974465 ) ;
#4652 = VERTEX_POINT ( 'NONE', #1210 ) ;
#4653 = VECTOR ( 'NONE', #3914, 1000.000000000000000 ) ;
#4654 = LINE ( 'NONE', #1100, #3008 ) ;
#4655 = EDGE_CURVE ( 'NONE', #1735, #6590, #750, .T. ) ;
#4656 = AXIS2_PLACEMENT_3D ( 'NONE', #4472, #1614, #2224 ) ;
#4657 = DIRECTION ( 'NONE',  ( 0.000000000000000000, 0.000000000000000000, 1.000000000000000000 ) ) ;
#4658 = EDGE_CURVE ( 'NONE', #1279, #2431, #5825, .T. ) ;
#4659 = VERTEX_POINT ( 'NONE', #6953 ) ;
#4660 = AXIS2_PLACEMENT_3D ( 'NONE', #7404, #7155, #7188 ) ;
#4661 = VERTEX_POINT ( 'NONE', #1749 ) ;
#4662 = ORIENTED_EDGE ( 'NONE', *, *, #5849, .T. ) ;
#4663 = AXIS2_PLACEMENT_3D ( 'NONE', #1824, #7110, #1899 ) ;
#4664 = LINE ( 'NONE', #4698, #1753 ) ;
#4665 = DIRECTION ( 'NONE',  ( -1.000000000000000000, 0.000000000000000000, 0.000000000000000000 ) ) ;
#4666 = CARTESIAN_POINT ( 'NONE',  ( 25.25000000000079226, -31.00000000000002132, 2.000000000000000000 ) ) ;
#4667 = ORIENTED_EDGE ( 'NONE', *, *, #223, .F. ) ;
#4668 = DIRECTION ( 'NONE',  ( 0.000000000000000000, 0.000000000000000000, 1.000000000000000000 ) ) ;
#4669 = VERTEX_POINT ( 'NONE', #5900 ) ;
#4670 = ORIENTED_EDGE ( 'NONE', *, *, #5211, .T. ) ;
#4671 = VERTEX_POINT ( 'NONE', #2927 ) ;
#4672 = CARTESIAN_POINT ( 'NONE',  ( 31.75000000000040146, 6.999999999999978684, 2.000000000000000000 ) ) ;
#4673 = CARTESIAN_POINT ( 'NONE',  ( 11.75000000000000355, 31.99999999999998579, 2.000000000000000000 ) ) ;
#4674 = CYLINDRICAL_SURFACE ( 'NONE', #2947, 0.9999999999999940048 ) ;
#4675 = VECTOR ( 'NONE', #3095, 1000.000000000000000 ) ;
#4676 = CYLINDRICAL_SURFACE ( 'NONE', #3967, 0.9999999999999974465 ) ;
#4677 = ORIENTED_EDGE ( 'NONE', *, *, #7523, .T. ) ;
#4678 = CARTESIAN_POINT ( 'NONE',  ( -25.24999999999920064, -31.00000000000002132, 0.000000000000000000 ) ) ;
#4679 = ORIENTED_EDGE ( 'NONE', *, *, #2171, .T. ) ;
#4680 = DIRECTION ( 'NONE',  ( 0.000000000000000000, 0.000000000000000000, 1.000000000000000000 ) ) ;
#4681 = VERTEX_POINT ( 'NONE', #4684 ) ;
#4682 = EDGE_CURVE ( 'NONE', #4892, #6193, #4222, .T. ) ;
#4683 = CARTESIAN_POINT ( 'NONE',  ( -6.249999999999200639, -31.00000000000002132, 2.000000000000000000 ) ) ;
#4684 = CARTESIAN_POINT ( 'NONE',  ( -25.24999999999940314, -26.00000000000001066, 0.000000000000000000 ) ) ;
#4685 = AXIS2_PLACEMENT_3D ( 'NONE', #5569, #465, #355 ) ;
#4686 = CARTESIAN_POINT ( 'NONE',  ( -7.249999999999194422, -32.00000000000001421, 0.000000000000000000 ) ) ;
#4687 = EDGE_CURVE ( 'NONE', #2500, #5916, #3533, .T. ) ;
#4688 = DIRECTION ( 'NONE',  ( 1.000000000000000000, 0.000000000000000000, 0.000000000000000000 ) ) ;
#4689 = ORIENTED_EDGE ( 'NONE', *, *, #3715, .T. ) ;
#4690 = DIRECTION ( 'NONE',  ( 1.000000000000000000, 0.000000000000000000, 0.000000000000000000 ) ) ;
#4691 = CARTESIAN_POINT ( 'NONE',  ( -7.249999999999596767, 5.999999999999984901, 0.000000000000000000 ) ) ;
#4692 = CARTESIAN_POINT ( 'NONE',  ( 44.25000000000078870, -32.00000000000001421, 2.000000000000000000 ) ) ;
#4693 = CARTESIAN_POINT ( 'NONE',  ( -25.24999999999959854, -7.000000000000013323, 2.000000000000000000 ) ) ;
#4694 = FACE_OUTER_BOUND ( 'NONE', #6114, .T. ) ;
#4695 = EDGE_CURVE ( 'NONE', #5450, #1675, #7490, .T. ) ;
#4696 = VERTEX_POINT ( 'NONE', #1941 ) ;
#4697 = VERTEX_POINT ( 'NONE', #4368 ) ;
#4698 = CARTESIAN_POINT ( 'NONE',  ( -46.50000000000002842, -43.50000000000000000, 2.000000000000000000 ) ) ;
#4699 = ADVANCED_FACE ( 'NONE', ( #3273 ), #1977, .F. ) ;
#4700 = FACE_OUTER_BOUND ( 'NONE', #3756, .T. ) ;
#4701 = EDGE_CURVE ( 'NONE', #6490, #3293, #4254, .T. ) ;
#4702 = EDGE_CURVE ( 'NONE', #3479, #4394, #5194, .T. ) ;
#4703 = CARTESIAN_POINT ( 'NONE',  ( 31.75000000000040146, -7.000000000000013323, 0.000000000000000000 ) ) ;
#4704 = EDGE_LOOP ( 'NONE', ( #7324, #6949, #1246, #6980 ) ) ;
#4705 = LINE ( 'NONE', #6405, #6699 ) ;
#4706 = VECTOR ( 'NONE', #632, 1000.000000000000000 ) ;
#4707 = VERTEX_POINT ( 'NONE', #4907 ) ;
#4708 = ORIENTED_EDGE ( 'NONE', *, *, #4251, .F. ) ;
#4709 = ORIENTED_EDGE ( 'NONE', *, *, #7243, .F. ) ;
#4710 = CYLINDRICAL_SURFACE ( 'NONE', #2546, 1.000000000000000888 ) ;
#4711 = VECTOR ( 'NONE', #1179, 1000.000000000000000 ) ;
#4712 = LINE ( 'NONE', #4128, #3802 ) ;
#4713 = DIRECTION ( 'NONE',  ( -1.000000000000000000, 0.000000000000000000, 0.000000000000000000 ) ) ;
#4714 = CARTESIAN_POINT ( 'NONE',  ( -25.24999999999999645, 44.99999999999997868, 0.000000000000000000 ) ) ;
#4715 = ORIENTED_EDGE ( 'NONE', *, *, #2056, .F. ) ;
#4716 = FACE_OUTER_BOUND ( 'NONE', #5819, .T. ) ;
#4717 = VERTEX_POINT ( 'NONE', #2055 ) ;
#4718 = VECTOR ( 'NONE', #2379, 1000.000000000000000 ) ;
#4719 = VECTOR ( 'NONE', #859, 1000.000000000000000 ) ;
#4720 = ORIENTED_EDGE ( 'NONE', *, *, #6789, .T. ) ;
#4721 = DIRECTION ( 'NONE',  ( 0.000000000000000000, -1.000000000000000000, 0.000000000000000000 ) ) ;
#4722 = DIRECTION ( 'NONE',  ( -1.000000000000000000, 0.000000000000000000, 0.000000000000000000 ) ) ;
#4723 = DIRECTION ( 'NONE',  ( 1.000000000000000000, 0.000000000000000000, 0.000000000000000000 ) ) ;
#4724 = CARTESIAN_POINT ( 'NONE',  ( -26.24999999999939604, -13.00000000000001066, 0.000000000000000000 ) ) ;
#4725 = VECTOR ( 'NONE', #7457, 1000.000000000000000 ) ;
#4726 = ORIENTED_EDGE ( 'NONE', *, *, #6654, .F. ) ;
#4727 = DIRECTION ( 'NONE',  ( -0.000000000000000000, 1.000000000000000000, -0.000000000000000000 ) ) ;
#4728 = CARTESIAN_POINT ( 'NONE',  ( -43.50000000000002132, -46.50000000000001421, 0.000000000000000000 ) ) ;
#4729 = DIRECTION ( 'NONE',  ( 0.000000000000000000, -0.000000000000000000, 1.000000000000000000 ) ) ;
#4730 = CARTESIAN_POINT ( 'NONE',  ( -44.24999999999960210, -6.000000000000012434, 0.000000000000000000 ) ) ;
#4731 = VERTEX_POINT ( 'NONE', #343 ) ;
#4732 = DIRECTION ( 'NONE',  ( -0.000000000000000000, -0.000000000000000000, -1.000000000000000000 ) ) ;
#4733 = CIRCLE ( 'NONE', #4976, 0.9999999999999974465 ) ;
#4734 = ORIENTED_EDGE ( 'NONE', *, *, #1061, .F. ) ;
#4735 = ORIENTED_EDGE ( 'NONE', *, *, #726, .T. ) ;
#4736 = EDGE_CURVE ( 'NONE', #2616, #3466, #3117, .T. ) ;
#4737 = CYLINDRICAL_SURFACE ( 'NONE', #893, 1.199999999999999734 ) ;
#4738 = DIRECTION ( 'NONE',  ( 0.000000000000000000, 0.000000000000000000, 1.000000000000000000 ) ) ;
#4739 = ADVANCED_FACE ( 'NONE', ( #5590 ), #3764, .F. ) ;
#4740 = LINE ( 'NONE', #2456, #6276 ) ;
#4741 = AXIS2_PLACEMENT_3D ( 'NONE', #3081, #1973, #2547 ) ;
#4742 = ORIENTED_EDGE ( 'NONE', *, *, #6829, .T. ) ;
#4743 = CARTESIAN_POINT ( 'NONE',  ( 11.75000000000020428, 24.99999999999998579, 2.000000000000000000 ) ) ;
#4744 = ORIENTED_EDGE ( 'NONE', *, *, #6420, .T. ) ;
#4745 = ORIENTED_EDGE ( 'NONE', *, *, #4839, .T. ) ;
#4746 = ORIENTED_EDGE ( 'NONE', *, *, #4639, .F. ) ;
#4747 = CARTESIAN_POINT ( 'NONE',  ( -25.24999999999999645, 31.99999999999998579, 2.000000000000000000 ) ) ;
#4748 = EDGE_CURVE ( 'NONE', #7191, #3302, #6688, .T. ) ;
#4749 = DIRECTION ( 'NONE',  ( 1.000000000000000000, 0.000000000000000000, 0.000000000000000000 ) ) ;
#4750 = AXIS2_PLACEMENT_3D ( 'NONE', #4309, #204, #1956 ) ;
#4751 = CARTESIAN_POINT ( 'NONE',  ( -45.24999999999919709, -32.00000000000001421, 2.000000000000000000 ) ) ;
#4752 = EDGE_CURVE ( 'NONE', #3237, #760, #303, .T. ) ;
#4753 = ORIENTED_EDGE ( 'NONE', *, *, #3084, .F. ) ;
#4754 = CARTESIAN_POINT ( 'NONE',  ( -44.25000000000000000, 44.99999999999997868, 2.000000000000000000 ) ) ;
#4755 = EDGE_LOOP ( 'NONE', ( #4918, #7496, #1746, #1619 ) ) ;
#4756 = AXIS2_PLACEMENT_3D ( 'NONE', #3164, #5482, #275 ) ;
#4757 = ADVANCED_FACE ( 'NONE', ( #3837 ), #2630, .F. ) ;
#4758 = ORIENTED_EDGE ( 'NONE', *, *, #3789, .F. ) ;
#4759 = CARTESIAN_POINT ( 'NONE',  ( -26.24999999999999289, 31.99999999999998579, 0.000000000000000000 ) ) ;
#4760 = CIRCLE ( 'NONE', #7416, 0.9999999999999940048 ) ;
#4761 = CARTESIAN_POINT ( 'NONE',  ( -12.75000000000000178, 30.99999999999998579, 2.000000000000000000 ) ) ;
#4762 = EDGE_CURVE ( 'NONE', #3409, #4956, #3152, .T. ) ;
#4763 = LINE ( 'NONE', #1366, #6319 ) ;
#4764 = PLANE ( 'NONE',  #7079 ) ;
#4765 = DIRECTION ( 'NONE',  ( 0.000000000000000000, 0.000000000000000000, 1.000000000000000000 ) ) ;
#4766 = CARTESIAN_POINT ( 'NONE',  ( -12.74999999999960210, 6.999999999999978684, 2.000000000000000000 ) ) ;
#4767 = DIRECTION ( 'NONE',  ( 1.000000000000000000, 0.000000000000000000, 0.000000000000000000 ) ) ;
#4768 = FACE_OUTER_BOUND ( 'NONE', #929, .T. ) ;
#4769 = DIRECTION ( 'NONE',  ( 1.000000000000000000, 0.000000000000000000, 0.000000000000000000 ) ) ;
#4770 = ORIENTED_EDGE ( 'NONE', *, *, #6398, .T. ) ;
#4771 = VECTOR ( 'NONE', #4648, 1000.000000000000000 ) ;
#4772 = ORIENTED_EDGE ( 'NONE', *, *, #4372, .T. ) ;
#4773 = VECTOR ( 'NONE', #453, 1000.000000000000000 ) ;
#4774 = ORIENTED_EDGE ( 'NONE', *, *, #144, .T. ) ;
#4775 = LINE ( 'NONE', #5307, #2491 ) ;
#4776 = AXIS2_PLACEMENT_3D ( 'NONE', #2592, #6691, #1478 ) ;
#4777 = CARTESIAN_POINT ( 'NONE',  ( 28.49999999999998579, 28.49999999999999645, 8.572527594031469492E-17 ) ) ;
#4778 = DIRECTION ( 'NONE',  ( -1.000000000000000000, 0.000000000000000000, 0.000000000000000000 ) ) ;
#4779 = AXIS2_PLACEMENT_3D ( 'NONE', #7062, #5891, #4713 ) ;
#4780 = CIRCLE ( 'NONE', #7440, 0.9999999999999974465 ) ;
#4781 = PLANE ( 'NONE',  #6167 ) ;
#4782 = ORIENTED_EDGE ( 'NONE', *, *, #2184, .T. ) ;
#4783 = CARTESIAN_POINT ( 'NONE',  ( 30.75000000000079581, -44.00000000000001421, 2.000000000000000000 ) ) ;
#4784 = VERTEX_POINT ( 'NONE', #2090 ) ;
#4785 = ORIENTED_EDGE ( 'NONE', *, *, #3396, .T. ) ;
#4786 = EDGE_LOOP ( 'NONE', ( #4461, #7238, #5968, #5810 ) ) ;
#4787 = EDGE_CURVE ( 'NONE', #6732, #2828, #5202, .T. ) ;
#4788 = LINE ( 'NONE', #5355, #5454 ) ;
#4789 = VECTOR ( 'NONE', #5300, 1000.000000000000000 ) ;
#4790 = CARTESIAN_POINT ( 'NONE',  ( 12.74999999999999822, 31.99999999999998579, 2.000000000000000000 ) ) ;
#4791 = ORIENTED_EDGE ( 'NONE', *, *, #3692, .T. ) ;
#4792 = CARTESIAN_POINT ( 'NONE',  ( 12.75000000000019895, 24.99999999999998579, 2.000000000000000000 ) ) ;
#4793 = ORIENTED_EDGE ( 'NONE', *, *, #1268, .F. ) ;
#4794 = DIRECTION ( 'NONE',  ( -0.000000000000000000, -0.000000000000000000, -1.000000000000000000 ) ) ;
#4795 = AXIS2_PLACEMENT_3D ( 'NONE', #3857, #362, #5072 ) ;
#4796 = VERTEX_POINT ( 'NONE', #4944 ) ;
#4797 = DIRECTION ( 'NONE',  ( 0.000000000000000000, 0.000000000000000000, 1.000000000000000000 ) ) ;
#4798 = DIRECTION ( 'NONE',  ( -1.000000000000000000, 0.000000000000000000, 0.000000000000000000 ) ) ;
#4799 = AXIS2_PLACEMENT_3D ( 'NONE', #7501, #5762, #2336 ) ;
#4800 = EDGE_CURVE ( 'NONE', #2452, #5889, #7146, .T. ) ;
#4801 = CARTESIAN_POINT ( 'NONE',  ( -6.249999999999200639, -45.00000000000001421, 2.000000000000000000 ) ) ;
#4802 = CARTESIAN_POINT ( 'NONE',  ( 12.74999999999999822, 44.99999999999997868, 0.000000000000000000 ) ) ;
#4803 = CARTESIAN_POINT ( 'NONE',  ( -12.75000000000000178, 31.99999999999998579, 2.000000000000000000 ) ) ;
#4804 = DIRECTION ( 'NONE',  ( -0.000000000000000000, -0.000000000000000000, -1.000000000000000000 ) ) ;
#4805 = DIRECTION ( 'NONE',  ( 0.000000000000000000, 1.000000000000000000, 0.000000000000000000 ) ) ;
#4806 = CARTESIAN_POINT ( 'NONE',  ( -7.249999999999791278, 12.99999999999999112, 0.000000000000000000 ) ) ;
#4807 = FACE_OUTER_BOUND ( 'NONE', #706, .T. ) ;
#4808 = ORIENTED_EDGE ( 'NONE', *, *, #223, .T. ) ;
#4809 = ORIENTED_EDGE ( 'NONE', *, *, #5216, .T. ) ;
#4810 = EDGE_LOOP ( 'NONE', ( #2884, #5071, #3591, #5271 ) ) ;
#4811 = CARTESIAN_POINT ( 'NONE',  ( -12.75000000000000178, 43.99999999999998579, 0.000000000000000000 ) ) ;
#4812 = EDGE_LOOP ( 'NONE', ( #1761, #7289, #4825, #5841 ) ) ;
#4813 = FACE_OUTER_BOUND ( 'NONE', #5110, .T. ) ;
#4814 = CARTESIAN_POINT ( 'NONE',  ( -25.24999999999940314, -26.00000000000001066, 2.000000000000000000 ) ) ;
#4815 = ADVANCED_FACE ( 'NONE', ( #938 ), #5437, .F. ) ;
#4816 = CARTESIAN_POINT ( 'NONE',  ( 45.25000000000059686, -25.00000000000000711, 2.000000000000000000 ) ) ;
#4817 = ORIENTED_EDGE ( 'NONE', *, *, #1292, .T. ) ;
#4818 = CARTESIAN_POINT ( 'NONE',  ( -6.249999999999402256, -26.00000000000001066, 2.000000000000000000 ) ) ;
#4819 = ORIENTED_EDGE ( 'NONE', *, *, #6214, .T. ) ;
#4820 = EDGE_LOOP ( 'NONE', ( #6219, #4554, #388, #3635 ) ) ;
#4821 = ORIENTED_EDGE ( 'NONE', *, *, #331, .T. ) ;
#4822 = DIRECTION ( 'NONE',  ( 0.000000000000000000, 0.000000000000000000, 1.000000000000000000 ) ) ;
#4823 = CARTESIAN_POINT ( 'NONE',  ( 11.75000000000039968, -6.000000000000012434, 0.000000000000000000 ) ) ;
#4824 = CIRCLE ( 'NONE', #1533, 0.9999999999999974465 ) ;
#4825 = ORIENTED_EDGE ( 'NONE', *, *, #6222, .T. ) ;
#4826 = DIRECTION ( 'NONE',  ( 0.000000000000000000, -0.000000000000000000, -1.000000000000000000 ) ) ;
#4827 = VERTEX_POINT ( 'NONE', #226 ) ;
#4828 = FACE_OUTER_BOUND ( 'NONE', #2041, .T. ) ;
#4829 = VECTOR ( 'NONE', #3208, 1000.000000000000000 ) ;
#4830 = DIRECTION ( 'NONE',  ( -1.000000000000000000, 0.000000000000000000, 0.000000000000000000 ) ) ;
#4831 = DIRECTION ( 'NONE',  ( -0.000000000000000000, -0.000000000000000000, -1.000000000000000000 ) ) ;
#4832 = VECTOR ( 'NONE', #6748, 1000.000000000000000 ) ;
#4833 = DIRECTION ( 'NONE',  ( 0.000000000000000000, 0.000000000000000000, 1.000000000000000000 ) ) ;
#4834 = VECTOR ( 'NONE', #3919, 1000.000000000000000 ) ;
#4835 = CARTESIAN_POINT ( 'NONE',  ( -7.249999999999396039, -25.00000000000000711, 2.000000000000000000 ) ) ;
#4836 = ADVANCED_FACE ( 'NONE', ( #2550 ), #4869, .F. ) ;
#4837 = ADVANCED_FACE ( 'NONE', ( #3725 ), #6049, .F. ) ;
#4838 = VECTOR ( 'NONE', #906, 1000.000000000000000 ) ;
#4839 = EDGE_CURVE ( 'NONE', #16, #17, #578, .T. ) ;
#4840 = CYLINDRICAL_SURFACE ( 'NONE', #6719, 0.9999999999999974465 ) ;
#4841 = EDGE_CURVE ( 'NONE', #5916, #6917, #333, .T. ) ;
#4842 = DIRECTION ( 'NONE',  ( 0.000000000000000000, 0.000000000000000000, 1.000000000000000000 ) ) ;
#4843 = CARTESIAN_POINT ( 'NONE',  ( 25.25000000000039080, -6.000000000000012434, 2.000000000000000000 ) ) ;
#4844 = CYLINDRICAL_SURFACE ( 'NONE', #4584, 0.9999999999999974465 ) ;
#4845 = ORIENTED_EDGE ( 'NONE', *, *, #4967, .F. ) ;
#4846 = CIRCLE ( 'NONE', #177, 0.9999999999999940048 ) ;
#4847 = ADVANCED_FACE ( 'NONE', ( #2268 ), #6198, .T. ) ;
#4848 = EDGE_LOOP ( 'NONE', ( #4734, #500, #5665, #4709, #3388, #547, #2773, #2470 ) ) ;
#4849 = ORIENTED_EDGE ( 'NONE', *, *, #2610, .F. ) ;
#4850 = DIRECTION ( 'NONE',  ( -0.000000000000000000, -0.000000000000000000, -1.000000000000000000 ) ) ;
#4851 = DIRECTION ( 'NONE',  ( 0.000000000000000000, 0.000000000000000000, 1.000000000000000000 ) ) ;
#4852 = CARTESIAN_POINT ( 'NONE',  ( -25.24999999999980105, 24.99999999999998579, 2.000000000000000000 ) ) ;
#4853 = VECTOR ( 'NONE', #3675, 1000.000000000000000 ) ;
#4854 = DIRECTION ( 'NONE',  ( -1.000000000000000000, 0.000000000000000000, 0.000000000000000000 ) ) ;
#4855 = ORIENTED_EDGE ( 'NONE', *, *, #3859, .F. ) ;
#4856 = CARTESIAN_POINT ( 'NONE',  ( -12.75000000000000178, 30.99999999999998579, 2.000000000000000000 ) ) ;
#4857 = ORIENTED_EDGE ( 'NONE', *, *, #3846, .T. ) ;
#4858 = ORIENTED_EDGE ( 'NONE', *, *, #3078, .F. ) ;
#4859 = VERTEX_POINT ( 'NONE', #7444 ) ;
#4860 = DIRECTION ( 'NONE',  ( 0.000000000000000000, 0.000000000000000000, 1.000000000000000000 ) ) ;
#4861 = DIRECTION ( 'NONE',  ( 1.000000000000000000, 0.000000000000000000, 0.000000000000000000 ) ) ;
#4862 = ORIENTED_EDGE ( 'NONE', *, *, #205, .F. ) ;
#4863 = DIRECTION ( 'NONE',  ( -1.000000000000000000, 0.000000000000000000, 0.000000000000000000 ) ) ;
#4864 = ORIENTED_EDGE ( 'NONE', *, *, #5487, .F. ) ;
#4865 = ORIENTED_EDGE ( 'NONE', *, *, #1003, .F. ) ;
#4866 = EDGE_LOOP ( 'NONE', ( #2136, #5119, #6397, #4076 ) ) ;
#4867 = DIRECTION ( 'NONE',  ( -1.000000000000000000, 0.000000000000000000, 0.000000000000000000 ) ) ;
#4868 = AXIS2_PLACEMENT_3D ( 'NONE', #4852, #3703, #6746 ) ;
#4869 = CYLINDRICAL_SURFACE ( 'NONE', #3866, 0.9999999999999940048 ) ;
#4870 = EDGE_CURVE ( 'NONE', #6675, #5197, #5735, .T. ) ;
#4871 = CYLINDRICAL_SURFACE ( 'NONE', #7179, 0.9999999999999940048 ) ;
#4872 = CARTESIAN_POINT ( 'NONE',  ( -6.249999999999200639, -45.00000000000001421, 2.000000000000000000 ) ) ;
#4873 = VECTOR ( 'NONE', #7445, 1000.000000000000000 ) ;
#4874 = EDGE_CURVE ( 'NONE', #2230, #4827, #4594, .T. ) ;
#4875 = CARTESIAN_POINT ( 'NONE',  ( 12.75000000000039257, -6.000000000000012434, 2.000000000000000000 ) ) ;
#4876 = CARTESIAN_POINT ( 'NONE',  ( -6.249999999999602984, 6.999999999999978684, 2.000000000000000000 ) ) ;
#4877 = CARTESIAN_POINT ( 'NONE',  ( -44.24999999999979394, 11.99999999999998579, 2.000000000000000000 ) ) ;
#4878 = CARTESIAN_POINT ( 'NONE',  ( -43.50000000000002132, 43.50000000000000000, 2.000000000000000000 ) ) ;
#4879 = CIRCLE ( 'NONE', #1473, 0.9999999999999940048 ) ;
#4880 = ORIENTED_EDGE ( 'NONE', *, *, #772, .T. ) ;
#4881 = EDGE_LOOP ( 'NONE', ( #1962, #3345, #2252, #6888 ) ) ;
#4882 = ORIENTED_EDGE ( 'NONE', *, *, #1015, .F. ) ;
#4883 = CARTESIAN_POINT ( 'NONE',  ( -44.24999999999940314, -12.00000000000001776, 2.000000000000000000 ) ) ;
#4884 = CARTESIAN_POINT ( 'NONE',  ( -30.74999999999940314, -13.00000000000001066, 0.000000000000000000 ) ) ;
#4885 = LINE ( 'NONE', #803, #1088 ) ;
#4886 = DIRECTION ( 'NONE',  ( 0.000000000000000000, 0.000000000000000000, 1.000000000000000000 ) ) ;
#4887 = ADVANCED_FACE ( 'NONE', ( #4017 ), #6904, .T. ) ;
#4888 = DIRECTION ( 'NONE',  ( -0.000000000000000000, -0.000000000000000000, -1.000000000000000000 ) ) ;
#4889 = LINE ( 'NONE', #7206, #6877 ) ;
#4890 = ORIENTED_EDGE ( 'NONE', *, *, #1672, .T. ) ;
#4891 = CARTESIAN_POINT ( 'NONE',  ( 12.75000000000059330, -12.00000000000001776, 2.000000000000000000 ) ) ;
#4892 = VERTEX_POINT ( 'NONE', #6264 ) ;
#4893 = VECTOR ( 'NONE', #7456, 1000.000000000000000 ) ;
#4894 = VERTEX_POINT ( 'NONE', #973 ) ;
#4895 = VERTEX_POINT ( 'NONE', #5089 ) ;
#4896 = DIRECTION ( 'NONE',  ( -0.000000000000000000, -0.000000000000000000, -1.000000000000000000 ) ) ;
#4897 = CARTESIAN_POINT ( 'NONE',  ( -44.24999999999960210, -6.000000000000012434, 2.000000000000000000 ) ) ;
#4898 = VERTEX_POINT ( 'NONE', #446 ) ;
#4899 = AXIS2_PLACEMENT_3D ( 'NONE', #890, #850, #295 ) ;
#4900 = CARTESIAN_POINT ( 'NONE',  ( 6.250000000000595080, -13.00000000000001066, 0.000000000000000000 ) ) ;
#4901 = ORIENTED_EDGE ( 'NONE', *, *, #6194, .F. ) ;
#4902 = VERTEX_POINT ( 'NONE', #1122 ) ;
#4903 = AXIS2_PLACEMENT_3D ( 'NONE', #652, #1218, #4729 ) ;
#4904 = CARTESIAN_POINT ( 'NONE',  ( -45.24999999999919709, -32.00000000000001421, 2.000000000000000000 ) ) ;
#4905 = CARTESIAN_POINT ( 'NONE',  ( 44.25000000000059686, -26.00000000000001066, 2.000000000000000000 ) ) ;
#4906 = LINE ( 'NONE', #2124, #6945 ) ;
#4907 = CARTESIAN_POINT ( 'NONE',  ( 30.75000000000020250, 24.99999999999998579, 2.000000000000000000 ) ) ;
#4908 = CARTESIAN_POINT ( 'NONE',  ( -31.74999999999979750, 11.99999999999998757, 0.000000000000000000 ) ) ;
#4909 = AXIS2_PLACEMENT_3D ( 'NONE', #5519, #4413, #6200 ) ;
#4910 = DIRECTION ( 'NONE',  ( 0.000000000000000000, 0.000000000000000000, 1.000000000000000000 ) ) ;
#4911 = EDGE_CURVE ( 'NONE', #5360, #314, #2849, .T. ) ;
#4912 = DIRECTION ( 'NONE',  ( 1.000000000000000000, 0.000000000000000000, 0.000000000000000000 ) ) ;
#4913 = DIRECTION ( 'NONE',  ( 1.000000000000000000, 0.000000000000000000, 0.000000000000000000 ) ) ;
#4914 = DIRECTION ( 'NONE',  ( -0.000000000000000000, -0.000000000000000000, -1.000000000000000000 ) ) ;
#4915 = LINE ( 'NONE', #7235, #5109 ) ;
#4916 = AXIS2_PLACEMENT_3D ( 'NONE', #5380, #3662, #3131 ) ;
#4917 = EDGE_LOOP ( 'NONE', ( #6395, #874, #5326, #1051 ) ) ;
#4918 = ORIENTED_EDGE ( 'NONE', *, *, #1829, .F. ) ;
#4919 = ORIENTED_EDGE ( 'NONE', *, *, #1984, .F. ) ;
#4920 = LINE ( 'NONE', #7239, #7099 ) ;
#4921 = DIRECTION ( 'NONE',  ( 0.000000000000000000, -0.000000000000000000, 1.000000000000000000 ) ) ;
#4922 = FACE_OUTER_BOUND ( 'NONE', #4351, .T. ) ;
#4923 = ADVANCED_FACE ( 'NONE', ( #5776 ), #3946, .F. ) ;
#4924 = CARTESIAN_POINT ( 'NONE',  ( 29.69999999999999574, -28.49999999999998934, 2.000000000000000000 ) ) ;
#4925 = DIRECTION ( 'NONE',  ( -1.000000000000000000, -0.000000000000000000, -0.000000000000000000 ) ) ;
#4926 = CARTESIAN_POINT ( 'NONE',  ( -25.24999999999920064, -45.00000000000001421, 2.000000000000000000 ) ) ;
#4927 = VERTEX_POINT ( 'NONE', #2737 ) ;
#4928 = CIRCLE ( 'NONE', #425, 1.000000000000000888 ) ;
#4929 = DIRECTION ( 'NONE',  ( 1.000000000000000000, 0.000000000000000000, -0.000000000000000000 ) ) ;
#4930 = VERTEX_POINT ( 'NONE', #1694 ) ;
#4931 = VERTEX_POINT ( 'NONE', #3983 ) ;
#4932 = ORIENTED_EDGE ( 'NONE', *, *, #5719, .F. ) ;
#4933 = DIRECTION ( 'NONE',  ( 1.000000000000000000, 0.000000000000000000, 0.000000000000000000 ) ) ;
#4934 = EDGE_CURVE ( 'NONE', #677, #5852, #6297, .T. ) ;
#4935 = EDGE_CURVE ( 'NONE', #3066, #2110, #6335, .T. ) ;
#4936 = DIRECTION ( 'NONE',  ( 0.000000000000000000, -0.000000000000000000, 1.000000000000000000 ) ) ;
#4937 = EDGE_LOOP ( 'NONE', ( #7410, #1078, #5140, #2413 ) ) ;
#4938 = DIRECTION ( 'NONE',  ( 0.000000000000000000, -1.000000000000000000, 0.000000000000000000 ) ) ;
#4939 = EDGE_LOOP ( 'NONE', ( #3139, #326, #7270, #3467, #6452, #1322, #3192, #4772 ) ) ;
#4940 = EDGE_CURVE ( 'NONE', #5761, #7417, #7475, .T. ) ;
#4941 = ORIENTED_EDGE ( 'NONE', *, *, #3054, .T. ) ;
#4942 = VERTEX_POINT ( 'NONE', #3450 ) ;
#4943 = DIRECTION ( 'NONE',  ( -1.000000000000000000, 0.000000000000000000, 0.000000000000000000 ) ) ;
#4944 = CARTESIAN_POINT ( 'NONE',  ( 45.25000000000019185, 24.99999999999998579, 2.000000000000000000 ) ) ;
#4945 = DIRECTION ( 'NONE',  ( 0.000000000000000000, 0.000000000000000000, 1.000000000000000000 ) ) ;
#4946 = LINE ( 'NONE', #1441, #3932 ) ;
#4947 = DIRECTION ( 'NONE',  ( -0.000000000000000000, 0.000000000000000000, -1.000000000000000000 ) ) ;
#4948 = LINE ( 'NONE', #3769, #3318 ) ;
#4949 = VECTOR ( 'NONE', #3176, 1000.000000000000000 ) ;
#4950 = VECTOR ( 'NONE', #6097, 1000.000000000000000 ) ;
#4951 = CARTESIAN_POINT ( 'NONE',  ( 30.75000000000060396, -13.00000000000001066, 2.000000000000000000 ) ) ;
#4952 = CARTESIAN_POINT ( 'NONE',  ( 6.250000000000199840, 11.99999999999998579, 0.000000000000000000 ) ) ;
#4953 = VERTEX_POINT ( 'NONE', #2697 ) ;
#4954 = VECTOR ( 'NONE', #4033, 1000.000000000000000 ) ;
#4955 = AXIS2_PLACEMENT_3D ( 'NONE', #2242, #1631, #4644 ) ;
#4956 = VERTEX_POINT ( 'NONE', #7337 ) ;
#4957 = CYLINDRICAL_SURFACE ( 'NONE', #7226, 0.9999999999999974465 ) ;
#4958 = LINE ( 'NONE', #3283, #209 ) ;
#4959 = CARTESIAN_POINT ( 'NONE',  ( -25.24999999999920064, -45.00000000000001421, 0.000000000000000000 ) ) ;
#4960 = LINE ( 'NONE', #6747, #5561 ) ;
#4961 = DIRECTION ( 'NONE',  ( -0.000000000000000000, -0.000000000000000000, -1.000000000000000000 ) ) ;
#4962 = DIRECTION ( 'NONE',  ( 0.000000000000000000, 0.000000000000000000, 1.000000000000000000 ) ) ;
#4963 = EDGE_LOOP ( 'NONE', ( #4151, #854, #3258, #762, #4172, #1195, #1898, #3328 ) ) ;
#4964 = EDGE_CURVE ( 'NONE', #401, #1153, #2125, .T. ) ;
#4965 = DIRECTION ( 'NONE',  ( -0.000000000000000000, -0.000000000000000000, -1.000000000000000000 ) ) ;
#4966 = ORIENTED_EDGE ( 'NONE', *, *, #6407, .T. ) ;
#4967 = EDGE_CURVE ( 'NONE', #4784, #1256, #5921, .T. ) ;
#4968 = VERTEX_POINT ( 'NONE', #2771 ) ;
#4969 = VERTEX_POINT ( 'NONE', #3341 ) ;
#4970 = CARTESIAN_POINT ( 'NONE',  ( 44.25000000000039790, 5.999999999999984901, 2.000000000000000000 ) ) ;
#4971 = EDGE_CURVE ( 'NONE', #2850, #7332, #6799, .T. ) ;
#4972 = CARTESIAN_POINT ( 'NONE',  ( 6.249999999999998224, 44.99999999999997868, 2.000000000000000000 ) ) ;
#4973 = ORIENTED_EDGE ( 'NONE', *, *, #5009, .T. ) ;
#4974 = CARTESIAN_POINT ( 'NONE',  ( -7.249999999999992895, 31.99999999999998579, 0.000000000000000000 ) ) ;
#4975 = ORIENTED_EDGE ( 'NONE', *, *, #2933, .T. ) ;
#4976 = AXIS2_PLACEMENT_3D ( 'NONE', #1854, #2347, #668 ) ;
#4977 = ORIENTED_EDGE ( 'NONE', *, *, #3651, .T. ) ;
#4978 = ORIENTED_EDGE ( 'NONE', *, *, #7243, .T. ) ;
#4979 = EDGE_CURVE ( 'NONE', #2341, #7364, #2195, .T. ) ;
#4980 = EDGE_CURVE ( 'NONE', #3762, #7213, #3522, .T. ) ;
#4981 = FACE_OUTER_BOUND ( 'NONE', #5806, .T. ) ;
#4982 = EDGE_CURVE ( 'NONE', #7016, #5012, #1161, .T. ) ;
#4983 = DIRECTION ( 'NONE',  ( -1.000000000000000000, 0.000000000000000000, 0.000000000000000000 ) ) ;
#4984 = EDGE_CURVE ( 'NONE', #5147, #7194, #1412, .T. ) ;
#4985 = DIRECTION ( 'NONE',  ( 1.000000000000000000, 0.000000000000000000, 0.000000000000000000 ) ) ;
#4986 = LINE ( 'NONE', #3343, #4653 ) ;
#4987 = ORIENTED_EDGE ( 'NONE', *, *, #2618, .T. ) ;
#4988 = PLANE ( 'NONE',  #3676 ) ;
#4989 = CIRCLE ( 'NONE', #1698, 0.9999999999999940048 ) ;
#4990 = EDGE_CURVE ( 'NONE', #2013, #7347, #3598, .T. ) ;
#4991 = CARTESIAN_POINT ( 'NONE',  ( -44.24999999999940314, -26.00000000000001066, 2.000000000000000000 ) ) ;
#4992 = CARTESIAN_POINT ( 'NONE',  ( -12.74999999999920242, -31.00000000000002132, 2.000000000000000000 ) ) ;
#4993 = VERTEX_POINT ( 'NONE', #6493 ) ;
#4994 = CARTESIAN_POINT ( 'NONE',  ( -46.50000000000002842, -43.50000000000000000, 2.000000000000000000 ) ) ;
#4995 = CARTESIAN_POINT ( 'NONE',  ( 44.25000000000078870, -31.00000000000002132, 2.000000000000000000 ) ) ;
#4996 = DIRECTION ( 'NONE',  ( -1.000000000000000000, 0.000000000000000000, 0.000000000000000000 ) ) ;
#4997 = AXIS2_PLACEMENT_3D ( 'NONE', #369, #2543, #4359 ) ;
#4998 = DIRECTION ( 'NONE',  ( 0.000000000000000000, 0.000000000000000000, 1.000000000000000000 ) ) ;
#4999 = LINE ( 'NONE', #6070, #2887 ) ;
#5000 = CARTESIAN_POINT ( 'NONE',  ( 31.75000000000000000, 44.99999999999997868, 2.000000000000000000 ) ) ;
#5001 = ORIENTED_EDGE ( 'NONE', *, *, #5058, .T. ) ;
#5002 = LINE ( 'NONE', #4465, #5148 ) ;
#5003 = VECTOR ( 'NONE', #6794, 1000.000000000000000 ) ;
#5004 = VERTEX_POINT ( 'NONE', #4714 ) ;
#5005 = ORIENTED_EDGE ( 'NONE', *, *, #3162, .T. ) ;
#5006 = DIRECTION ( 'NONE',  ( -0.000000000000000000, -0.000000000000000000, -1.000000000000000000 ) ) ;
#5007 = EDGE_CURVE ( 'NONE', #5877, #3773, #6454, .T. ) ;
#5008 = FACE_OUTER_BOUND ( 'NONE', #5777, .T. ) ;
#5009 = EDGE_CURVE ( 'NONE', #7089, #6487, #3360, .T. ) ;
#5010 = ORIENTED_EDGE ( 'NONE', *, *, #3898, .T. ) ;
#5011 = CARTESIAN_POINT ( 'NONE',  ( 45.25000000000039790, -6.000000000000012434, 2.000000000000000000 ) ) ;
#5012 = VERTEX_POINT ( 'NONE', #1818 ) ;
#5013 = VECTOR ( 'NONE', #5283, 1000.000000000000000 ) ;
#5014 = VERTEX_POINT ( 'NONE', #2992 ) ;
#5015 = AXIS2_PLACEMENT_3D ( 'NONE', #5738, #2774, #1126 ) ;
#5016 = VECTOR ( 'NONE', #5696, 1000.000000000000000 ) ;
#5017 = LINE ( 'NONE', #3232, #1241 ) ;
#5018 = CARTESIAN_POINT ( 'NONE',  ( -43.50000000000002132, -46.50000000000001421, 2.000000000000000000 ) ) ;
#5019 = CARTESIAN_POINT ( 'NONE',  ( -11.74999999999980282, 24.99999999999998579, 2.000000000000000000 ) ) ;
#5020 = DIRECTION ( 'NONE',  ( -0.000000000000000000, -0.000000000000000000, -1.000000000000000000 ) ) ;
#5021 = ORIENTED_EDGE ( 'NONE', *, *, #6907, .T. ) ;
#5022 = EDGE_CURVE ( 'NONE', #1347, #3409, #7512, .T. ) ;
#5023 = FACE_OUTER_BOUND ( 'NONE', #3747, .T. ) ;
#5024 = FACE_OUTER_BOUND ( 'NONE', #4196, .T. ) ;
#5025 = CARTESIAN_POINT ( 'NONE',  ( -25.24999999999959854, -6.000000000000012434, 2.000000000000000000 ) ) ;
#5026 = EDGE_CURVE ( 'NONE', #3358, #2065, #5323, .T. ) ;
#5027 = ORIENTED_EDGE ( 'NONE', *, *, #1237, .F. ) ;
#5028 = AXIS2_PLACEMENT_3D ( 'NONE', #4803, #6545, #3691 ) ;
#5029 = LINE ( 'NONE', #1561, #5376 ) ;
#5030 = CARTESIAN_POINT ( 'NONE',  ( 45.25000000000078870, -32.00000000000001421, 2.000000000000000000 ) ) ;
#5031 = CARTESIAN_POINT ( 'NONE',  ( 31.75000000000000000, 30.99999999999998579, 2.000000000000000000 ) ) ;
#5032 = VECTOR ( 'NONE', #57, 1000.000000000000000 ) ;
#5033 = CARTESIAN_POINT ( 'NONE',  ( -43.50000000000002132, 46.49999999999998579, 2.000000000000000000 ) ) ;
#5034 = CARTESIAN_POINT ( 'NONE',  ( 44.25000000000078870, -31.00000000000002132, 0.000000000000000000 ) ) ;
#5035 = VERTEX_POINT ( 'NONE', #2572 ) ;
#5036 = CARTESIAN_POINT ( 'NONE',  ( -44.24999999999960210, -7.000000000000013323, 2.000000000000000000 ) ) ;
#5037 = ORIENTED_EDGE ( 'NONE', *, *, #6734, .T. ) ;
#5038 = ORIENTED_EDGE ( 'NONE', *, *, #4577, .F. ) ;
#5039 = DIRECTION ( 'NONE',  ( -0.000000000000000000, -0.000000000000000000, -1.000000000000000000 ) ) ;
#5040 = EDGE_CURVE ( 'NONE', #4931, #3337, #4889, .T. ) ;
#5041 = VECTOR ( 'NONE', #2587, 1000.000000000000000 ) ;
#5042 = LINE ( 'NONE', #3366, #2218 ) ;
#5043 = ORIENTED_EDGE ( 'NONE', *, *, #1853, .T. ) ;
#5044 = DIRECTION ( 'NONE',  ( -0.000000000000000000, -0.000000000000000000, -1.000000000000000000 ) ) ;
#5045 = ORIENTED_EDGE ( 'NONE', *, *, #2477, .F. ) ;
#5046 = ORIENTED_EDGE ( 'NONE', *, *, #6056, .T. ) ;
#5047 = VERTEX_POINT ( 'NONE', #4171 ) ;
#5048 = DIRECTION ( 'NONE',  ( -0.000000000000000000, -0.000000000000000000, -1.000000000000000000 ) ) ;
#5049 = CARTESIAN_POINT ( 'NONE',  ( -31.75000000000000000, 43.99999999999998579, 2.000000000000000000 ) ) ;
#5050 = DIRECTION ( 'NONE',  ( 0.000000000000000000, -1.000000000000000000, 0.000000000000000000 ) ) ;
#5051 = DIRECTION ( 'NONE',  ( -0.000000000000000000, -0.000000000000000000, -1.000000000000000000 ) ) ;
#5052 = ORIENTED_EDGE ( 'NONE', *, *, #4175, .T. ) ;
#5053 = EDGE_CURVE ( 'NONE', #2909, #3700, #3562, .T. ) ;
#5054 = DIRECTION ( 'NONE',  ( 1.000000000000000000, 0.000000000000000000, 0.000000000000000000 ) ) ;
#5055 = ADVANCED_FACE ( 'NONE', ( #1995 ), #6631, .F. ) ;
#5056 = FACE_OUTER_BOUND ( 'NONE', #1969, .T. ) ;
#5057 = VECTOR ( 'NONE', #5285, 1000.000000000000000 ) ;
#5058 = EDGE_CURVE ( 'NONE', #3489, #3872, #5315, .T. ) ;
#5060 = VERTEX_POINT ( 'NONE', #4057 ) ;
#5059 = ADVANCED_FACE ( 'NONE', ( #2959 ), #3486, .T. ) ;
#5061 = LINE ( 'NONE', #6744, #2943 ) ;
#5062 = VECTOR ( 'NONE', #1680, 1000.000000000000000 ) ;
#5063 = EDGE_CURVE ( 'NONE', #1460, #2525, #6378, .T. ) ;
#5064 = DIRECTION ( 'NONE',  ( -0.000000000000000000, -0.000000000000000000, -1.000000000000000000 ) ) ;
#5065 = CYLINDRICAL_SURFACE ( 'NONE', #3924, 1.000000000000000888 ) ;
#5066 = FACE_BOUND ( 'NONE', #3673, .T. ) ;
#5067 = EDGE_CURVE ( 'NONE', #4546, #6897, #672, .T. ) ;
#5068 = DIRECTION ( 'NONE',  ( 1.000000000000000000, 0.000000000000000000, 0.000000000000000000 ) ) ;
#5069 = ADVANCED_FACE ( 'NONE', ( #32 ), #4676, .F. ) ;
#5070 = AXIS2_PLACEMENT_3D ( 'NONE', #5534, #804, #6671 ) ;
#5071 = ORIENTED_EDGE ( 'NONE', *, *, #2969, .F. ) ;
#5072 = DIRECTION ( 'NONE',  ( -0.000000000000000000, 0.000000000000000000, -1.000000000000000000 ) ) ;
#5073 = AXIS2_PLACEMENT_3D ( 'NONE', #5332, #5405, #4722 ) ;
#5074 = EDGE_LOOP ( 'NONE', ( #5766, #6852, #3893, #2228 ) ) ;
#5075 = ORIENTED_EDGE ( 'NONE', *, *, #6939, .T. ) ;
#5076 = CARTESIAN_POINT ( 'NONE',  ( -11.74999999999940670, -13.00000000000001066, 0.000000000000000000 ) ) ;
#5077 = DIRECTION ( 'NONE',  ( 1.000000000000000000, 0.000000000000000000, 0.000000000000000000 ) ) ;
#5078 = CIRCLE ( 'NONE', #221, 0.9999999999999974465 ) ;
#5079 = CARTESIAN_POINT ( 'NONE',  ( -26.24999999999959144, 5.999999999999984901, 2.000000000000000000 ) ) ;
#5080 = EDGE_CURVE ( 'NONE', #5230, #4561, #1199, .T. ) ;
#5081 = VERTEX_POINT ( 'NONE', #1530 ) ;
#5082 = CYLINDRICAL_SURFACE ( 'NONE', #4023, 1.000000000000000888 ) ;
#5083 = ORIENTED_EDGE ( 'NONE', *, *, #4762, .T. ) ;
#5084 = AXIS2_PLACEMENT_3D ( 'NONE', #50, #1713, #2935 ) ;
#5085 = ORIENTED_EDGE ( 'NONE', *, *, #4702, .F. ) ;
#5086 = ORIENTED_EDGE ( 'NONE', *, *, #4014, .T. ) ;
#5087 = CARTESIAN_POINT ( 'NONE',  ( -12.74999999999960210, -7.000000000000013323, 2.000000000000000000 ) ) ;
#5088 = DIRECTION ( 'NONE',  ( -0.000000000000000000, -0.000000000000000000, -1.000000000000000000 ) ) ;
#5089 = CARTESIAN_POINT ( 'NONE',  ( 12.74999999999999822, 44.99999999999997868, 2.000000000000000000 ) ) ;
#5090 = AXIS2_PLACEMENT_3D ( 'NONE', #5544, #1932, #7137 ) ;
#5091 = DIRECTION ( 'NONE',  ( 0.000000000000000000, 0.000000000000000000, 1.000000000000000000 ) ) ;
#5092 = ORIENTED_EDGE ( 'NONE', *, *, #2673, .T. ) ;
#5093 = DIRECTION ( 'NONE',  ( -0.000000000000000000, -0.000000000000000000, -1.000000000000000000 ) ) ;
#5094 = VERTEX_POINT ( 'NONE', #1566 ) ;
#5095 = VECTOR ( 'NONE', #1827, 1000.000000000000000 ) ;
#5096 = CARTESIAN_POINT ( 'NONE',  ( 7.249999999999999112, 31.99999999999998579, 2.000000000000000000 ) ) ;
#5097 = EDGE_CURVE ( 'NONE', #2457, #6588, #6815, .T. ) ;
#5098 = CARTESIAN_POINT ( 'NONE',  ( -44.24999999999960210, -7.000000000000013323, 2.000000000000000000 ) ) ;
#5099 = VECTOR ( 'NONE', #5115, 1000.000000000000000 ) ;
#5100 = CARTESIAN_POINT ( 'NONE',  ( 12.75000000000079581, -32.00000000000001421, 0.000000000000000000 ) ) ;
#5101 = EDGE_CURVE ( 'NONE', #55, #3847, #6782, .T. ) ;
#5102 = ORIENTED_EDGE ( 'NONE', *, *, #6271, .F. ) ;
#5103 = DIRECTION ( 'NONE',  ( -0.000000000000000000, -0.000000000000000000, -1.000000000000000000 ) ) ;
#5104 = CARTESIAN_POINT ( 'NONE',  ( 12.75000000000019895, 24.99999999999998579, 2.000000000000000000 ) ) ;
#5105 = LINE ( 'NONE', #4541, #3188 ) ;
#5106 = AXIS2_PLACEMENT_3D ( 'NONE', #1923, #3589, #5882 ) ;
#5107 = LINE ( 'NONE', #1066, #2655 ) ;
#5108 = CARTESIAN_POINT ( 'NONE',  ( 45.25000000000039790, 5.999999999999984901, 2.000000000000000000 ) ) ;
#5109 = VECTOR ( 'NONE', #2023, 1000.000000000000000 ) ;
#5110 = EDGE_LOOP ( 'NONE', ( #3542, #256, #5419, #5362 ) ) ;
#5111 = ORIENTED_EDGE ( 'NONE', *, *, #3754, .F. ) ;
#5112 = DIRECTION ( 'NONE',  ( 1.000000000000000000, 0.000000000000000000, 0.000000000000000000 ) ) ;
#5113 = AXIS2_PLACEMENT_3D ( 'NONE', #184, #35, #4173 ) ;
#5114 = EDGE_CURVE ( 'NONE', #5197, #5330, #4462, .T. ) ;
#5115 = DIRECTION ( 'NONE',  ( -0.000000000000000000, 1.000000000000000000, -0.000000000000000000 ) ) ;
#5116 = CARTESIAN_POINT ( 'NONE',  ( 28.49999999999999645, -28.49999999999998934, 0.000000000000000000 ) ) ;
#5117 = ORIENTED_EDGE ( 'NONE', *, *, #1767, .T. ) ;
#5118 = CARTESIAN_POINT ( 'NONE',  ( -45.24999999999919709, -44.00000000000001421, 2.000000000000000000 ) ) ;
#5119 = ORIENTED_EDGE ( 'NONE', *, *, #3846, .F. ) ;
#5120 = AXIS2_PLACEMENT_3D ( 'NONE', #3975, #6291, #6329 ) ;
#5121 = ORIENTED_EDGE ( 'NONE', *, *, #3760, .T. ) ;
#5122 = EDGE_LOOP ( 'NONE', ( #36, #5449, #2732, #4677 ) ) ;
#5123 = CARTESIAN_POINT ( 'NONE',  ( 7.250000000000595968, -13.00000000000001066, 2.000000000000000000 ) ) ;
#5124 = DIRECTION ( 'NONE',  ( 0.000000000000000000, 0.000000000000000000, 1.000000000000000000 ) ) ;
#5125 = DIRECTION ( 'NONE',  ( 0.000000000000000000, 0.000000000000000000, 1.000000000000000000 ) ) ;
#5126 = FACE_OUTER_BOUND ( 'NONE', #5195, .T. ) ;
#5127 = ORIENTED_EDGE ( 'NONE', *, *, #2922, .T. ) ;
#5128 = CARTESIAN_POINT ( 'NONE',  ( -44.24999999999960210, -7.000000000000013323, 0.000000000000000000 ) ) ;
#5129 = CIRCLE ( 'NONE', #2820, 1.000000000000000888 ) ;
#5130 = EDGE_LOOP ( 'NONE', ( #5459, #6290, #781, #338 ) ) ;
#5131 = ORIENTED_EDGE ( 'NONE', *, *, #6407, .F. ) ;
#5132 = VECTOR ( 'NONE', #5204, 1000.000000000000000 ) ;
#5133 = CARTESIAN_POINT ( 'NONE',  ( -44.25000000000000000, 30.99999999999998579, 2.000000000000000000 ) ) ;
#5134 = ADVANCED_FACE ( 'NONE', ( #957 ), #6672, .F. ) ;
#5135 = VECTOR ( 'NONE', #3519, 1000.000000000000000 ) ;
#5136 = CARTESIAN_POINT ( 'NONE',  ( 26.25000000000079226, -44.00000000000001421, 2.000000000000000000 ) ) ;
#5137 = DIRECTION ( 'NONE',  ( 0.000000000000000000, -1.000000000000000000, 0.000000000000000000 ) ) ;
#5138 = EDGE_CURVE ( 'NONE', #2432, #2500, #286, .T. ) ;
#5139 = CIRCLE ( 'NONE', #1251, 1.000000000000000888 ) ;
#5140 = ORIENTED_EDGE ( 'NONE', *, *, #468, .T. ) ;
#5141 = CIRCLE ( 'NONE', #5270, 0.9999999999999974465 ) ;
#5142 = CARTESIAN_POINT ( 'NONE',  ( 29.69999999999999574, -28.49999999999998934, 8.572527594031469492E-17 ) ) ;
#5143 = CARTESIAN_POINT ( 'NONE',  ( -7.249999999999596767, -6.000000000000012434, 2.000000000000000000 ) ) ;
#5144 = CARTESIAN_POINT ( 'NONE',  ( -30.75000000000000000, 31.99999999999998579, 2.000000000000000000 ) ) ;
#5145 = FACE_BOUND ( 'NONE', #5277, .T. ) ;
#5146 = CARTESIAN_POINT ( 'NONE',  ( 30.75000000000020250, 24.99999999999998579, 2.000000000000000000 ) ) ;
#5147 = VERTEX_POINT ( 'NONE', #3891 ) ;
#5148 = VECTOR ( 'NONE', #4501, 1000.000000000000000 ) ;
#5149 = ORIENTED_EDGE ( 'NONE', *, *, #4404, .F. ) ;
#5150 = ORIENTED_EDGE ( 'NONE', *, *, #7425, .T. ) ;
#5151 = DIRECTION ( 'NONE',  ( 0.000000000000000000, 0.000000000000000000, 1.000000000000000000 ) ) ;
#5152 = AXIS2_PLACEMENT_3D ( 'NONE', #5650, #434, #4580 ) ;
#5153 = EDGE_CURVE ( 'NONE', #6025, #7248, #321, .T. ) ;
#5154 = LINE ( 'NONE', #2185, #834 ) ;
#5155 = LINE ( 'NONE', #5764, #5875 ) ;
#5156 = ORIENTED_EDGE ( 'NONE', *, *, #1570, .F. ) ;
#5157 = LINE ( 'NONE', #1578, #1591 ) ;
#5158 = ORIENTED_EDGE ( 'NONE', *, *, #2564, .T. ) ;
#5159 = ADVANCED_FACE ( 'NONE', ( #359 ), #4350, .F. ) ;
#5160 = EDGE_CURVE ( 'NONE', #3317, #6266, #563, .T. ) ;
#5161 = ORIENTED_EDGE ( 'NONE', *, *, #793, .T. ) ;
#5162 = EDGE_CURVE ( 'NONE', #6436, #508, #4388, .T. ) ;
#5163 = ORIENTED_EDGE ( 'NONE', *, *, #141, .F. ) ;
#5164 = ADVANCED_FACE ( 'NONE', ( #5607 ), #7389, .T. ) ;
#5165 = EDGE_CURVE ( 'NONE', #4433, #2967, #2033, .T. ) ;
#5166 = DIRECTION ( 'NONE',  ( -1.000000000000000000, 0.000000000000000000, 0.000000000000000000 ) ) ;
#5167 = LINE ( 'NONE', #6231, #5132 ) ;
#5168 = DIRECTION ( 'NONE',  ( -0.000000000000000000, -0.000000000000000000, -1.000000000000000000 ) ) ;
#5169 = ORIENTED_EDGE ( 'NONE', *, *, #7523, .F. ) ;
#5170 = PLANE ( 'NONE',  #5239 ) ;
#5171 = ORIENTED_EDGE ( 'NONE', *, *, #6214, .F. ) ;
#5172 = DIRECTION ( 'NONE',  ( -1.000000000000000000, 0.000000000000000000, 0.000000000000000000 ) ) ;
#5173 = VECTOR ( 'NONE', #3320, 1000.000000000000000 ) ;
#5174 = EDGE_LOOP ( 'NONE', ( #6250, #1087, #3093, #7004 ) ) ;
#5175 = DIRECTION ( 'NONE',  ( -0.000000000000000000, -0.000000000000000000, -1.000000000000000000 ) ) ;
#5176 = DIRECTION ( 'NONE',  ( -1.000000000000000000, -0.000000000000000000, -0.000000000000000000 ) ) ;
#5177 = FILL_AREA_STYLE_COLOUR ( '', #6088 ) ;
#5178 = ORIENTED_EDGE ( 'NONE', *, *, #2412, .F. ) ;
#5179 = DIRECTION ( 'NONE',  ( -0.000000000000000000, -0.000000000000000000, -1.000000000000000000 ) ) ;
#5180 = CARTESIAN_POINT ( 'NONE',  ( -45.24999999999939604, -13.00000000000001066, 2.000000000000000000 ) ) ;
#5181 = CARTESIAN_POINT ( 'NONE',  ( -44.24999999999919709, -31.00000000000002132, 2.000000000000000000 ) ) ;
#5182 = VECTOR ( 'NONE', #1741, 1000.000000000000000 ) ;
#5183 = FACE_BOUND ( 'NONE', #2617, .T. ) ;
#5184 = DIRECTION ( 'NONE',  ( -1.000000000000000000, 0.000000000000000000, 0.000000000000000000 ) ) ;
#5185 = ORIENTED_EDGE ( 'NONE', *, *, #1911, .F. ) ;
#5186 = ORIENTED_EDGE ( 'NONE', *, *, #6350, .F. ) ;
#5187 = VERTEX_POINT ( 'NONE', #395 ) ;
#5188 = ORIENTED_EDGE ( 'NONE', *, *, #6651, .F. ) ;
#5189 = DIRECTION ( 'NONE',  ( -0.000000000000000000, -0.000000000000000000, -1.000000000000000000 ) ) ;
#5190 = DIRECTION ( 'NONE',  ( 1.000000000000000000, 0.000000000000000000, 0.000000000000000000 ) ) ;
#5191 = AXIS2_PLACEMENT_3D ( 'NONE', #4310, #6629, #1416 ) ;
#5192 = EDGE_CURVE ( 'NONE', #3423, #3835, #2145, .T. ) ;
#5193 = LINE ( 'NONE', #5727, #2593 ) ;
#5194 = CIRCLE ( 'NONE', #3129, 1.000000000000000888 ) ;
#5195 = EDGE_LOOP ( 'NONE', ( #4164, #3063, #1951, #1695 ) ) ;
#5196 = CARTESIAN_POINT ( 'NONE',  ( -31.74999999999940314, -12.00000000000001776, 0.000000000000000000 ) ) ;
#5197 = VERTEX_POINT ( 'NONE', #5000 ) ;
#5198 = ADVANCED_FACE ( 'NONE', ( #3854 ), #7318, .T. ) ;
#5199 = VERTEX_POINT ( 'NONE', #5034 ) ;
#5200 = AXIS2_PLACEMENT_3D ( 'NONE', #6514, #5832, #2938 ) ;
#5201 = ORIENTED_EDGE ( 'NONE', *, *, #6327, .F. ) ;
#5202 = CIRCLE ( 'NONE', #941, 0.9999999999999974465 ) ;
#5203 = CARTESIAN_POINT ( 'NONE',  ( -44.24999999999940314, -26.00000000000001066, 0.000000000000000000 ) ) ;
#5204 = DIRECTION ( 'NONE',  ( -1.000000000000000000, -0.000000000000000000, -0.000000000000000000 ) ) ;
#5205 = CARTESIAN_POINT ( 'NONE',  ( 45.25000000000059686, -13.00000000000001066, 2.000000000000000000 ) ) ;
#5206 = ORIENTED_EDGE ( 'NONE', *, *, #3719, .F. ) ;
#5207 = CARTESIAN_POINT ( 'NONE',  ( 6.249999999999998224, 30.99999999999998579, 2.000000000000000000 ) ) ;
#5208 = CIRCLE ( 'NONE', #6179, 1.000000000000000888 ) ;
#5209 = VERTEX_POINT ( 'NONE', #6178 ) ;
#5210 = FACE_OUTER_BOUND ( 'NONE', #3904, .T. ) ;
#5211 = EDGE_CURVE ( 'NONE', #2380, #579, #6392, .T. ) ;
#5212 = ORIENTED_EDGE ( 'NONE', *, *, #1902, .F. ) ;
#5213 = ORIENTED_EDGE ( 'NONE', *, *, #5552, .T. ) ;
#5214 = EDGE_CURVE ( 'NONE', #2110, #6323, #7368, .T. ) ;
#5215 = CARTESIAN_POINT ( 'NONE',  ( 44.25000000000039790, -6.000000000000012434, 0.000000000000000000 ) ) ;
#5216 = EDGE_CURVE ( 'NONE', #5014, #5770, #4824, .T. ) ;
#5217 = CARTESIAN_POINT ( 'NONE',  ( -28.49999999999998934, -28.50000000000000355, 2.000000000000000000 ) ) ;
#5218 = CARTESIAN_POINT ( 'NONE',  ( -44.24999999999940314, -12.00000000000001776, 2.000000000000000000 ) ) ;
#5219 = ORIENTED_EDGE ( 'NONE', *, *, #4940, .T. ) ;
#5220 = DIRECTION ( 'NONE',  ( -0.000000000000000000, -0.000000000000000000, -1.000000000000000000 ) ) ;
#5221 = FACE_OUTER_BOUND ( 'NONE', #5130, .T. ) ;
#5222 = LINE ( 'NONE', #5873, #4789 ) ;
#5223 = ORIENTED_EDGE ( 'NONE', *, *, #6320, .T. ) ;
#5224 = FACE_BOUND ( 'NONE', #6935, .T. ) ;
#5225 = VERTEX_POINT ( 'NONE', #6318 ) ;
#5226 = LINE ( 'NONE', #1142, #4711 ) ;
#5227 = ORIENTED_EDGE ( 'NONE', *, *, #4448, .T. ) ;
#5228 = ORIENTED_EDGE ( 'NONE', *, *, #7046, .F. ) ;
#5229 = VERTEX_POINT ( 'NONE', #2863 ) ;
#5230 = VERTEX_POINT ( 'NONE', #6850 ) ;
#5231 = PLANE ( 'NONE',  #5643 ) ;
#5232 = CARTESIAN_POINT ( 'NONE',  ( 31.75000000000040146, 6.999999999999978684, 0.000000000000000000 ) ) ;
#5233 = VECTOR ( 'NONE', #6349, 1000.000000000000000 ) ;
#5234 = CARTESIAN_POINT ( 'NONE',  ( -31.74999999999920419, -31.00000000000002132, 2.000000000000000000 ) ) ;
#5235 = EDGE_LOOP ( 'NONE', ( #3514, #7515, #5150, #1284 ) ) ;
#5236 = DIRECTION ( 'NONE',  ( 1.000000000000000000, 0.000000000000000000, 0.000000000000000000 ) ) ;
#5237 = ORIENTED_EDGE ( 'NONE', *, *, #1255, .F. ) ;
#5238 = EDGE_CURVE ( 'NONE', #3762, #5616, #2826, .T. ) ;
#5239 = AXIS2_PLACEMENT_3D ( 'NONE', #3414, #4524, #4596 ) ;
#5240 = ORIENTED_EDGE ( 'NONE', *, *, #3732, .F. ) ;
#5241 = ORIENTED_EDGE ( 'NONE', *, *, #337, .F. ) ;
#5242 = DIRECTION ( 'NONE',  ( 0.000000000000000000, -1.000000000000000000, 0.000000000000000000 ) ) ;
#5243 = CARTESIAN_POINT ( 'NONE',  ( 7.250000000000395239, 5.999999999999984901, 2.000000000000000000 ) ) ;
#5244 = EDGE_CURVE ( 'NONE', #4707, #3237, #2329, .T. ) ;
#5245 = DIRECTION ( 'NONE',  ( -1.000000000000000000, 0.000000000000000000, 0.000000000000000000 ) ) ;
#5246 = CARTESIAN_POINT ( 'NONE',  ( -6.249999999999200639, -45.00000000000001421, 2.000000000000000000 ) ) ;
#5247 = VECTOR ( 'NONE', #3869, 1000.000000000000000 ) ;
#5248 = EDGE_LOOP ( 'NONE', ( #174, #3380, #5460, #5958, #4205, #1628, #6851, #2536 ) ) ;
#5249 = FACE_OUTER_BOUND ( 'NONE', #3989, .T. ) ;
#5250 = ORIENTED_EDGE ( 'NONE', *, *, #6739, .T. ) ;
#5251 = DIRECTION ( 'NONE',  ( -0.000000000000000000, -0.000000000000000000, -1.000000000000000000 ) ) ;
#5252 = VECTOR ( 'NONE', #1748, 1000.000000000000000 ) ;
#5253 = ORIENTED_EDGE ( 'NONE', *, *, #1377, .F. ) ;
#5254 = LINE ( 'NONE', #2314, #5527 ) ;
#5255 = EDGE_CURVE ( 'NONE', #1733, #3029, #1759, .T. ) ;
#5256 = DIRECTION ( 'NONE',  ( 0.000000000000000000, 1.000000000000000000, 0.000000000000000000 ) ) ;
#5257 = CARTESIAN_POINT ( 'NONE',  ( 11.75000000000060041, -13.00000000000001066, 0.000000000000000000 ) ) ;
#5258 = VECTOR ( 'NONE', #6810, 1000.000000000000000 ) ;
#5259 = DIRECTION ( 'NONE',  ( 0.000000000000000000, -0.000000000000000000, -1.000000000000000000 ) ) ;
#5260 = ADVANCED_FACE ( 'NONE', ( #7461 ), #2369, .F. ) ;
#5261 = AXIS2_PLACEMENT_3D ( 'NONE', #5966, #2507, #742 ) ;
#5262 = EDGE_CURVE ( 'NONE', #2178, #2840, #3733, .T. ) ;
#5263 = CARTESIAN_POINT ( 'NONE',  ( 12.75000000000019895, 11.99999999999998579, 2.000000000000000000 ) ) ;
#5264 = DIRECTION ( 'NONE',  ( 0.000000000000000000, 0.000000000000000000, 1.000000000000000000 ) ) ;
#5265 = DIRECTION ( 'NONE',  ( 1.000000000000000000, 0.000000000000000000, 0.000000000000000000 ) ) ;
#5266 = DIRECTION ( 'NONE',  ( 0.000000000000000000, -1.000000000000000000, 0.000000000000000000 ) ) ;
#5267 = CARTESIAN_POINT ( 'NONE',  ( 30.75000000000000711, 43.99999999999998579, 2.000000000000000000 ) ) ;
#5268 = ORIENTED_EDGE ( 'NONE', *, *, #7299, .T. ) ;
#5269 = VECTOR ( 'NONE', #3410, 1000.000000000000000 ) ;
#5270 = AXIS2_PLACEMENT_3D ( 'NONE', #2785, #2139, #536 ) ;
#5271 = ORIENTED_EDGE ( 'NONE', *, *, #6964, .T. ) ;
#5272 = CARTESIAN_POINT ( 'NONE',  ( -31.74999999999920419, -45.00000000000001421, 2.000000000000000000 ) ) ;
#5273 = CARTESIAN_POINT ( 'NONE',  ( -6.249999999999797495, 12.99999999999998757, 2.000000000000000000 ) ) ;
#5274 = DIRECTION ( 'NONE',  ( 1.000000000000000000, 0.000000000000000000, 0.000000000000000000 ) ) ;
#5275 = ORIENTED_EDGE ( 'NONE', *, *, #6772, .F. ) ;
#5276 = LINE ( 'NONE', #2649, #6098 ) ;
#5277 = EDGE_LOOP ( 'NONE', ( #580, #2765, #4112, #4662, #1964, #886, #1312, #6561 ) ) ;
#5278 = EDGE_LOOP ( 'NONE', ( #623, #4758, #7198, #4636 ) ) ;
#5279 = ORIENTED_EDGE ( 'NONE', *, *, #329, .T. ) ;
#5280 = EDGE_CURVE ( 'NONE', #5931, #4078, #2251, .T. ) ;
#5281 = DIRECTION ( 'NONE',  ( -1.000000000000000000, 0.000000000000000000, 0.000000000000000000 ) ) ;
#5282 = LINE ( 'NONE', #6832, #3922 ) ;
#5283 = DIRECTION ( 'NONE',  ( 1.000000000000000000, 0.000000000000000000, 0.000000000000000000 ) ) ;
#5284 = AXIS2_PLACEMENT_3D ( 'NONE', #1954, #1989, #6592 ) ;
#5285 = DIRECTION ( 'NONE',  ( 1.000000000000000000, 0.000000000000000000, 0.000000000000000000 ) ) ;
#5286 = ORIENTED_EDGE ( 'NONE', *, *, #7381, .F. ) ;
#5287 = CIRCLE ( 'NONE', #7343, 1.000000000000000888 ) ;
#5288 = CARTESIAN_POINT ( 'NONE',  ( -6.249999999999402256, -13.00000000000001066, 0.000000000000000000 ) ) ;
#5289 = ORIENTED_EDGE ( 'NONE', *, *, #1003, .T. ) ;
#5290 = CARTESIAN_POINT ( 'NONE',  ( 12.75000000000019895, 25.99999999999997868, 2.000000000000000000 ) ) ;
#5291 = ORIENTED_EDGE ( 'NONE', *, *, #5466, .T. ) ;
#5292 = CARTESIAN_POINT ( 'NONE',  ( 12.74999999999999822, 43.99999999999998579, 2.000000000000000000 ) ) ;
#5293 = LINE ( 'NONE', #2513, #570 ) ;
#5294 = VECTOR ( 'NONE', #5470, 1000.000000000000000 ) ;
#5295 = EDGE_CURVE ( 'NONE', #5543, #3289, #2900, .T. ) ;
#5296 = LINE ( 'NONE', #7037, #5884 ) ;
#5297 = EDGE_CURVE ( 'NONE', #6040, #6809, #6886, .T. ) ;
#5298 = DIRECTION ( 'NONE',  ( -0.000000000000000000, 1.000000000000000000, -0.000000000000000000 ) ) ;
#5299 = CARTESIAN_POINT ( 'NONE',  ( 44.25000000000059686, -13.00000000000001066, 0.000000000000000000 ) ) ;
#5300 = DIRECTION ( 'NONE',  ( -0.000000000000000000, -0.000000000000000000, -1.000000000000000000 ) ) ;
#5301 = FACE_BOUND ( 'NONE', #4081, .T. ) ;
#5302 = DIRECTION ( 'NONE',  ( -0.000000000000000000, -0.000000000000000000, -1.000000000000000000 ) ) ;
#5303 = ORIENTED_EDGE ( 'NONE', *, *, #5599, .F. ) ;
#5304 = EDGE_CURVE ( 'NONE', #5701, #7471, #3395, .T. ) ;
#5305 = ORIENTED_EDGE ( 'NONE', *, *, #4606, .F. ) ;
#5306 = VERTEX_POINT ( 'NONE', #5267 ) ;
#5307 = CARTESIAN_POINT ( 'NONE',  ( 31.75000000000079226, -31.00000000000002132, 0.000000000000000000 ) ) ;
#5308 = DIRECTION ( 'NONE',  ( -0.000000000000000000, -0.000000000000000000, -1.000000000000000000 ) ) ;
#5309 = EDGE_CURVE ( 'NONE', #6266, #2898, #3965, .T. ) ;
#5310 = EDGE_CURVE ( 'NONE', #5912, #4529, #2940, .T. ) ;
#5311 = FACE_OUTER_BOUND ( 'NONE', #3017, .T. ) ;
#5312 = AXIS2_PLACEMENT_3D ( 'NONE', #7033, #5436, #6612 ) ;
#5313 = ORIENTED_EDGE ( 'NONE', *, *, #5399, .T. ) ;
#5314 = DIRECTION ( 'NONE',  ( -1.000000000000000000, 0.000000000000000000, 0.000000000000000000 ) ) ;
#5315 = CIRCLE ( 'NONE', #1297, 1.000000000000000888 ) ;
#5316 = ORIENTED_EDGE ( 'NONE', *, *, #6739, .F. ) ;
#5317 = ORIENTED_EDGE ( 'NONE', *, *, #2963, .T. ) ;
#5318 = EDGE_LOOP ( 'NONE', ( #298, #1937, #6213, #3884 ) ) ;
#5319 = DIRECTION ( 'NONE',  ( -0.000000000000000000, -0.000000000000000000, -1.000000000000000000 ) ) ;
#5320 = AXIS2_PLACEMENT_3D ( 'NONE', #2611, #3780, #840 ) ;
#5321 = EDGE_CURVE ( 'NONE', #3191, #4317, #450, .T. ) ;
#5322 = CARTESIAN_POINT ( 'NONE',  ( 6.250000000000394351, -7.000000000000013323, 0.000000000000000000 ) ) ;
#5323 = LINE ( 'NONE', #5928, #3120 ) ;
#5324 = ORIENTED_EDGE ( 'NONE', *, *, #2206, .T. ) ;
#5325 = DIRECTION ( 'NONE',  ( -1.000000000000000000, -0.000000000000000000, -0.000000000000000000 ) ) ;
#5326 = ORIENTED_EDGE ( 'NONE', *, *, #5799, .T. ) ;
#5327 = AXIS2_PLACEMENT_3D ( 'NONE', #1482, #947, #2132 ) ;
#5328 = LINE ( 'NONE', #1323, #4534 ) ;
#5329 = CIRCLE ( 'NONE', #6054, 1.199999999999999734 ) ;
#5330 = VERTEX_POINT ( 'NONE', #6282 ) ;
#5331 = LINE ( 'NONE', #6575, #5095 ) ;
#5332 = CARTESIAN_POINT ( 'NONE',  ( 12.75000000000059330, -25.00000000000000711, 2.000000000000000000 ) ) ;
#5333 = LINE ( 'NONE', #3086, #1876 ) ;
#5334 = CARTESIAN_POINT ( 'NONE',  ( -6.249999999999200639, -45.00000000000001421, 2.000000000000000000 ) ) ;
#5335 = DIRECTION ( 'NONE',  ( 1.000000000000000000, 0.000000000000000000, 0.000000000000000000 ) ) ;
#5336 = LINE ( 'NONE', #4227, #644 ) ;
#5337 = FACE_BOUND ( 'NONE', #4641, .T. ) ;
#5338 = DIRECTION ( 'NONE',  ( -0.000000000000000000, -0.000000000000000000, -1.000000000000000000 ) ) ;
#5339 = VECTOR ( 'NONE', #5391, 1000.000000000000000 ) ;
#5340 = EDGE_LOOP ( 'NONE', ( #65, #6201, #985, #313, #1652, #4153, #2417, #5646 ) ) ;
#5341 = EDGE_CURVE ( 'NONE', #3825, #4517, #1719, .T. ) ;
#5342 = EDGE_LOOP ( 'NONE', ( #1447, #1151, #3758, #591 ) ) ;
#5343 = EDGE_CURVE ( 'NONE', #2489, #2913, #5226, .T. ) ;
#5344 = DIRECTION ( 'NONE',  ( -1.000000000000000000, 0.000000000000000000, 0.000000000000000000 ) ) ;
#5345 = ORIENTED_EDGE ( 'NONE', *, *, #2780, .T. ) ;
#5346 = DIRECTION ( 'NONE',  ( -0.000000000000000000, -0.000000000000000000, -1.000000000000000000 ) ) ;
#5347 = CARTESIAN_POINT ( 'NONE',  ( 31.75000000000059686, -12.00000000000001776, 2.000000000000000000 ) ) ;
#5348 = LINE ( 'NONE', #4666, #6647 ) ;
#5349 = EDGE_LOOP ( 'NONE', ( #4123, #2146, #1203, #1510 ) ) ;
#5350 = DIRECTION ( 'NONE',  ( 0.000000000000000000, -1.000000000000000000, 0.000000000000000000 ) ) ;
#5351 = EDGE_LOOP ( 'NONE', ( #5895, #6786, #557, #364 ) ) ;
#5352 = ORIENTED_EDGE ( 'NONE', *, *, #4304, .F. ) ;
#5353 = ADVANCED_FACE ( 'NONE', ( #13 ), #6965, .T. ) ;
#5354 = ORIENTED_EDGE ( 'NONE', *, *, #1472, .F. ) ;
#5355 = CARTESIAN_POINT ( 'NONE',  ( -26.24999999999939604, -25.00000000000000711, 2.000000000000000000 ) ) ;
#5356 = DIRECTION ( 'NONE',  ( 0.000000000000000000, 0.000000000000000000, 1.000000000000000000 ) ) ;
#5357 = VECTOR ( 'NONE', #7051, 1000.000000000000000 ) ;
#5358 = VERTEX_POINT ( 'NONE', #613 ) ;
#5359 = CARTESIAN_POINT ( 'NONE',  ( -11.74999999999980282, 12.99999999999998757, 2.000000000000000000 ) ) ;
#5360 = VERTEX_POINT ( 'NONE', #53 ) ;
#5361 = CIRCLE ( 'NONE', #4620, 0.9999999999999974465 ) ;
#5362 = ORIENTED_EDGE ( 'NONE', *, *, #5053, .T. ) ;
#5363 = ORIENTED_EDGE ( 'NONE', *, *, #683, .F. ) ;
#5364 = CARTESIAN_POINT ( 'NONE',  ( 28.49999999999998579, 28.49999999999999645, 2.000000000000000000 ) ) ;
#5365 = VECTOR ( 'NONE', #1084, 1000.000000000000000 ) ;
#5366 = CYLINDRICAL_SURFACE ( 'NONE', #5073, 0.9999999999999974465 ) ;
#5367 = FACE_OUTER_BOUND ( 'NONE', #2035, .T. ) ;
#5368 = CARTESIAN_POINT ( 'NONE',  ( -30.74999999999980105, 24.99999999999998579, 0.000000000000000000 ) ) ;
#5369 = VECTOR ( 'NONE', #7177, 1000.000000000000000 ) ;
#5370 = ADVANCED_FACE ( 'NONE', ( #4694 ), #3929, .F. ) ;
#5371 = DIRECTION ( 'NONE',  ( -0.000000000000000000, -0.000000000000000000, -1.000000000000000000 ) ) ;
#5372 = FACE_OUTER_BOUND ( 'NONE', #7428, .T. ) ;
#5373 = FACE_BOUND ( 'NONE', #5497, .T. ) ;
#5374 = FACE_OUTER_BOUND ( 'NONE', #1301, .T. ) ;
#5375 = VERTEX_POINT ( 'NONE', #2214 ) ;
#5376 = VECTOR ( 'NONE', #3885, 1000.000000000000000 ) ;
#5377 = ORIENTED_EDGE ( 'NONE', *, *, #2599, .T. ) ;
#5378 = VECTOR ( 'NONE', #902, 1000.000000000000000 ) ;
#5379 = EDGE_LOOP ( 'NONE', ( #6125, #2810, #2538, #5586, #5913, #3405, #4117, #1862 ) ) ;
#5380 = CARTESIAN_POINT ( 'NONE',  ( -25.24999999999959854, 5.999999999999984901, 2.000000000000000000 ) ) ;
#5381 = AXIS2_PLACEMENT_3D ( 'NONE', #3119, #2972, #80 ) ;
#5382 = FACE_OUTER_BOUND ( 'NONE', #4579, .T. ) ;
#5383 = DIRECTION ( 'NONE',  ( -0.000000000000000000, 1.000000000000000000, -0.000000000000000000 ) ) ;
#5384 = CIRCLE ( 'NONE', #4411, 0.9999999999999940048 ) ;
#5385 = LINE ( 'NONE', #5234, #4718 ) ;
#5386 = ORIENTED_EDGE ( 'NONE', *, *, #6552, .T. ) ;
#5387 = CARTESIAN_POINT ( 'NONE',  ( -44.24999999999919709, -31.00000000000002132, 0.000000000000000000 ) ) ;
#5388 = ORIENTED_EDGE ( 'NONE', *, *, #3907, .F. ) ;
#5389 = ORIENTED_EDGE ( 'NONE', *, *, #5859, .F. ) ;
#5390 = ORIENTED_EDGE ( 'NONE', *, *, #42, .F. ) ;
#5391 = DIRECTION ( 'NONE',  ( -0.000000000000000000, -0.000000000000000000, -1.000000000000000000 ) ) ;
#5392 = FACE_OUTER_BOUND ( 'NONE', #2577, .T. ) ;
#5393 = EDGE_CURVE ( 'NONE', #6330, #5543, #1421, .T. ) ;
#5394 = ORIENTED_EDGE ( 'NONE', *, *, #1244, .F. ) ;
#5395 = CARTESIAN_POINT ( 'NONE',  ( 31.75000000000079226, -31.00000000000002132, 2.000000000000000000 ) ) ;
#5396 = ORIENTED_EDGE ( 'NONE', *, *, #4040, .F. ) ;
#5397 = ADVANCED_FACE ( 'NONE', ( #7122 ), #4844, .F. ) ;
#5398 = PLANE ( 'NONE',  #7085 ) ;
#5399 = EDGE_CURVE ( 'NONE', #1891, #6338, #6045, .T. ) ;
#5400 = EDGE_CURVE ( 'NONE', #4399, #7249, #6649, .T. ) ;
#5401 = VECTOR ( 'NONE', #397, 1000.000000000000000 ) ;
#5402 = DIRECTION ( 'NONE',  ( -0.000000000000000000, -0.000000000000000000, -1.000000000000000000 ) ) ;
#5403 = CARTESIAN_POINT ( 'NONE',  ( 45.25000000000059686, -25.00000000000000711, 2.000000000000000000 ) ) ;
#5404 = VECTOR ( 'NONE', #7126, 1000.000000000000000 ) ;
#5405 = DIRECTION ( 'NONE',  ( -0.000000000000000000, -0.000000000000000000, -1.000000000000000000 ) ) ;
#5406 = CARTESIAN_POINT ( 'NONE',  ( -31.74999999999979750, 24.99999999999998579, 0.000000000000000000 ) ) ;
#5407 = DIRECTION ( 'NONE',  ( -1.595148023886719315E-16, 1.000000000000000000, 0.000000000000000000 ) ) ;
#5408 = CARTESIAN_POINT ( 'NONE',  ( 7.250000000000797584, -44.00000000000001421, 2.000000000000000000 ) ) ;
#5409 = DIRECTION ( 'NONE',  ( 0.000000000000000000, -0.000000000000000000, -1.000000000000000000 ) ) ;
#5410 = VECTOR ( 'NONE', #6046, 1000.000000000000000 ) ;
#5411 = DIRECTION ( 'NONE',  ( 1.000000000000000000, 0.000000000000000000, 0.000000000000000000 ) ) ;
#5412 = DIRECTION ( 'NONE',  ( 0.000000000000000000, 0.000000000000000000, 1.000000000000000000 ) ) ;
#5413 = ORIENTED_EDGE ( 'NONE', *, *, #1354, .T. ) ;
#5414 = VERTEX_POINT ( 'NONE', #2410 ) ;
#5415 = CARTESIAN_POINT ( 'NONE',  ( 12.75000000000059330, -12.00000000000001776, 2.000000000000000000 ) ) ;
#5416 = CARTESIAN_POINT ( 'NONE',  ( -11.74999999999980282, 24.99999999999998579, 2.000000000000000000 ) ) ;
#5417 = DIRECTION ( 'NONE',  ( 1.000000000000000000, 0.000000000000000000, 0.000000000000000000 ) ) ;
#5418 = CARTESIAN_POINT ( 'NONE',  ( 45.25000000000059686, -25.00000000000000711, 0.000000000000000000 ) ) ;
#5419 = ORIENTED_EDGE ( 'NONE', *, *, #2699, .T. ) ;
#5420 = DIRECTION ( 'NONE',  ( -1.000000000000000000, -0.000000000000000000, -0.000000000000000000 ) ) ;
#5421 = ORIENTED_EDGE ( 'NONE', *, *, #1346, .T. ) ;
#5422 = ORIENTED_EDGE ( 'NONE', *, *, #7, .T. ) ;
#5423 = VERTEX_POINT ( 'NONE', #2978 ) ;
#5424 = DIRECTION ( 'NONE',  ( 0.000000000000000000, 0.000000000000000000, 1.000000000000000000 ) ) ;
#5425 = EDGE_CURVE ( 'NONE', #3434, #5923, #5676, .T. ) ;
#5426 = ADVANCED_FACE ( 'NONE', ( #5374 ), #3126, .F. ) ;
#5427 = VECTOR ( 'NONE', #1326, 1000.000000000000000 ) ;
#5428 = CARTESIAN_POINT ( 'NONE',  ( -11.75000000000000355, 43.99999999999998579, 0.000000000000000000 ) ) ;
#5429 = VECTOR ( 'NONE', #414, 1000.000000000000000 ) ;
#5430 = ORIENTED_EDGE ( 'NONE', *, *, #4179, .F. ) ;
#5431 = CARTESIAN_POINT ( 'NONE',  ( 26.24999999999999289, 43.99999999999998579, 2.000000000000000000 ) ) ;
#5432 = EDGE_CURVE ( 'NONE', #4894, #5621, #210, .T. ) ;
#5433 = ORIENTED_EDGE ( 'NONE', *, *, #5859, .T. ) ;
#5434 = ADVANCED_FACE ( 'NONE', ( #2490 ), #795, .T. ) ;
#5435 = ORIENTED_EDGE ( 'NONE', *, *, #379, .T. ) ;
#5436 = DIRECTION ( 'NONE',  ( -1.000000000000000000, 0.000000000000000000, 0.000000000000000000 ) ) ;
#5437 = CYLINDRICAL_SURFACE ( 'NONE', #1926, 1.000000000000000888 ) ;
#5438 = VECTOR ( 'NONE', #1495, 1000.000000000000000 ) ;
#5439 = CYLINDRICAL_SURFACE ( 'NONE', #2196, 0.9999999999999974465 ) ;
#5440 = AXIS2_PLACEMENT_3D ( 'NONE', #3350, #5256, #1869 ) ;
#5441 = DIRECTION ( 'NONE',  ( -1.000000000000000000, 0.000000000000000000, 0.000000000000000000 ) ) ;
#5442 = EDGE_CURVE ( 'NONE', #844, #4859, #6515, .T. ) ;
#5443 = DIRECTION ( 'NONE',  ( -1.000000000000000000, -0.000000000000000000, -0.000000000000000000 ) ) ;
#5444 = PLANE ( 'NONE',  #4536 ) ;
#5445 = DIRECTION ( 'NONE',  ( 1.000000000000000000, 0.000000000000000000, 0.000000000000000000 ) ) ;
#5446 = DIRECTION ( 'NONE',  ( -1.000000000000000000, 0.000000000000000000, 0.000000000000000000 ) ) ;
#5447 = ORIENTED_EDGE ( 'NONE', *, *, #2780, .F. ) ;
#5448 = VECTOR ( 'NONE', #2715, 1000.000000000000000 ) ;
#5449 = ORIENTED_EDGE ( 'NONE', *, *, #2005, .F. ) ;
#5450 = VERTEX_POINT ( 'NONE', #3696 ) ;
#5451 = DIRECTION ( 'NONE',  ( -1.000000000000000000, 0.000000000000000000, 0.000000000000000000 ) ) ;
#5452 = DIRECTION ( 'NONE',  ( -1.000000000000000000, 0.000000000000000000, 0.000000000000000000 ) ) ;
#5453 = DIRECTION ( 'NONE',  ( -0.000000000000000000, -0.000000000000000000, -1.000000000000000000 ) ) ;
#5454 = VECTOR ( 'NONE', #4127, 1000.000000000000000 ) ;
#5455 = CARTESIAN_POINT ( 'NONE',  ( 44.25000000000019185, 11.99999999999998579, 2.000000000000000000 ) ) ;
#5456 = CARTESIAN_POINT ( 'NONE',  ( -44.24999999999979394, 24.99999999999998579, 2.000000000000000000 ) ) ;
#5457 = ORIENTED_EDGE ( 'NONE', *, *, #3383, .T. ) ;
#5458 = CARTESIAN_POINT ( 'NONE',  ( 31.75000000000019540, 25.99999999999997868, 2.000000000000000000 ) ) ;
#5459 = ORIENTED_EDGE ( 'NONE', *, *, #6442, .F. ) ;
#5460 = ORIENTED_EDGE ( 'NONE', *, *, #2475, .T. ) ;
#5461 = EDGE_LOOP ( 'NONE', ( #2966, #1722, #6860, #5973 ) ) ;
#5462 = CARTESIAN_POINT ( 'NONE',  ( -6.249999999999797495, 24.99999999999998579, 0.000000000000000000 ) ) ;
#5463 = DIRECTION ( 'NONE',  ( -0.000000000000000000, -0.000000000000000000, -1.000000000000000000 ) ) ;
#5464 = ORIENTED_EDGE ( 'NONE', *, *, #6111, .F. ) ;
#5465 = CARTESIAN_POINT ( 'NONE',  ( -44.25000000000000000, 43.99999999999998579, 2.000000000000000000 ) ) ;
#5466 = EDGE_CURVE ( 'NONE', #5703, #6338, #7157, .T. ) ;
#5467 = ORIENTED_EDGE ( 'NONE', *, *, #6317, .T. ) ;
#5468 = ORIENTED_EDGE ( 'NONE', *, *, #7388, .F. ) ;
#5469 = ORIENTED_EDGE ( 'NONE', *, *, #3160, .F. ) ;
#5470 = DIRECTION ( 'NONE',  ( 0.000000000000000000, -1.000000000000000000, 0.000000000000000000 ) ) ;
#5471 = VECTOR ( 'NONE', #877, 1000.000000000000000 ) ;
#5472 = DIRECTION ( 'NONE',  ( -0.000000000000000000, -0.000000000000000000, -1.000000000000000000 ) ) ;
#5473 = CARTESIAN_POINT ( 'NONE',  ( 31.75000000000059686, -25.00000000000000711, 2.000000000000000000 ) ) ;
#5474 = VECTOR ( 'NONE', #4533, 1000.000000000000000 ) ;
#5475 = PLANE ( 'NONE',  #1580 ) ;
#5476 = DIRECTION ( 'NONE',  ( 1.000000000000000000, 0.000000000000000000, 0.000000000000000000 ) ) ;
#5477 = EDGE_CURVE ( 'NONE', #5004, #2842, #2265, .T. ) ;
#5478 = VECTOR ( 'NONE', #899, 1000.000000000000000 ) ;
#5479 = DIRECTION ( 'NONE',  ( 1.000000000000000000, 0.000000000000000000, 0.000000000000000000 ) ) ;
#5480 = DIRECTION ( 'NONE',  ( -1.000000000000000000, 0.000000000000000000, 0.000000000000000000 ) ) ;
#5481 = DIRECTION ( 'NONE',  ( 0.000000000000000000, 1.000000000000000000, 0.000000000000000000 ) ) ;
#5482 = DIRECTION ( 'NONE',  ( 1.000000000000000000, 0.000000000000000000, -0.000000000000000000 ) ) ;
#5483 = AXIS2_PLACEMENT_3D ( 'NONE', #6525, #3551, #3592 ) ;
#5484 = ADVANCED_FACE ( 'NONE', ( #4807 ), #1950, .F. ) ;
#5485 = ORIENTED_EDGE ( 'NONE', *, *, #5899, .T. ) ;
#5486 = EDGE_CURVE ( 'NONE', #4796, #508, #690, .T. ) ;
#5487 = EDGE_CURVE ( 'NONE', #2909, #4433, #6278, .T. ) ;
#5488 = ORIENTED_EDGE ( 'NONE', *, *, #783, .F. ) ;
#5489 = LINE ( 'NONE', #800, #3697 ) ;
#5490 = CARTESIAN_POINT ( 'NONE',  ( 44.25000000000019185, 12.99999999999998757, 2.000000000000000000 ) ) ;
#5491 = VECTOR ( 'NONE', #3048, 1000.000000000000000 ) ;
#5492 = CARTESIAN_POINT ( 'NONE',  ( -44.24999999999960210, -7.000000000000013323, 2.000000000000000000 ) ) ;
#5493 = CARTESIAN_POINT ( 'NONE',  ( -6.249999999999402256, -12.00000000000001776, 0.000000000000000000 ) ) ;
#5494 = CARTESIAN_POINT ( 'NONE',  ( 25.25000000000058975, -26.00000000000001066, 0.000000000000000000 ) ) ;
#5495 = CARTESIAN_POINT ( 'NONE',  ( -12.74999999999940492, -25.00000000000000711, 2.000000000000000000 ) ) ;
#5496 = EDGE_CURVE ( 'NONE', #666, #2510, #6587, .T. ) ;
#5497 = EDGE_LOOP ( 'NONE', ( #492, #5201, #2903, #1215, #3563, #5723, #5845, #2113 ) ) ;
#5498 = DIRECTION ( 'NONE',  ( 1.000000000000000000, 0.000000000000000000, 0.000000000000000000 ) ) ;
#5499 = ORIENTED_EDGE ( 'NONE', *, *, #3386, .T. ) ;
#5500 = VECTOR ( 'NONE', #5298, 1000.000000000000000 ) ;
#5501 = ORIENTED_EDGE ( 'NONE', *, *, #189, .T. ) ;
#5502 = EDGE_LOOP ( 'NONE', ( #63, #7246, #6636, #3794, #691, #4252, #3862, #2949 ) ) ;
#5503 = AXIS2_PLACEMENT_3D ( 'NONE', #1082, #7443, #1121 ) ;
#5504 = CARTESIAN_POINT ( 'NONE',  ( -44.24999999999979394, 11.99999999999998579, 0.000000000000000000 ) ) ;
#5505 = CYLINDRICAL_SURFACE ( 'NONE', #1980, 0.9999999999999940048 ) ;
#5506 = CIRCLE ( 'NONE', #4663, 0.9999999999999940048 ) ;
#5507 = VERTEX_POINT ( 'NONE', #6435 ) ;
#5508 = CIRCLE ( 'NONE', #4899, 1.000000000000000888 ) ;
#5509 = LINE ( 'NONE', #6009, #504 ) ;
#5510 = EDGE_LOOP ( 'NONE', ( #1055, #2462, #5924, #5656 ) ) ;
#5511 = VECTOR ( 'NONE', #7441, 1000.000000000000000 ) ;
#5512 = EDGE_LOOP ( 'NONE', ( #1166, #4503, #7259, #5005 ) ) ;
#5513 = VECTOR ( 'NONE', #1098, 1000.000000000000000 ) ;
#5514 = ORIENTED_EDGE ( 'NONE', *, *, #3509, .F. ) ;
#5515 = CARTESIAN_POINT ( 'NONE',  ( 45.25000000000019185, 24.99999999999998579, 2.000000000000000000 ) ) ;
#5516 = CARTESIAN_POINT ( 'NONE',  ( 25.25000000000079226, -32.00000000000001421, 0.000000000000000000 ) ) ;
#5517 = CARTESIAN_POINT ( 'NONE',  ( -31.74999999999979750, 12.99999999999998757, 2.000000000000000000 ) ) ;
#5518 = AXIS2_PLACEMENT_3D ( 'NONE', #48, #994, #4688 ) ;
#5519 = CARTESIAN_POINT ( 'NONE',  ( 28.49999999999998579, 28.49999999999999645, 8.572527594031469492E-17 ) ) ;
#5520 = CYLINDRICAL_SURFACE ( 'NONE', #156, 0.9999999999999940048 ) ;
#5521 = DIRECTION ( 'NONE',  ( 0.000000000000000000, 0.000000000000000000, 1.000000000000000000 ) ) ;
#5522 = DIRECTION ( 'NONE',  ( 0.000000000000000000, -0.000000000000000000, -1.000000000000000000 ) ) ;
#5523 = ORIENTED_EDGE ( 'NONE', *, *, #1260, .T. ) ;
#5524 = EDGE_CURVE ( 'NONE', #2370, #5701, #807, .T. ) ;
#5525 = DIRECTION ( 'NONE',  ( -0.000000000000000000, -0.000000000000000000, -1.000000000000000000 ) ) ;
#5526 = ORIENTED_EDGE ( 'NONE', *, *, #2142, .T. ) ;
#5527 = VECTOR ( 'NONE', #4602, 1000.000000000000000 ) ;
#5528 = EDGE_CURVE ( 'NONE', #4442, #2510, #1220, .T. ) ;
#5529 = ORIENTED_EDGE ( 'NONE', *, *, #681, .T. ) ;
#5530 = CARTESIAN_POINT ( 'NONE',  ( 30.75000000000060396, -13.00000000000001066, 0.000000000000000000 ) ) ;
#5531 = DIRECTION ( 'NONE',  ( -0.000000000000000000, 1.000000000000000000, -0.000000000000000000 ) ) ;
#5532 = CARTESIAN_POINT ( 'NONE',  ( 12.75000000000059330, -26.00000000000001066, 2.000000000000000000 ) ) ;
#5533 = DIRECTION ( 'NONE',  ( 0.000000000000000000, 0.000000000000000000, 1.000000000000000000 ) ) ;
#5534 = CARTESIAN_POINT ( 'NONE',  ( -6.249999999999602984, 5.999999999999984901, 2.000000000000000000 ) ) ;
#5535 = DIRECTION ( 'NONE',  ( 1.000000000000000000, 0.000000000000000000, 0.000000000000000000 ) ) ;
#5536 = ORIENTED_EDGE ( 'NONE', *, *, #1804, .F. ) ;
#5537 = VECTOR ( 'NONE', #822, 1000.000000000000000 ) ;
#5538 = CYLINDRICAL_SURFACE ( 'NONE', #6361, 0.9999999999999940048 ) ;
#5539 = ADVANCED_FACE ( 'NONE', ( #4192 ), #1299, .T. ) ;
#5540 = ORIENTED_EDGE ( 'NONE', *, *, #648, .F. ) ;
#5541 = ORIENTED_EDGE ( 'NONE', *, *, #239, .F. ) ;
#5542 = EDGE_CURVE ( 'NONE', #2198, #6120, #2746, .T. ) ;
#5543 = VERTEX_POINT ( 'NONE', #948 ) ;
#5544 = CARTESIAN_POINT ( 'NONE',  ( -44.24999999999940314, -13.00000000000001066, 2.000000000000000000 ) ) ;
#5545 = EDGE_CURVE ( 'NONE', #6321, #1336, #4091, .T. ) ;
#5546 = PLANE ( 'NONE',  #3548 ) ;
#5547 = ORIENTED_EDGE ( 'NONE', *, *, #2563, .T. ) ;
#5548 = CARTESIAN_POINT ( 'NONE',  ( -6.249999999999797495, 25.99999999999997868, 2.000000000000000000 ) ) ;
#5549 = ORIENTED_EDGE ( 'NONE', *, *, #1180, .T. ) ;
#5550 = ORIENTED_EDGE ( 'NONE', *, *, #6821, .T. ) ;
#5551 = ORIENTED_EDGE ( 'NONE', *, *, #3842, .T. ) ;
#5552 = EDGE_CURVE ( 'NONE', #3586, #725, #6698, .T. ) ;
#5553 = VECTOR ( 'NONE', #1283, 1000.000000000000000 ) ;
#5554 = CARTESIAN_POINT ( 'NONE',  ( -44.24999999999979394, 25.99999999999997868, 2.000000000000000000 ) ) ;
#5555 = DIRECTION ( 'NONE',  ( 1.000000000000000000, 0.000000000000000000, 0.000000000000000000 ) ) ;
#5556 = LINE ( 'NONE', #4371, #3526 ) ;
#5557 = DIRECTION ( 'NONE',  ( 0.000000000000000000, 0.000000000000000000, 1.000000000000000000 ) ) ;
#5558 = AXIS2_PLACEMENT_3D ( 'NONE', #4338, #6623, #5597 ) ;
#5559 = VERTEX_POINT ( 'NONE', #1408 ) ;
#5560 = DIRECTION ( 'NONE',  ( 1.000000000000000000, 0.000000000000000000, 0.000000000000000000 ) ) ;
#5561 = VECTOR ( 'NONE', #1993, 1000.000000000000000 ) ;
#5562 = VECTOR ( 'NONE', #5338, 1000.000000000000000 ) ;
#5563 = DIRECTION ( 'NONE',  ( 0.000000000000000000, 0.000000000000000000, 1.000000000000000000 ) ) ;
#5564 = CARTESIAN_POINT ( 'NONE',  ( 45.25000000000039790, 5.999999999999984901, 2.000000000000000000 ) ) ;
#5565 = AXIS2_PLACEMENT_3D ( 'NONE', #1298, #1877, #2366 ) ;
#5566 = VECTOR ( 'NONE', #530, 1000.000000000000000 ) ;
#5567 = ORIENTED_EDGE ( 'NONE', *, *, #2963, .F. ) ;
#5568 = LINE ( 'NONE', #354, #4528 ) ;
#5569 = CARTESIAN_POINT ( 'NONE',  ( -12.74999999999940492, -25.00000000000000711, 2.000000000000000000 ) ) ;
#5570 = DIRECTION ( 'NONE',  ( 0.000000000000000000, 0.000000000000000000, 1.000000000000000000 ) ) ;
#5571 = DIRECTION ( 'NONE',  ( -0.000000000000000000, 0.000000000000000000, -1.000000000000000000 ) ) ;
#5572 = EDGE_CURVE ( 'NONE', #6897, #2616, #4216, .T. ) ;
#5573 = DIRECTION ( 'NONE',  ( -0.000000000000000000, -0.000000000000000000, -1.000000000000000000 ) ) ;
#5574 = DIRECTION ( 'NONE',  ( 1.000000000000000000, 0.000000000000000000, 0.000000000000000000 ) ) ;
#5575 = VECTOR ( 'NONE', #998, 1000.000000000000000 ) ;
#5576 = EDGE_LOOP ( 'NONE', ( #4882, #5045, #4975, #3545 ) ) ;
#5577 = CARTESIAN_POINT ( 'NONE',  ( 7.250000000000200728, 24.99999999999998579, 2.000000000000000000 ) ) ;
#5578 = EDGE_LOOP ( 'NONE', ( #207, #1388, #4941, #1352 ) ) ;
#5579 = ORIENTED_EDGE ( 'NONE', *, *, #337, .T. ) ;
#5580 = CARTESIAN_POINT ( 'NONE',  ( -31.74999999999920419, -44.00000000000001421, 0.000000000000000000 ) ) ;
#5581 = CARTESIAN_POINT ( 'NONE',  ( -44.24999999999919709, -31.00000000000002132, 0.000000000000000000 ) ) ;
#5582 = ORIENTED_EDGE ( 'NONE', *, *, #5849, .F. ) ;
#5583 = DIRECTION ( 'NONE',  ( -0.000000000000000000, -0.000000000000000000, -1.000000000000000000 ) ) ;
#5584 = VERTEX_POINT ( 'NONE', #4952 ) ;
#5585 = EDGE_CURVE ( 'NONE', #3556, #6404, #7348, .T. ) ;
#5586 = ORIENTED_EDGE ( 'NONE', *, *, #7257, .T. ) ;
#5587 = ORIENTED_EDGE ( 'NONE', *, *, #820, .F. ) ;
#5588 = AXIS2_PLACEMENT_3D ( 'NONE', #4904, #1071, #999 ) ;
#5589 = DIRECTION ( 'NONE',  ( 1.000000000000000000, 0.000000000000000000, 0.000000000000000000 ) ) ;
#5590 = FACE_OUTER_BOUND ( 'NONE', #2155, .T. ) ;
#5591 = CYLINDRICAL_SURFACE ( 'NONE', #737, 0.9999999999999974465 ) ;
#5592 = DIRECTION ( 'NONE',  ( 0.000000000000000000, -0.000000000000000000, 1.000000000000000000 ) ) ;
#5593 = ORIENTED_EDGE ( 'NONE', *, *, #4230, .T. ) ;
#5594 = CARTESIAN_POINT ( 'NONE',  ( 30.75000000000000711, 43.99999999999998579, 2.000000000000000000 ) ) ;
#5595 = VECTOR ( 'NONE', #2700, 1000.000000000000000 ) ;
#5596 = DIRECTION ( 'NONE',  ( -1.000000000000000000, 0.000000000000000000, 0.000000000000000000 ) ) ;
#5597 = DIRECTION ( 'NONE',  ( 1.000000000000000000, 0.000000000000000000, 0.000000000000000000 ) ) ;
#5598 = VECTOR ( 'NONE', #5583, 1000.000000000000000 ) ;
#5599 = EDGE_CURVE ( 'NONE', #7100, #3556, #3483, .T. ) ;
#5600 = EDGE_LOOP ( 'NONE', ( #6458, #2264, #6195, #6154, #4126, #6527, #911, #2293 ) ) ;
#5601 = CARTESIAN_POINT ( 'NONE',  ( -44.25000000000000000, 44.99999999999997868, 0.000000000000000000 ) ) ;
#5602 = LINE ( 'NONE', #390, #6984 ) ;
#5603 = CARTESIAN_POINT ( 'NONE',  ( 6.249999999999998224, 43.99999999999998579, 2.000000000000000000 ) ) ;
#5604 = CIRCLE ( 'NONE', #2319, 0.9999999999999974465 ) ;
#5605 = DIRECTION ( 'NONE',  ( -0.000000000000000000, -0.000000000000000000, -1.000000000000000000 ) ) ;
#5606 = CARTESIAN_POINT ( 'NONE',  ( 7.249999999999996447, 43.99999999999998579, 2.000000000000000000 ) ) ;
#5607 = FACE_OUTER_BOUND ( 'NONE', #7284, .T. ) ;
#5608 = ORIENTED_EDGE ( 'NONE', *, *, #6398, .F. ) ;
#5609 = CARTESIAN_POINT ( 'NONE',  ( 46.50000000000000000, -43.50000000000001421, 2.000000000000000000 ) ) ;
#5610 = AXIS2_PLACEMENT_3D ( 'NONE', #7247, #7169, #6709 ) ;
#5611 = ORIENTED_EDGE ( 'NONE', *, *, #952, .F. ) ;
#5612 = EDGE_LOOP ( 'NONE', ( #7408, #7106, #7469, #6294 ) ) ;
#5613 = DIRECTION ( 'NONE',  ( 1.000000000000000000, 0.000000000000000000, 0.000000000000000000 ) ) ;
#5614 = DIRECTION ( 'NONE',  ( -0.000000000000000000, -0.000000000000000000, -1.000000000000000000 ) ) ;
#5615 = VECTOR ( 'NONE', #7489, 1000.000000000000000 ) ;
#5616 = VERTEX_POINT ( 'NONE', #6170 ) ;
#5617 = EDGE_CURVE ( 'NONE', #2573, #3825, #4452, .T. ) ;
#5618 = LINE ( 'NONE', #6191, #5003 ) ;
#5619 = ORIENTED_EDGE ( 'NONE', *, *, #6050, .F. ) ;
#5620 = VECTOR ( 'NONE', #3763, 1000.000000000000000 ) ;
#5621 = VERTEX_POINT ( 'NONE', #4992 ) ;
#5622 = EDGE_LOOP ( 'NONE', ( #3443, #2844, #1267, #3934 ) ) ;
#5623 = AXIS2_PLACEMENT_3D ( 'NONE', #3275, #5051, #900 ) ;
#5624 = EDGE_CURVE ( 'NONE', #6901, #2850, #2879, .T. ) ;
#5625 = VECTOR ( 'NONE', #6823, 1000.000000000000000 ) ;
#5626 = CYLINDRICAL_SURFACE ( 'NONE', #3917, 1.199999999999999734 ) ;
#5627 = CARTESIAN_POINT ( 'NONE',  ( -11.74999999999960387, 5.999999999999984901, 2.000000000000000000 ) ) ;
#5628 = VECTOR ( 'NONE', #4556, 1000.000000000000000 ) ;
#5629 = LINE ( 'NONE', #2739, #3175 ) ;
#5630 = EDGE_CURVE ( 'NONE', #7463, #3870, #7310, .T. ) ;
#5631 = DIRECTION ( 'NONE',  ( -1.000000000000000000, 0.000000000000000000, 0.000000000000000000 ) ) ;
#5632 = CIRCLE ( 'NONE', #3200, 0.9999999999999974465 ) ;
#5633 = EDGE_LOOP ( 'NONE', ( #6300, #4211, #4247, #6569 ) ) ;
#5634 = DIRECTION ( 'NONE',  ( -0.000000000000000000, -0.000000000000000000, -1.000000000000000000 ) ) ;
#5635 = ADVANCED_FACE ( 'NONE', ( #1522 ), #3882, .F. ) ;
#5636 = DIRECTION ( 'NONE',  ( 0.000000000000000000, -0.000000000000000000, 1.000000000000000000 ) ) ;
#5637 = CARTESIAN_POINT ( 'NONE',  ( 31.75000000000040146, -6.000000000000012434, 0.000000000000000000 ) ) ;
#5638 = ORIENTED_EDGE ( 'NONE', *, *, #2446, .T. ) ;
#5639 = DIRECTION ( 'NONE',  ( -1.000000000000000000, -0.000000000000000000, -0.000000000000000000 ) ) ;
#5640 = ADVANCED_FACE ( 'NONE', ( #312 ), #2636, .T. ) ;
#5641 = CYLINDRICAL_SURFACE ( 'NONE', #4685, 1.000000000000000888 ) ;
#5642 = FACE_OUTER_BOUND ( 'NONE', #5510, .T. ) ;
#5643 = AXIS2_PLACEMENT_3D ( 'NONE', #4618, #6928, #1724 ) ;
#5644 = DIRECTION ( 'NONE',  ( 0.000000000000000000, 0.000000000000000000, 1.000000000000000000 ) ) ;
#5645 = CARTESIAN_POINT ( 'NONE',  ( -12.74999999999980282, 12.99999999999998757, 2.000000000000000000 ) ) ;
#5646 = ORIENTED_EDGE ( 'NONE', *, *, #7104, .F. ) ;
#5647 = CARTESIAN_POINT ( 'NONE',  ( 6.249999999999998224, 30.99999999999998579, 2.000000000000000000 ) ) ;
#5648 = ORIENTED_EDGE ( 'NONE', *, *, #2554, .F. ) ;
#5649 = EDGE_LOOP ( 'NONE', ( #1900, #7250, #7044, #597 ) ) ;
#5650 = CARTESIAN_POINT ( 'NONE',  ( 31.75000000000059686, -13.00000000000001066, 2.000000000000000000 ) ) ;
#5651 = CARTESIAN_POINT ( 'NONE',  ( -31.74999999999940314, -25.00000000000000711, 2.000000000000000000 ) ) ;
#5652 = VECTOR ( 'NONE', #1401, 1000.000000000000000 ) ;
#5653 = LINE ( 'NONE', #3901, #6474 ) ;
#5654 = ORIENTED_EDGE ( 'NONE', *, *, #407, .T. ) ;
#5655 = DIRECTION ( 'NONE',  ( 1.000000000000000000, 0.000000000000000000, 0.000000000000000000 ) ) ;
#5656 = ORIENTED_EDGE ( 'NONE', *, *, #4075, .T. ) ;
#5657 = ORIENTED_EDGE ( 'NONE', *, *, #6401, .F. ) ;
#5658 = VERTEX_POINT ( 'NONE', #3810 ) ;
#5659 = EDGE_CURVE ( 'NONE', #3221, #1337, #6137, .T. ) ;
#5660 = CARTESIAN_POINT ( 'NONE',  ( 31.75000000000000000, 30.99999999999998579, 2.000000000000000000 ) ) ;
#5661 = DIRECTION ( 'NONE',  ( -0.000000000000000000, -0.000000000000000000, -1.000000000000000000 ) ) ;
#5662 = CARTESIAN_POINT ( 'NONE',  ( -26.24999999999919353, -32.00000000000001421, 2.000000000000000000 ) ) ;
#5663 = EDGE_CURVE ( 'NONE', #109, #3293, #5718, .T. ) ;
#5664 = CARTESIAN_POINT ( 'NONE',  ( 26.24999999999999645, 43.99999999999998579, 0.000000000000000000 ) ) ;
#5665 = ORIENTED_EDGE ( 'NONE', *, *, #2006, .F. ) ;
#5666 = LINE ( 'NONE', #449, #3553 ) ;
#5667 = ORIENTED_EDGE ( 'NONE', *, *, #1415, .F. ) ;
#5668 = DIRECTION ( 'NONE',  ( 0.000000000000000000, 0.000000000000000000, 1.000000000000000000 ) ) ;
#5669 = CARTESIAN_POINT ( 'NONE',  ( 45.25000000000039790, 5.999999999999984901, 0.000000000000000000 ) ) ;
#5670 = CARTESIAN_POINT ( 'NONE',  ( -45.24999999999999289, 43.99999999999998579, 0.000000000000000000 ) ) ;
#5671 = VECTOR ( 'NONE', #1548, 1000.000000000000000 ) ;
#5672 = EDGE_CURVE ( 'NONE', #5905, #7125, #5361, .T. ) ;
#5673 = VERTEX_POINT ( 'NONE', #908 ) ;
#5674 = VECTOR ( 'NONE', #5605, 1000.000000000000000 ) ;
#5675 = DIRECTION ( 'NONE',  ( 0.000000000000000000, 0.000000000000000000, 1.000000000000000000 ) ) ;
#5676 = CIRCLE ( 'NONE', #2762, 2.999999999999988898 ) ;
#5677 = DIRECTION ( 'NONE',  ( -1.000000000000000000, 0.000000000000000000, 0.000000000000000000 ) ) ;
#5678 = CARTESIAN_POINT ( 'NONE',  ( 31.75000000000019540, 12.99999999999998757, 2.000000000000000000 ) ) ;
#5679 = FACE_BOUND ( 'NONE', #5600, .T. ) ;
#5680 = DIRECTION ( 'NONE',  ( -0.000000000000000000, -0.000000000000000000, -1.000000000000000000 ) ) ;
#5681 = AXIS2_PLACEMENT_3D ( 'NONE', #4274, #1385, #3704 ) ;
#5682 = ORIENTED_EDGE ( 'NONE', *, *, #7334, .F. ) ;
#5683 = CARTESIAN_POINT ( 'NONE',  ( 6.250000000000796696, -45.00000000000001421, 2.000000000000000000 ) ) ;
#5684 = ORIENTED_EDGE ( 'NONE', *, *, #6501, .T. ) ;
#5685 = ORIENTED_EDGE ( 'NONE', *, *, #3476, .T. ) ;
#5686 = DIRECTION ( 'NONE',  ( 0.000000000000000000, 0.000000000000000000, 1.000000000000000000 ) ) ;
#5687 = CARTESIAN_POINT ( 'NONE',  ( 6.249999999999998224, 44.99999999999997868, 2.000000000000000000 ) ) ;
#5688 = VECTOR ( 'NONE', #1666, 1000.000000000000000 ) ;
#5689 = DIRECTION ( 'NONE',  ( -0.000000000000000000, -0.000000000000000000, -1.000000000000000000 ) ) ;
#5690 = ORIENTED_EDGE ( 'NONE', *, *, #3121, .F. ) ;
#5691 = CARTESIAN_POINT ( 'NONE',  ( 43.50000000000000000, -46.50000000000000000, 2.000000000000000000 ) ) ;
#5692 = ORIENTED_EDGE ( 'NONE', *, *, #3622, .T. ) ;
#5693 = ORIENTED_EDGE ( 'NONE', *, *, #1093, .T. ) ;
#5694 = ADVANCED_FACE ( 'NONE', ( #4300 ), #832, .T. ) ;
#5695 = CARTESIAN_POINT ( 'NONE',  ( -44.24999999999979394, 12.99999999999998757, 0.000000000000000000 ) ) ;
#5696 = DIRECTION ( 'NONE',  ( -0.000000000000000000, -0.000000000000000000, -1.000000000000000000 ) ) ;
#5697 = EDGE_CURVE ( 'NONE', #2024, #962, #4915, .T. ) ;
#5698 = CARTESIAN_POINT ( 'NONE',  ( 12.75000000000079581, -31.00000000000002132, 2.000000000000000000 ) ) ;
#5699 = CIRCLE ( 'NONE', #1811, 0.9999999999999974465 ) ;
#5700 = CARTESIAN_POINT ( 'NONE',  ( 45.25000000000000000, 43.99999999999998579, 0.000000000000000000 ) ) ;
#5701 = VERTEX_POINT ( 'NONE', #4067 ) ;
#5702 = CARTESIAN_POINT ( 'NONE',  ( -30.74999999999940670, -13.00000000000001066, 2.000000000000000000 ) ) ;
#5703 = VERTEX_POINT ( 'NONE', #2816 ) ;
#5704 = DIRECTION ( 'NONE',  ( -0.000000000000000000, -0.000000000000000000, -1.000000000000000000 ) ) ;
#5705 = DIRECTION ( 'NONE',  ( -1.000000000000000000, 0.000000000000000000, 0.000000000000000000 ) ) ;
#5706 = AXIS2_PLACEMENT_3D ( 'NONE', #6822, #1574, #5190 ) ;
#5707 = CARTESIAN_POINT ( 'NONE',  ( -12.75000000000000178, 43.99999999999998579, 2.000000000000000000 ) ) ;
#5708 = EDGE_CURVE ( 'NONE', #6303, #3271, #6954, .T. ) ;
#5709 = ORIENTED_EDGE ( 'NONE', *, *, #6645, .F. ) ;
#5710 = CARTESIAN_POINT ( 'NONE',  ( -31.74999999999979750, 11.99999999999998757, 2.000000000000000000 ) ) ;
#5711 = DIRECTION ( 'NONE',  ( 0.000000000000000000, 0.000000000000000000, 1.000000000000000000 ) ) ;
#5712 = LINE ( 'NONE', #1065, #5513 ) ;
#5713 = AXIS2_PLACEMENT_3D ( 'NONE', #6175, #5570, #6594 ) ;
#5714 = ADVANCED_FACE ( 'NONE', ( #1594 ), #3459, .T. ) ;
#5715 = PLANE ( 'NONE',  #1917 ) ;
#5716 = EDGE_CURVE ( 'NONE', #6338, #5081, #3497, .T. ) ;
#5717 = DIRECTION ( 'NONE',  ( 0.000000000000000000, -1.000000000000000000, 0.000000000000000000 ) ) ;
#5718 = CIRCLE ( 'NONE', #7297, 1.000000000000000888 ) ;
#5719 = EDGE_CURVE ( 'NONE', #1337, #6648, #969, .T. ) ;
#5720 = ORIENTED_EDGE ( 'NONE', *, *, #147, .T. ) ;
#5721 = EDGE_CURVE ( 'NONE', #1810, #5543, #7415, .T. ) ;
#5722 = ADVANCED_FACE ( 'NONE', ( #3920 ), #4645, .T. ) ;
#5723 = ORIENTED_EDGE ( 'NONE', *, *, #2827, .F. ) ;
#5724 = CARTESIAN_POINT ( 'NONE',  ( 30.75000000000020250, 24.99999999999998579, 2.000000000000000000 ) ) ;
#5725 = CIRCLE ( 'NONE', #6692, 0.9999999999999940048 ) ;
#5726 = DIRECTION ( 'NONE',  ( 0.000000000000000000, 0.000000000000000000, 1.000000000000000000 ) ) ;
#5727 = CARTESIAN_POINT ( 'NONE',  ( 30.75000000000060396, -13.00000000000001066, 2.000000000000000000 ) ) ;
#5728 = ORIENTED_EDGE ( 'NONE', *, *, #2979, .F. ) ;
#5729 = DIRECTION ( 'NONE',  ( -0.000000000000000000, 1.000000000000000000, -0.000000000000000000 ) ) ;
#5730 = EDGE_LOOP ( 'NONE', ( #5206, #7507, #5922, #6992 ) ) ;
#5731 = ORIENTED_EDGE ( 'NONE', *, *, #5138, .F. ) ;
#5732 = ORIENTED_EDGE ( 'NONE', *, *, #6101, .T. ) ;
#5733 = DIRECTION ( 'NONE',  ( -1.000000000000000000, 0.000000000000000000, 0.000000000000000000 ) ) ;
#5734 = CARTESIAN_POINT ( 'NONE',  ( 12.75000000000079581, -31.00000000000002132, 2.000000000000000000 ) ) ;
#5735 = LINE ( 'NONE', #2235, #1653 ) ;
#5736 = CARTESIAN_POINT ( 'NONE',  ( 30.75000000000079581, -32.00000000000001421, 0.000000000000000000 ) ) ;
#5737 = VERTEX_POINT ( 'NONE', #4489 ) ;
#5738 = CARTESIAN_POINT ( 'NONE',  ( -12.74999999999980282, 24.99999999999998579, 2.000000000000000000 ) ) ;
#5739 = CIRCLE ( 'NONE', #2464, 1.000000000000000888 ) ;
#5740 = AXIS2_PLACEMENT_3D ( 'NONE', #3047, #5371, #1371 ) ;
#5741 = ORIENTED_EDGE ( 'NONE', *, *, #468, .F. ) ;
#5742 = VECTOR ( 'NONE', #1569, 1000.000000000000000 ) ;
#5743 = VECTOR ( 'NONE', #2015, 1000.000000000000000 ) ;
#5744 = CARTESIAN_POINT ( 'NONE',  ( -6.249999999999998224, 31.99999999999998579, 2.000000000000000000 ) ) ;
#5745 = CIRCLE ( 'NONE', #6347, 1.199999999999999734 ) ;
#5746 = LINE ( 'NONE', #6307, #5566 ) ;
#5747 = ORIENTED_EDGE ( 'NONE', *, *, #3394, .T. ) ;
#5748 = CARTESIAN_POINT ( 'NONE',  ( -26.24999999999979394, 24.99999999999998579, 2.000000000000000000 ) ) ;
#5749 = ORIENTED_EDGE ( 'NONE', *, *, #4409, .F. ) ;
#5750 = EDGE_CURVE ( 'NONE', #2067, #4681, #2191, .T. ) ;
#5751 = LINE ( 'NONE', #6352, #3193 ) ;
#5752 = LINE ( 'NONE', #6919, #1556 ) ;
#5753 = FACE_OUTER_BOUND ( 'NONE', #6899, .T. ) ;
#5754 = EDGE_CURVE ( 'NONE', #2239, #7191, #4011, .T. ) ;
#5755 = LINE ( 'NONE', #6963, #4954 ) ;
#5756 = DIRECTION ( 'NONE',  ( -1.000000000000000000, 0.000000000000000000, 0.000000000000000000 ) ) ;
#5757 = EDGE_CURVE ( 'NONE', #4902, #3434, #1750, .T. ) ;
#5758 = ORIENTED_EDGE ( 'NONE', *, *, #4077, .F. ) ;
#5759 = ORIENTED_EDGE ( 'NONE', *, *, #7497, .F. ) ;
#5760 = VECTOR ( 'NONE', #3707, 1000.000000000000000 ) ;
#5761 = VERTEX_POINT ( 'NONE', #1092 ) ;
#5762 = DIRECTION ( 'NONE',  ( -0.000000000000000000, -0.000000000000000000, -1.000000000000000000 ) ) ;
#5763 = DIRECTION ( 'NONE',  ( -0.000000000000000000, -0.000000000000000000, -1.000000000000000000 ) ) ;
#5764 = CARTESIAN_POINT ( 'NONE',  ( -6.249999999999602984, 6.999999999999978684, 2.000000000000000000 ) ) ;
#5765 = EDGE_CURVE ( 'NONE', #1467, #104, #6689, .T. ) ;
#5766 = ORIENTED_EDGE ( 'NONE', *, *, #3061, .F. ) ;
#5767 = LINE ( 'NONE', #515, #5247 ) ;
#5768 = VERTEX_POINT ( 'NONE', #2317 ) ;
#5769 = EDGE_CURVE ( 'NONE', #2394, #4278, #1633, .T. ) ;
#5770 = VERTEX_POINT ( 'NONE', #6273 ) ;
#5771 = ADVANCED_FACE ( 'NONE', ( #1060 ), #3385, .F. ) ;
#5772 = ORIENTED_EDGE ( 'NONE', *, *, #3715, .F. ) ;
#5773 = DIRECTION ( 'NONE',  ( 0.000000000000000000, 0.000000000000000000, 1.000000000000000000 ) ) ;
#5774 = FACE_OUTER_BOUND ( 'NONE', #895, .T. ) ;
#5775 = MANIFOLD_SOLID_BREP ( '\X2\00d8\X0\1.0mm Dowel Hole1', #1944 ) ;
#5776 = FACE_OUTER_BOUND ( 'NONE', #1191, .T. ) ;
#5777 = EDGE_LOOP ( 'NONE', ( #1608, #3053, #1603, #1820 ) ) ;
#5778 = DIRECTION ( 'NONE',  ( -0.000000000000000000, 1.000000000000000000, -0.000000000000000000 ) ) ;
#5779 = EDGE_LOOP ( 'NONE', ( #2855, #5316, #2262, #4679 ) ) ;
#5780 = DIRECTION ( 'NONE',  ( 0.000000000000000000, 0.000000000000000000, 1.000000000000000000 ) ) ;
#5781 = EDGE_CURVE ( 'NONE', #4953, #6360, #2514, .T. ) ;
#5782 = EDGE_LOOP ( 'NONE', ( #6564, #1939, #4013, #5720 ) ) ;
#5783 = DIRECTION ( 'NONE',  ( 0.000000000000000000, 0.000000000000000000, 1.000000000000000000 ) ) ;
#5784 = CYLINDRICAL_SURFACE ( 'NONE', #4466, 3.000000000000016431 ) ;
#5785 = CARTESIAN_POINT ( 'NONE',  ( -6.249999999999602984, 6.999999999999978684, 2.000000000000000000 ) ) ;
#5786 = VERTEX_POINT ( 'NONE', #5748 ) ;
#5787 = CARTESIAN_POINT ( 'NONE',  ( -7.249999999999396039, -25.00000000000000711, 0.000000000000000000 ) ) ;
#5788 = CYLINDRICAL_SURFACE ( 'NONE', #1933, 0.9999999999999940048 ) ;
#5789 = CARTESIAN_POINT ( 'NONE',  ( -11.74999999999920242, -32.00000000000001421, 2.000000000000000000 ) ) ;
#5790 = ORIENTED_EDGE ( 'NONE', *, *, #3153, .F. ) ;
#5791 = VECTOR ( 'NONE', #1083, 1000.000000000000000 ) ;
#5792 = FACE_BOUND ( 'NONE', #61, .T. ) ;
#5793 = CARTESIAN_POINT ( 'NONE',  ( 30.75000000000040856, 5.999999999999984901, 2.000000000000000000 ) ) ;
#5794 = ADVANCED_FACE ( 'NONE', ( #2971 ), #1211, .F. ) ;
#5795 = ORIENTED_EDGE ( 'NONE', *, *, #5255, .T. ) ;
#5796 = VERTEX_POINT ( 'NONE', #4686 ) ;
#5797 = AXIS2_PLACEMENT_3D ( 'NONE', #4435, #2832, #5112 ) ;
#5798 = VECTOR ( 'NONE', #4732, 1000.000000000000000 ) ;
#5799 = EDGE_CURVE ( 'NONE', #165, #4895, #680, .T. ) ;
#5800 = VERTEX_POINT ( 'NONE', #79 ) ;
#5801 = DIRECTION ( 'NONE',  ( 1.000000000000000000, 0.000000000000000000, 0.000000000000000000 ) ) ;
#5802 = DIRECTION ( 'NONE',  ( -1.000000000000000000, 0.000000000000000000, 0.000000000000000000 ) ) ;
#5803 = CIRCLE ( 'NONE', #5191, 1.000000000000000888 ) ;
#5804 = DIRECTION ( 'NONE',  ( -0.000000000000000000, -0.000000000000000000, -1.000000000000000000 ) ) ;
#5805 = CIRCLE ( 'NONE', #99, 0.9999999999999974465 ) ;
#5806 = EDGE_LOOP ( 'NONE', ( #2688, #1953, #2411, #6816 ) ) ;
#5807 = CARTESIAN_POINT ( 'NONE',  ( -7.249999999999596767, 5.999999999999984901, 0.000000000000000000 ) ) ;
#5808 = EDGE_LOOP ( 'NONE', ( #3625, #1243, #4165, #4544, #2721, #5363, #2912, #258 ) ) ;
#5809 = EDGE_CURVE ( 'NONE', #5658, #6565, #3774, .T. ) ;
#5810 = ORIENTED_EDGE ( 'NONE', *, *, #6618, .T. ) ;
#5811 = CARTESIAN_POINT ( 'NONE',  ( -30.74999999999940670, -13.00000000000001066, 0.000000000000000000 ) ) ;
#5812 = FACE_OUTER_BOUND ( 'NONE', #5779, .T. ) ;
#5813 = CARTESIAN_POINT ( 'NONE',  ( -6.249999999999998224, 30.99999999999998579, 2.000000000000000000 ) ) ;
#5814 = DIRECTION ( 'NONE',  ( 1.000000000000000000, 0.000000000000000000, -0.000000000000000000 ) ) ;
#5815 = EDGE_CURVE ( 'NONE', #962, #2276, #7114, .T. ) ;
#5816 = ORIENTED_EDGE ( 'NONE', *, *, #1250, .T. ) ;
#5817 = CARTESIAN_POINT ( 'NONE',  ( -11.74999999999940314, -13.00000000000001066, 2.000000000000000000 ) ) ;
#5818 = AXIS2_PLACEMENT_3D ( 'NONE', #7040, #5872, #1176 ) ;
#5819 = EDGE_LOOP ( 'NONE', ( #4197, #6286, #7178, #2143 ) ) ;
#5820 = CYLINDRICAL_SURFACE ( 'NONE', #6473, 1.000000000000000888 ) ;
#5821 = VERTEX_POINT ( 'NONE', #4142 ) ;
#5822 = DIRECTION ( 'NONE',  ( -0.000000000000000000, 0.000000000000000000, -1.000000000000000000 ) ) ;
#5823 = AXIS2_PLACEMENT_3D ( 'NONE', #376, #302, #7369 ) ;
#5824 = ADVANCED_FACE ( 'NONE', ( #5367 ), #116, .T. ) ;
#5825 = LINE ( 'NONE', #679, #6531 ) ;
#5826 = DIRECTION ( 'NONE',  ( 1.000000000000000000, 0.000000000000000000, 0.000000000000000000 ) ) ;
#5827 = DIRECTION ( 'NONE',  ( -0.000000000000000000, -0.000000000000000000, -1.000000000000000000 ) ) ;
#5828 = CARTESIAN_POINT ( 'NONE',  ( 27.29999999999998650, 28.49999999999999645, 0.000000000000000000 ) ) ;
#5829 = CARTESIAN_POINT ( 'NONE',  ( -11.75000000000000000, 43.99999999999998579, 2.000000000000000000 ) ) ;
#5830 = AXIS2_PLACEMENT_3D ( 'NONE', #3114, #300, #715 ) ;
#5831 = DIRECTION ( 'NONE',  ( -0.000000000000000000, 0.000000000000000000, -1.000000000000000000 ) ) ;
#5832 = DIRECTION ( 'NONE',  ( 0.000000000000000000, 0.000000000000000000, 1.000000000000000000 ) ) ;
#5833 = DIRECTION ( 'NONE',  ( 0.000000000000000000, -0.000000000000000000, -1.000000000000000000 ) ) ;
#5834 = ORIENTED_EDGE ( 'NONE', *, *, #1135, .F. ) ;
#5835 = EDGE_CURVE ( 'NONE', #2230, #2852, #7413, .T. ) ;
#5836 = ORIENTED_EDGE ( 'NONE', *, *, #6870, .F. ) ;
#5837 = CARTESIAN_POINT ( 'NONE',  ( -6.249999999999797495, 11.99999999999998579, 0.000000000000000000 ) ) ;
#5838 = FACE_OUTER_BOUND ( 'NONE', #400, .T. ) ;
#5839 = AXIS2_PLACEMENT_3D ( 'NONE', #3572, #5902, #3608 ) ;
#5840 = FACE_OUTER_BOUND ( 'NONE', #7067, .T. ) ;
#5841 = ORIENTED_EDGE ( 'NONE', *, *, #907, .T. ) ;
#5842 = LINE ( 'NONE', #622, #857 ) ;
#5843 = ORIENTED_EDGE ( 'NONE', *, *, #2628, .T. ) ;
#5844 = VECTOR ( 'NONE', #6867, 1000.000000000000000 ) ;
#5845 = ORIENTED_EDGE ( 'NONE', *, *, #4366, .F. ) ;
#5846 = EDGE_LOOP ( 'NONE', ( #6082, #5709, #4622, #3787, #6311, #3445, #6981, #1035 ) ) ;
#5847 = PLANE ( 'NONE',  #1686 ) ;
#5848 = LINE ( 'NONE', #1046, #3197 ) ;
#5849 = EDGE_CURVE ( 'NONE', #4859, #2830, #4380, .T. ) ;
#5850 = DIRECTION ( 'NONE',  ( 1.000000000000000000, 0.000000000000000000, 0.000000000000000000 ) ) ;
#5851 = CARTESIAN_POINT ( 'NONE',  ( 12.75000000000019895, 25.99999999999997868, 2.000000000000000000 ) ) ;
#5852 = VERTEX_POINT ( 'NONE', #2435 ) ;
#5853 = DIRECTION ( 'NONE',  ( 0.000000000000000000, 0.000000000000000000, 1.000000000000000000 ) ) ;
#5854 = VERTEX_POINT ( 'NONE', #3085 ) ;
#5855 = EDGE_CURVE ( 'NONE', #2852, #4930, #5938, .T. ) ;
#5856 = DIRECTION ( 'NONE',  ( -0.000000000000000000, 1.000000000000000000, -0.000000000000000000 ) ) ;
#5857 = ORIENTED_EDGE ( 'NONE', *, *, #3020, .T. ) ;
#5858 = ORIENTED_EDGE ( 'NONE', *, *, #2610, .T. ) ;
#5859 = EDGE_CURVE ( 'NONE', #3026, #1399, #1254, .T. ) ;
#5860 = CARTESIAN_POINT ( 'NONE',  ( 12.75000000000059330, -25.00000000000000711, 2.000000000000000000 ) ) ;
#5861 = DIRECTION ( 'NONE',  ( 1.000000000000000000, 0.000000000000000000, 0.000000000000000000 ) ) ;
#5862 = ADVANCED_FACE ( 'NONE', ( #1786 ), #3690, .F. ) ;
#5863 = DIRECTION ( 'NONE',  ( -1.000000000000000000, 0.000000000000000000, 0.000000000000000000 ) ) ;
#5864 = EDGE_CURVE ( 'NONE', #5559, #2766, #7151, .T. ) ;
#5865 = CIRCLE ( 'NONE', #7433, 0.9999999999999940048 ) ;
#5866 = DIRECTION ( 'NONE',  ( 0.000000000000000000, 0.000000000000000000, 1.000000000000000000 ) ) ;
#5867 = EDGE_CURVE ( 'NONE', #6404, #2719, #4763, .T. ) ;
#5868 = AXIS2_PLACEMENT_3D ( 'NONE', #4897, #5614, #7327 ) ;
#5869 = VERTEX_POINT ( 'NONE', #4802 ) ;
#5870 = EDGE_CURVE ( 'NONE', #1691, #1125, #1291, .T. ) ;
#5871 = DIRECTION ( 'NONE',  ( -1.000000000000000000, 0.000000000000000000, 0.000000000000000000 ) ) ;
#5872 = DIRECTION ( 'NONE',  ( 0.000000000000000000, -1.000000000000000000, 0.000000000000000000 ) ) ;
#5873 = CARTESIAN_POINT ( 'NONE',  ( 6.250000000000394351, -7.000000000000013323, 2.000000000000000000 ) ) ;
#5874 = DIRECTION ( 'NONE',  ( 0.000000000000000000, -0.000000000000000000, 1.000000000000000000 ) ) ;
#5875 = VECTOR ( 'NONE', #3937, 1000.000000000000000 ) ;
#5876 = DIRECTION ( 'NONE',  ( 0.000000000000000000, 0.000000000000000000, 1.000000000000000000 ) ) ;
#5877 = VERTEX_POINT ( 'NONE', #5257 ) ;
#5878 = AXIS2_PLACEMENT_3D ( 'NONE', #6059, #5521, #2061 ) ;
#5879 = EDGE_CURVE ( 'NONE', #4363, #5673, #3648, .T. ) ;
#5880 = ORIENTED_EDGE ( 'NONE', *, *, #5244, .T. ) ;
#5881 = CARTESIAN_POINT ( 'NONE',  ( -28.49999999999998934, -28.50000000000000355, 0.000000000000000000 ) ) ;
#5882 = DIRECTION ( 'NONE',  ( -1.000000000000000000, 0.000000000000000000, 0.000000000000000000 ) ) ;
#5883 = DIRECTION ( 'NONE',  ( 1.000000000000000000, 0.000000000000000000, -0.000000000000000000 ) ) ;
#5884 = VECTOR ( 'NONE', #4257, 1000.000000000000000 ) ;
#5885 = ORIENTED_EDGE ( 'NONE', *, *, #7153, .F. ) ;
#5886 = DIRECTION ( 'NONE',  ( 1.000000000000000000, 0.000000000000000000, -0.000000000000000000 ) ) ;
#5887 = EDGE_LOOP ( 'NONE', ( #4569, #3398, #33, #5075 ) ) ;
#5888 = ORIENTED_EDGE ( 'NONE', *, *, #6194, .T. ) ;
#5889 = VERTEX_POINT ( 'NONE', #5977 ) ;
#5890 = FACE_OUTER_BOUND ( 'NONE', #408, .T. ) ;
#5891 = DIRECTION ( 'NONE',  ( -0.000000000000000000, -0.000000000000000000, -1.000000000000000000 ) ) ;
#5892 = CARTESIAN_POINT ( 'NONE',  ( 25.25000000000079226, -44.00000000000001421, 2.000000000000000000 ) ) ;
#5893 = ORIENTED_EDGE ( 'NONE', *, *, #2277, .T. ) ;
#5894 = CARTESIAN_POINT ( 'NONE',  ( 46.50000000000000000, -43.50000000000001421, 0.000000000000000000 ) ) ;
#5895 = ORIENTED_EDGE ( 'NONE', *, *, #331, .F. ) ;
#5896 = DIRECTION ( 'NONE',  ( -0.000000000000000000, -0.000000000000000000, -1.000000000000000000 ) ) ;
#5897 = VERTEX_POINT ( 'NONE', #2483 ) ;
#5898 = DIRECTION ( 'NONE',  ( -0.000000000000000000, -0.000000000000000000, -1.000000000000000000 ) ) ;
#5899 = EDGE_CURVE ( 'NONE', #6485, #6120, #4989, .T. ) ;
#5900 = CARTESIAN_POINT ( 'NONE',  ( 45.25000000000078870, -32.00000000000001421, 0.000000000000000000 ) ) ;
#5901 = CIRCLE ( 'NONE', #310, 1.199999999999999734 ) ;
#5902 = DIRECTION ( 'NONE',  ( -0.000000000000000000, -0.000000000000000000, -1.000000000000000000 ) ) ;
#5903 = EDGE_CURVE ( 'NONE', #5768, #2432, #5965, .T. ) ;
#5904 = LINE ( 'NONE', #7078, #7322 ) ;
#5905 = VERTEX_POINT ( 'NONE', #940 ) ;
#5906 = CARTESIAN_POINT ( 'NONE',  ( -43.50000000000002132, 46.49999999999998579, 2.000000000000000000 ) ) ;
#5907 = CARTESIAN_POINT ( 'NONE',  ( 6.250000000000595080, -25.00000000000000711, 0.000000000000000000 ) ) ;
#5908 = CARTESIAN_POINT ( 'NONE',  ( -6.249999999999602984, 5.999999999999984901, 2.000000000000000000 ) ) ;
#5909 = PLANE ( 'NONE',  #939 ) ;
#5910 = DIRECTION ( 'NONE',  ( -1.000000000000000000, 0.000000000000000000, 0.000000000000000000 ) ) ;
#5911 = ADVANCED_FACE ( 'NONE', ( #2551 ), #345, .F. ) ;
#5912 = VERTEX_POINT ( 'NONE', #380 ) ;
#5913 = ORIENTED_EDGE ( 'NONE', *, *, #6161, .T. ) ;
#5914 = EDGE_LOOP ( 'NONE', ( #7060, #2932, #1085, #6701, #5857, #1503, #6206, #1486 ) ) ;
#5915 = CARTESIAN_POINT ( 'NONE',  ( -7.249999999999992895, 43.99999999999998579, 2.000000000000000000 ) ) ;
#5916 = VERTEX_POINT ( 'NONE', #4908 ) ;
#5917 = DIRECTION ( 'NONE',  ( -0.000000000000000000, -0.000000000000000000, -1.000000000000000000 ) ) ;
#5918 = DIRECTION ( 'NONE',  ( 0.000000000000000000, 1.000000000000000000, 0.000000000000000000 ) ) ;
#5919 = ORIENTED_EDGE ( 'NONE', *, *, #3264, .F. ) ;
#5920 = FACE_OUTER_BOUND ( 'NONE', #1880, .T. ) ;
#5921 = CIRCLE ( 'NONE', #6520, 1.000000000000000888 ) ;
#5922 = ORIENTED_EDGE ( 'NONE', *, *, #553, .T. ) ;
#5923 = VERTEX_POINT ( 'NONE', #6616 ) ;
#5924 = ORIENTED_EDGE ( 'NONE', *, *, #5630, .T. ) ;
#5925 = CARTESIAN_POINT ( 'NONE',  ( -7.249999999999791278, 24.99999999999998579, 2.000000000000000000 ) ) ;
#5926 = AXIS2_PLACEMENT_3D ( 'NONE', #358, #3250, #2679 ) ;
#5927 = DIRECTION ( 'NONE',  ( 0.000000000000000000, 1.000000000000000000, 0.000000000000000000 ) ) ;
#5928 = CARTESIAN_POINT ( 'NONE',  ( 29.69999999999998508, 28.49999999999999645, 0.000000000000000000 ) ) ;
#5929 = ORIENTED_EDGE ( 'NONE', *, *, #641, .F. ) ;
#5930 = CARTESIAN_POINT ( 'NONE',  ( -44.24999999999940314, -26.00000000000001066, 2.000000000000000000 ) ) ;
#5931 = VERTEX_POINT ( 'NONE', #6656 ) ;
#5932 = CARTESIAN_POINT ( 'NONE',  ( 0.000000000000000000, 0.000000000000000000, 0.000000000000000000 ) ) ;
#5933 = EDGE_CURVE ( 'NONE', #2200, #3221, #2017, .T. ) ;
#5934 = VECTOR ( 'NONE', #5176, 1000.000000000000000 ) ;
#5935 = CARTESIAN_POINT ( 'NONE',  ( 31.75000000000019540, 11.99999999999998579, 2.000000000000000000 ) ) ;
#5936 = CARTESIAN_POINT ( 'NONE',  ( 30.75000000000079581, -32.00000000000001421, 2.000000000000000000 ) ) ;
#5937 = DIRECTION ( 'NONE',  ( -0.000000000000000000, -0.000000000000000000, -1.000000000000000000 ) ) ;
#5938 = LINE ( 'NONE', #191, #3407 ) ;
#5939 = DIRECTION ( 'NONE',  ( 1.000000000000000000, 0.000000000000000000, 0.000000000000000000 ) ) ;
#5940 = VERTEX_POINT ( 'NONE', #6128 ) ;
#5941 = FACE_OUTER_BOUND ( 'NONE', #3109, .T. ) ;
#5942 = DIRECTION ( 'NONE',  ( -0.000000000000000000, 1.000000000000000000, -0.000000000000000000 ) ) ;
#5943 = DIRECTION ( 'NONE',  ( -0.000000000000000000, -0.000000000000000000, -1.000000000000000000 ) ) ;
#5944 = EDGE_LOOP ( 'NONE', ( #6371, #5289, #3299, #260, #6225, #5485, #38, #2084 ) ) ;
#5945 = DIRECTION ( 'NONE',  ( 0.000000000000000000, 0.000000000000000000, 1.000000000000000000 ) ) ;
#5946 = ADVANCED_FACE ( 'NONE', ( #6090 ), #5475, .T. ) ;
#5947 = EDGE_LOOP ( 'NONE', ( #1107, #7168 ) ) ;
#5948 = ORIENTED_EDGE ( 'NONE', *, *, #4453, .T. ) ;
#5949 = CARTESIAN_POINT ( 'NONE',  ( -45.24999999999978684, 24.99999999999998579, 0.000000000000000000 ) ) ;
#5950 = ORIENTED_EDGE ( 'NONE', *, *, #3349, .T. ) ;
#5951 = CARTESIAN_POINT ( 'NONE',  ( -25.24999999999959854, 6.999999999999978684, 2.000000000000000000 ) ) ;
#5952 = EDGE_CURVE ( 'NONE', #3938, #324, #2562, .T. ) ;
#5953 = CARTESIAN_POINT ( 'NONE',  ( -28.49999999999998934, -28.50000000000000355, 0.000000000000000000 ) ) ;
#5954 = EDGE_CURVE ( 'NONE', #4568, #2178, #5556, .T. ) ;
#5955 = ADVANCED_FACE ( 'NONE', ( #2666 ), #4871, .F. ) ;
#5956 = LINE ( 'NONE', #6977, #1789 ) ;
#5957 = EDGE_CURVE ( 'NONE', #6836, #677, #378, .T. ) ;
#5958 = ORIENTED_EDGE ( 'NONE', *, *, #1135, .T. ) ;
#5959 = DIRECTION ( 'NONE',  ( 1.000000000000000000, 0.000000000000000000, -0.000000000000000000 ) ) ;
#5960 = ORIENTED_EDGE ( 'NONE', *, *, #2997, .T. ) ;
#5961 = EDGE_LOOP ( 'NONE', ( #353, #3643, #4125, #3710 ) ) ;
#5962 = ORIENTED_EDGE ( 'NONE', *, *, #5153, .F. ) ;
#5963 = DIRECTION ( 'NONE',  ( -0.000000000000000000, 1.000000000000000000, -0.000000000000000000 ) ) ;
#5964 = EDGE_CURVE ( 'NONE', #3317, #5012, #7300, .T. ) ;
#5965 = CIRCLE ( 'NONE', #371, 0.9999999999999940048 ) ;
#5966 = CARTESIAN_POINT ( 'NONE',  ( -44.24999999999979394, 24.99999999999998579, 0.000000000000000000 ) ) ;
#5967 = CIRCLE ( 'NONE', #4750, 1.000000000000000888 ) ;
#5968 = ORIENTED_EDGE ( 'NONE', *, *, #3160, .T. ) ;
#5969 = DIRECTION ( 'NONE',  ( 1.000000000000000000, 0.000000000000000000, 0.000000000000000000 ) ) ;
#5970 = EDGE_LOOP ( 'NONE', ( #615, #6003, #3230, #2727, #6958, #5501, #6868, #5948 ) ) ;
#5971 = VECTOR ( 'NONE', #975, 1000.000000000000000 ) ;
#5972 =( NAMED_UNIT ( * ) SI_UNIT ( $, .STERADIAN. ) SOLID_ANGLE_UNIT ( ) );
#5973 = ORIENTED_EDGE ( 'NONE', *, *, #5585, .T. ) ;
#5974 = DIRECTION ( 'NONE',  ( 0.000000000000000000, 0.000000000000000000, 1.000000000000000000 ) ) ;
#5975 = VECTOR ( 'NONE', #6682, 1000.000000000000000 ) ;
#5976 = DIRECTION ( 'NONE',  ( 0.000000000000000000, -1.000000000000000000, 0.000000000000000000 ) ) ;
#5977 = CARTESIAN_POINT ( 'NONE',  ( -44.24999999999940314, -26.00000000000001066, 2.000000000000000000 ) ) ;
#5978 = CIRCLE ( 'NONE', #6932, 1.000000000000000888 ) ;
#5979 = PLANE ( 'NONE',  #889 ) ;
#5980 = CIRCLE ( 'NONE', #6331, 1.000000000000000888 ) ;
#5981 = DIRECTION ( 'NONE',  ( 1.000000000000000000, 0.000000000000000000, 0.000000000000000000 ) ) ;
#5982 = LINE ( 'NONE', #5660, #4166 ) ;
#5983 = DIRECTION ( 'NONE',  ( 1.000000000000000000, 0.000000000000000000, 0.000000000000000000 ) ) ;
#5984 = CARTESIAN_POINT ( 'NONE',  ( -44.25000000000000000, 43.99999999999998579, 0.000000000000000000 ) ) ;
#5985 = EDGE_LOOP ( 'NONE', ( #4061, #2450, #533, #1540 ) ) ;
#5986 = CIRCLE ( 'NONE', #2588, 0.9999999999999974465 ) ;
#5987 = EDGE_CURVE ( 'NONE', #851, #2719, #2091, .T. ) ;
#5988 = EDGE_CURVE ( 'NONE', #2828, #1337, #3235, .T. ) ;
#5989 = EDGE_LOOP ( 'NONE', ( #1115, #6357, #2478, #7518 ) ) ;
#5990 = AXIS2_PLACEMENT_3D ( 'NONE', #383, #2776, #7306 ) ;
#5991 = DIRECTION ( 'NONE',  ( 0.000000000000000000, -1.000000000000000000, 0.000000000000000000 ) ) ;
#5992 = ORIENTED_EDGE ( 'NONE', *, *, #6509, .T. ) ;
#5993 = VECTOR ( 'NONE', #4062, 1000.000000000000000 ) ;
#5994 = LINE ( 'NONE', #3777, #3951 ) ;
#5995 = FACE_OUTER_BOUND ( 'NONE', #1490, .T. ) ;
#5996 = AXIS2_PLACEMENT_3D ( 'NONE', #7219, #2117, #4437 ) ;
#5997 = CARTESIAN_POINT ( 'NONE',  ( 44.25000000000078870, -45.00000000000001421, 2.000000000000000000 ) ) ;
#5998 = VERTEX_POINT ( 'NONE', #6764 ) ;
#5999 = LINE ( 'NONE', #843, #983 ) ;
#6000 = ORIENTED_EDGE ( 'NONE', *, *, #7301, .F. ) ;
#6001 = VECTOR ( 'NONE', #5856, 1000.000000000000000 ) ;
#6002 = EDGE_LOOP ( 'NONE', ( #112, #484, #7287, #3477 ) ) ;
#6003 = ORIENTED_EDGE ( 'NONE', *, *, #4404, .T. ) ;
#6004 = DIRECTION ( 'NONE',  ( 1.000000000000000000, 0.000000000000000000, 0.000000000000000000 ) ) ;
#6005 = ADVANCED_FACE ( 'NONE', ( #3838 ), #5591, .F. ) ;
#6006 = CARTESIAN_POINT ( 'NONE',  ( 31.75000000000079226, -45.00000000000001421, 0.000000000000000000 ) ) ;
#6007 = ADVANCED_FACE ( 'NONE', ( #1440 ), #3118, .F. ) ;
#6008 = ORIENTED_EDGE ( 'NONE', *, *, #6304, .F. ) ;
#6009 = CARTESIAN_POINT ( 'NONE',  ( -26.24999999999999289, 43.99999999999998579, 0.000000000000000000 ) ) ;
#6010 = ORIENTED_EDGE ( 'NONE', *, *, #132, .T. ) ;
#6011 = ADVANCED_FACE ( 'NONE', ( #3765 ), #5439, .F. ) ;
#6012 = CARTESIAN_POINT ( 'NONE',  ( -12.75000000000000178, 31.99999999999998579, 2.000000000000000000 ) ) ;
#6013 = LINE ( 'NONE', #3644, #4488 ) ;
#6014 = CARTESIAN_POINT ( 'NONE',  ( -26.24999999999919353, -44.00000000000001421, 2.000000000000000000 ) ) ;
#6015 = AXIS2_PLACEMENT_3D ( 'NONE', #4643, #2814, #4566 ) ;
#6016 = DIRECTION ( 'NONE',  ( -1.000000000000000000, -0.000000000000000000, -0.000000000000000000 ) ) ;
#6017 = DIRECTION ( 'NONE',  ( 0.000000000000000000, 0.000000000000000000, 1.000000000000000000 ) ) ;
#6018 = CARTESIAN_POINT ( 'NONE',  ( -7.249999999999791278, 24.99999999999998579, 0.000000000000000000 ) ) ;
#6019 = CARTESIAN_POINT ( 'NONE',  ( -6.249999999999998224, 44.99999999999997868, 2.000000000000000000 ) ) ;
#6020 = CARTESIAN_POINT ( 'NONE',  ( 12.75000000000019895, 12.99999999999998757, 2.000000000000000000 ) ) ;
#6021 = AXIS2_PLACEMENT_3D ( 'NONE', #5104, #4457, #1562 ) ;
#6022 = CARTESIAN_POINT ( 'NONE',  ( -44.24999999999919709, -44.00000000000001421, 0.000000000000000000 ) ) ;
#6023 = CARTESIAN_POINT ( 'NONE',  ( -12.74999999999960210, 5.999999999999984901, 2.000000000000000000 ) ) ;
#6024 = EDGE_LOOP ( 'NONE', ( #2793, #5389, #4774, #7361 ) ) ;
#6025 = VERTEX_POINT ( 'NONE', #305 ) ;
#6026 = DIRECTION ( 'NONE',  ( 0.000000000000000000, 0.000000000000000000, 1.000000000000000000 ) ) ;
#6027 = DIRECTION ( 'NONE',  ( 1.000000000000000000, 0.000000000000000000, 0.000000000000000000 ) ) ;
#6028 = CARTESIAN_POINT ( 'NONE',  ( -7.249999999999992895, 31.99999999999998579, 2.000000000000000000 ) ) ;
#6029 = EDGE_CURVE ( 'NONE', #1095, #71, #6299, .T. ) ;
#6030 = CARTESIAN_POINT ( 'NONE',  ( 6.249999999999998224, 44.99999999999997868, 0.000000000000000000 ) ) ;
#6031 = ORIENTED_EDGE ( 'NONE', *, *, #4135, .T. ) ;
#6032 = FACE_OUTER_BOUND ( 'NONE', #6275, .T. ) ;
#6033 = EDGE_CURVE ( 'NONE', #2431, #6485, #2161, .T. ) ;
#6034 = ORIENTED_EDGE ( 'NONE', *, *, #1255, .T. ) ;
#6035 = ORIENTED_EDGE ( 'NONE', *, *, #2925, .T. ) ;
#6036 = ORIENTED_EDGE ( 'NONE', *, *, #2, .F. ) ;
#6037 = CARTESIAN_POINT ( 'NONE',  ( -7.249999999999791278, 12.99999999999998757, 2.000000000000000000 ) ) ;
#6038 = CARTESIAN_POINT ( 'NONE',  ( 46.49999999999998579, 43.49999999999998579, 0.000000000000000000 ) ) ;
#6039 = VECTOR ( 'NONE', #538, 1000.000000000000000 ) ;
#6040 = VERTEX_POINT ( 'NONE', #1696 ) ;
#6041 = CARTESIAN_POINT ( 'NONE',  ( 25.25000000000079226, -32.00000000000001421, 2.000000000000000000 ) ) ;
#6042 = ORIENTED_EDGE ( 'NONE', *, *, #5815, .T. ) ;
#6043 = ADVANCED_FACE ( 'NONE', ( #5126 ), #7514, .T. ) ;
#6044 = DIRECTION ( 'NONE',  ( -0.000000000000000000, -0.000000000000000000, -1.000000000000000000 ) ) ;
#6045 = CIRCLE ( 'NONE', #1539, 0.9999999999999940048 ) ;
#6046 = DIRECTION ( 'NONE',  ( -1.000000000000000000, -0.000000000000000000, -0.000000000000000000 ) ) ;
#6047 = ADVANCED_FACE ( 'NONE', ( #3985 ), #5170, .T. ) ;
#6048 = CARTESIAN_POINT ( 'NONE',  ( 31.75000000000019540, 11.99999999999998579, 0.000000000000000000 ) ) ;
#6049 = CYLINDRICAL_SURFACE ( 'NONE', #1552, 0.9999999999999974465 ) ;
#6050 = EDGE_CURVE ( 'NONE', #3179, #738, #3452, .T. ) ;
#6051 = VECTOR ( 'NONE', #2338, 1000.000000000000000 ) ;
#6052 = EDGE_CURVE ( 'NONE', #5209, #1410, #6908, .T. ) ;
#6053 = CARTESIAN_POINT ( 'NONE',  ( -43.50000000000001421, -43.50000000000000000, 2.000000000000000000 ) ) ;
#6054 = AXIS2_PLACEMENT_3D ( 'NONE', #4376, #2096, #235 ) ;
#6055 = CARTESIAN_POINT ( 'NONE',  ( -30.74999999999920064, -44.00000000000001421, 2.000000000000000000 ) ) ;
#6056 = EDGE_CURVE ( 'NONE', #7176, #6330, #2197, .T. ) ;
#6057 = CARTESIAN_POINT ( 'NONE',  ( 44.25000000000039790, -6.000000000000012434, 2.000000000000000000 ) ) ;
#6058 = VECTOR ( 'NONE', #4721, 1000.000000000000000 ) ;
#6059 = CARTESIAN_POINT ( 'NONE',  ( 25.25000000000079226, -32.00000000000001421, 2.000000000000000000 ) ) ;
#6060 = DIRECTION ( 'NONE',  ( 1.000000000000000000, 0.000000000000000000, 0.000000000000000000 ) ) ;
#6061 = DIRECTION ( 'NONE',  ( 0.000000000000000000, 0.000000000000000000, 1.000000000000000000 ) ) ;
#6062 = ORIENTED_EDGE ( 'NONE', *, *, #820, .T. ) ;
#6063 = CIRCLE ( 'NONE', #7149, 0.9999999999999974465 ) ;
#6064 = ORIENTED_EDGE ( 'NONE', *, *, #624, .T. ) ;
#6065 = DIRECTION ( 'NONE',  ( -0.000000000000000000, -0.000000000000000000, -1.000000000000000000 ) ) ;
#6066 = LINE ( 'NONE', #5951, #2014 ) ;
#6067 = CARTESIAN_POINT ( 'NONE',  ( 12.74999999999999822, 30.99999999999998579, 2.000000000000000000 ) ) ;
#6068 = FACE_OUTER_BOUND ( 'NONE', #5318, .T. ) ;
#6069 = CIRCLE ( 'NONE', #2781, 0.9999999999999940048 ) ;
#6070 = CARTESIAN_POINT ( 'NONE',  ( -7.249999999999992895, 31.99999999999998579, 2.000000000000000000 ) ) ;
#6071 = DIRECTION ( 'NONE',  ( -1.000000000000000000, 0.000000000000000000, 0.000000000000000000 ) ) ;
#6072 = ORIENTED_EDGE ( 'NONE', *, *, #2747, .F. ) ;
#6073 = LINE ( 'NONE', #248, #4271 ) ;
#6074 = ORIENTED_EDGE ( 'NONE', *, *, #7520, .T. ) ;
#6075 = ORIENTED_EDGE ( 'NONE', *, *, #2286, .T. ) ;
#6076 = ORIENTED_EDGE ( 'NONE', *, *, #2841, .F. ) ;
#6077 = CARTESIAN_POINT ( 'NONE',  ( 31.75000000000019540, 12.99999999999998757, 2.000000000000000000 ) ) ;
#6078 = AXIS2_PLACEMENT_3D ( 'NONE', #1725, #3438, #4045 ) ;
#6079 = CARTESIAN_POINT ( 'NONE',  ( 44.25000000000059686, -26.00000000000001066, 0.000000000000000000 ) ) ;
#6080 = VERTEX_POINT ( 'NONE', #1050 ) ;
#6081 = DIRECTION ( 'NONE',  ( -0.000000000000000000, -0.000000000000000000, -1.000000000000000000 ) ) ;
#6082 = ORIENTED_EDGE ( 'NONE', *, *, #3437, .F. ) ;
#6083 = ORIENTED_EDGE ( 'NONE', *, *, #2599, .F. ) ;
#6084 = ORIENTED_EDGE ( 'NONE', *, *, #783, .T. ) ;
#6085 = EDGE_CURVE ( 'NONE', #6759, #2215, #6800, .T. ) ;
#6086 = FACE_OUTER_BOUND ( 'NONE', #5633, .T. ) ;
#6087 = DIRECTION ( 'NONE',  ( 0.000000000000000000, 0.000000000000000000, 1.000000000000000000 ) ) ;
#6088 = COLOUR_RGB ( '',1.000000000000000000, 1.000000000000000000, 1.000000000000000000 ) ;
#6089 = ADVANCED_FACE ( 'NONE', ( #3948 ), #3342, .T. ) ;
#6090 = FACE_OUTER_BOUND ( 'NONE', #771, .T. ) ;
#6091 = CARTESIAN_POINT ( 'NONE',  ( 30.75000000000040856, 5.999999999999984901, 0.000000000000000000 ) ) ;
#6092 = VECTOR ( 'NONE', #5325, 1000.000000000000000 ) ;
#6093 = LINE ( 'NONE', #5594, #5378 ) ;
#6094 = DIRECTION ( 'NONE',  ( 1.000000000000000000, 0.000000000000000000, 0.000000000000000000 ) ) ;
#6095 = EDGE_CURVE ( 'NONE', #1074, #2427, #2772, .T. ) ;
#6096 = DIRECTION ( 'NONE',  ( 1.000000000000000000, 0.000000000000000000, 0.000000000000000000 ) ) ;
#6097 = DIRECTION ( 'NONE',  ( -0.000000000000000000, -0.000000000000000000, -1.000000000000000000 ) ) ;
#6098 = VECTOR ( 'NONE', #289, 1000.000000000000000 ) ;
#6099 = ADVANCED_FACE ( 'NONE', ( #7407 ), #6835, .F. ) ;
#6100 = ORIENTED_EDGE ( 'NONE', *, *, #6111, .T. ) ;
#6101 = EDGE_CURVE ( 'NONE', #6982, #2619, #3308, .T. ) ;
#6102 = ORIENTED_EDGE ( 'NONE', *, *, #7257, .F. ) ;
#6103 = CARTESIAN_POINT ( 'NONE',  ( -44.24999999999979394, 11.99999999999998579, 2.000000000000000000 ) ) ;
#6104 = LINE ( 'NONE', #3019, #6855 ) ;
#6105 = DIRECTION ( 'NONE',  ( 1.000000000000000000, 0.000000000000000000, 0.000000000000000000 ) ) ;
#6106 = DIRECTION ( 'NONE',  ( 0.000000000000000000, -0.000000000000000000, -1.000000000000000000 ) ) ;
#6107 = CARTESIAN_POINT ( 'NONE',  ( 30.75000000000060396, -25.00000000000000711, 2.000000000000000000 ) ) ;
#6108 = DIRECTION ( 'NONE',  ( -1.000000000000000000, 0.000000000000000000, 0.000000000000000000 ) ) ;
#6109 = VERTEX_POINT ( 'NONE', #1625 ) ;
#6110 = DIRECTION ( 'NONE',  ( 0.000000000000000000, 0.000000000000000000, 1.000000000000000000 ) ) ;
#6111 = EDGE_CURVE ( 'NONE', #4018, #5035, #2270, .T. ) ;
#6112 = ORIENTED_EDGE ( 'NONE', *, *, #6939, .F. ) ;
#6113 = CIRCLE ( 'NONE', #1236, 1.000000000000000888 ) ;
#6114 = EDGE_LOOP ( 'NONE', ( #6893, #1848, #6460, #1224 ) ) ;
#6115 = ORIENTED_EDGE ( 'NONE', *, *, #4604, .T. ) ;
#6116 = CIRCLE ( 'NONE', #1976, 0.9999999999999974465 ) ;
#6117 = FACE_OUTER_BOUND ( 'NONE', #4324, .T. ) ;
#6118 = AXIS2_PLACEMENT_3D ( 'NONE', #1874, #3616, #5479 ) ;
#6119 = CARTESIAN_POINT ( 'NONE',  ( -45.24999999999999289, 31.99999999999998579, 2.000000000000000000 ) ) ;
#6120 = VERTEX_POINT ( 'NONE', #4483 ) ;
#6121 = CARTESIAN_POINT ( 'NONE',  ( 44.25000000000059686, -25.00000000000000711, 2.000000000000000000 ) ) ;
#6122 = EDGE_LOOP ( 'NONE', ( #4919, #7329, #4973, #638 ) ) ;
#6123 = VERTEX_POINT ( 'NONE', #4560 ) ;
#6124 = AXIS2_PLACEMENT_3D ( 'NONE', #5031, #1678, #6920 ) ;
#6125 = ORIENTED_EDGE ( 'NONE', *, *, #6085, .T. ) ;
#6126 = DIRECTION ( 'NONE',  ( -0.000000000000000000, -0.000000000000000000, -1.000000000000000000 ) ) ;
#6127 = DIRECTION ( 'NONE',  ( -1.000000000000000000, 0.000000000000000000, 0.000000000000000000 ) ) ;
#6128 = CARTESIAN_POINT ( 'NONE',  ( 45.25000000000000000, 31.99999999999998579, 2.000000000000000000 ) ) ;
#6129 = AXIS2_PLACEMENT_3D ( 'NONE', #2516, #1905, #3612 ) ;
#6130 = FACE_OUTER_BOUND ( 'NONE', #4812, .T. ) ;
#6131 = EDGE_LOOP ( 'NONE', ( #2605, #2951, #1316, #896 ) ) ;
#6132 = AXIS2_PLACEMENT_3D ( 'NONE', #3701, #6026, #2566 ) ;
#6133 = EDGE_CURVE ( 'NONE', #6675, #695, #6337, .T. ) ;
#6134 = CARTESIAN_POINT ( 'NONE',  ( 31.75000000000059686, -13.00000000000001066, 2.000000000000000000 ) ) ;
#6135 = DIRECTION ( 'NONE',  ( -0.000000000000000000, -0.000000000000000000, -1.000000000000000000 ) ) ;
#6136 = DIRECTION ( 'NONE',  ( 0.000000000000000000, 0.000000000000000000, 1.000000000000000000 ) ) ;
#6137 = LINE ( 'NONE', #3315, #4255 ) ;
#6138 = ORIENTED_EDGE ( 'NONE', *, *, #6543, .F. ) ;
#6139 = ORIENTED_EDGE ( 'NONE', *, *, #5757, .F. ) ;
#6140 = DIRECTION ( 'NONE',  ( 0.000000000000000000, -1.000000000000000000, 0.000000000000000000 ) ) ;
#6141 = LINE ( 'NONE', #5030, #7233 ) ;
#6142 = CARTESIAN_POINT ( 'NONE',  ( -25.24999999999999645, 43.99999999999998579, 2.000000000000000000 ) ) ;
#6143 = CARTESIAN_POINT ( 'NONE',  ( 7.249999999999999112, 43.99999999999998579, 0.000000000000000000 ) ) ;
#6144 = EDGE_CURVE ( 'NONE', #2913, #6321, #1012, .T. ) ;
#6145 = LINE ( 'NONE', #6630, #568 ) ;
#6146 = DIRECTION ( 'NONE',  ( -0.000000000000000000, -0.000000000000000000, -1.000000000000000000 ) ) ;
#6147 = ORIENTED_EDGE ( 'NONE', *, *, #147, .F. ) ;
#6148 = DIRECTION ( 'NONE',  ( -0.000000000000000000, -0.000000000000000000, -1.000000000000000000 ) ) ;
#6149 = VERTEX_POINT ( 'NONE', #4635 ) ;
#6150 = ORIENTED_EDGE ( 'NONE', *, *, #5769, .T. ) ;
#6151 = ORIENTED_EDGE ( 'NONE', *, *, #407, .F. ) ;
#6152 = CARTESIAN_POINT ( 'NONE',  ( -25.24999999999920064, -45.00000000000001421, 0.000000000000000000 ) ) ;
#6153 = FACE_OUTER_BOUND ( 'NONE', #7312, .T. ) ;
#6154 = ORIENTED_EDGE ( 'NONE', *, *, #1378, .T. ) ;
#6155 = LINE ( 'NONE', #3110, #4626 ) ;
#6156 = EDGE_LOOP ( 'NONE', ( #6989, #924, #3827, #5010 ) ) ;
#6157 = ORIENTED_EDGE ( 'NONE', *, *, #1021, .F. ) ;
#6158 = ORIENTED_EDGE ( 'NONE', *, *, #3886, .T. ) ;
#6159 = DIRECTION ( 'NONE',  ( 0.000000000000000000, -1.000000000000000000, 0.000000000000000000 ) ) ;
#6160 = CARTESIAN_POINT ( 'NONE',  ( -12.74999999999920242, -44.00000000000001421, 2.000000000000000000 ) ) ;
#6161 = EDGE_CURVE ( 'NONE', #4993, #3595, #6199, .T. ) ;
#6162 = DIRECTION ( 'NONE',  ( 0.000000000000000000, 0.000000000000000000, 1.000000000000000000 ) ) ;
#6163 = LINE ( 'NONE', #306, #1131 ) ;
#6164 = VECTOR ( 'NONE', #1878, 1000.000000000000000 ) ;
#6165 = ORIENTED_EDGE ( 'NONE', *, *, #6050, .T. ) ;
#6166 = CARTESIAN_POINT ( 'NONE',  ( 25.24999999999999289, 30.99999999999998579, 0.000000000000000000 ) ) ;
#6167 = AXIS2_PLACEMENT_3D ( 'NONE', #3511, #2499, #3631 ) ;
#6168 = CIRCLE ( 'NONE', #3858, 0.9999999999999940048 ) ;
#6169 = CARTESIAN_POINT ( 'NONE',  ( 31.75000000000000000, 30.99999999999998579, 0.000000000000000000 ) ) ;
#6170 = CARTESIAN_POINT ( 'NONE',  ( 30.75000000000040856, -6.000000000000012434, 2.000000000000000000 ) ) ;
#6171 = AXIS2_PLACEMENT_3D ( 'NONE', #4693, #7043, #5874 ) ;
#6172 = ORIENTED_EDGE ( 'NONE', *, *, #149, .T. ) ;
#6173 = LINE ( 'NONE', #3353, #3310 ) ;
#6174 = CARTESIAN_POINT ( 'NONE',  ( -44.25000000000000000, 44.99999999999997868, 0.000000000000000000 ) ) ;
#6175 = CARTESIAN_POINT ( 'NONE',  ( -25.24999999999980105, 24.99999999999998579, 2.000000000000000000 ) ) ;
#6176 = CARTESIAN_POINT ( 'NONE',  ( 6.250000000000394351, 6.999999999999978684, 2.000000000000000000 ) ) ;
#6177 = CARTESIAN_POINT ( 'NONE',  ( -45.24999999999978684, 24.99999999999998579, 2.000000000000000000 ) ) ;
#6178 = CARTESIAN_POINT ( 'NONE',  ( -31.74999999999940314, -12.00000000000001776, 2.000000000000000000 ) ) ;
#6179 = AXIS2_PLACEMENT_3D ( 'NONE', #7326, #3863, #2114 ) ;
#6180 = EDGE_LOOP ( 'NONE', ( #1859, #5587, #5728, #5467 ) ) ;
#6181 = CARTESIAN_POINT ( 'NONE',  ( -26.24999999999939604, -13.00000000000001066, 2.000000000000000000 ) ) ;
#6182 = EDGE_CURVE ( 'NONE', #2613, #5905, #5629, .T. ) ;
#6183 = ORIENTED_EDGE ( 'NONE', *, *, #7115, .T. ) ;
#6184 = ORIENTED_EDGE ( 'NONE', *, *, #2979, .T. ) ;
#6185 = CARTESIAN_POINT ( 'NONE',  ( -30.74999999999920419, -32.00000000000001421, 2.000000000000000000 ) ) ;
#6186 = EDGE_CURVE ( 'NONE', #3266, #5450, #2471, .T. ) ;
#6187 = EDGE_CURVE ( 'NONE', #6664, #5414, #4258, .T. ) ;
#6188 = ADVANCED_FACE ( 'NONE', ( #5249 ), #2428, .T. ) ;
#6189 = DIRECTION ( 'NONE',  ( -0.000000000000000000, 0.000000000000000000, -1.000000000000000000 ) ) ;
#6190 = ORIENTED_EDGE ( 'NONE', *, *, #6052, .F. ) ;
#6191 = CARTESIAN_POINT ( 'NONE',  ( 11.75000000000039968, 5.999999999999984901, 2.000000000000000000 ) ) ;
#6192 = ORIENTED_EDGE ( 'NONE', *, *, #4509, .F. ) ;
#6193 = VERTEX_POINT ( 'NONE', #5894 ) ;
#6194 = EDGE_CURVE ( 'NONE', #5889, #4113, #6534, .T. ) ;
#6195 = ORIENTED_EDGE ( 'NONE', *, *, #3719, .T. ) ;
#6196 = AXIS2_PLACEMENT_3D ( 'NONE', #6894, #5726, #5077 ) ;
#6197 = DIRECTION ( 'NONE',  ( 0.000000000000000000, 0.000000000000000000, 1.000000000000000000 ) ) ;
#6198 = PLANE ( 'NONE',  #3729 ) ;
#6199 = LINE ( 'NONE', #5700, #5971 ) ;
#6200 = DIRECTION ( 'NONE',  ( -1.000000000000000000, 0.000000000000000000, 0.000000000000000000 ) ) ;
#6201 = ORIENTED_EDGE ( 'NONE', *, *, #4979, .F. ) ;
#6202 = DIRECTION ( 'NONE',  ( -0.000000000000000000, -0.000000000000000000, -1.000000000000000000 ) ) ;
#6203 = PLANE ( 'NONE',  #5440 ) ;
#6204 = DIRECTION ( 'NONE',  ( 0.000000000000000000, -0.000000000000000000, -1.000000000000000000 ) ) ;
#6205 = VECTOR ( 'NONE', #2309, 1000.000000000000000 ) ;
#6206 = ORIENTED_EDGE ( 'NONE', *, *, #6874, .T. ) ;
#6207 = CARTESIAN_POINT ( 'NONE',  ( 45.25000000000019185, 24.99999999999998579, 2.000000000000000000 ) ) ;
#6208 = DIRECTION ( 'NONE',  ( 1.000000000000000000, 0.000000000000000000, 0.000000000000000000 ) ) ;
#6209 = DIRECTION ( 'NONE',  ( -0.000000000000000000, -0.000000000000000000, -1.000000000000000000 ) ) ;
#6210 = VECTOR ( 'NONE', #1004, 1000.000000000000000 ) ;
#6211 = PLANE ( 'NONE',  #6879 ) ;
#6212 = DIRECTION ( 'NONE',  ( -0.000000000000000000, 1.000000000000000000, -0.000000000000000000 ) ) ;
#6213 = ORIENTED_EDGE ( 'NONE', *, *, #6186, .T. ) ;
#6214 = EDGE_CURVE ( 'NONE', #507, #3362, #259, .T. ) ;
#6215 = EDGE_CURVE ( 'NONE', #579, #6526, #3642, .T. ) ;
#6216 = DIRECTION ( 'NONE',  ( -1.000000000000000000, 0.000000000000000000, 0.000000000000000000 ) ) ;
#6217 = VECTOR ( 'NONE', #4064, 1000.000000000000000 ) ;
#6218 = ORIENTED_EDGE ( 'NONE', *, *, #1049, .T. ) ;
#6219 = ORIENTED_EDGE ( 'NONE', *, *, #1887, .F. ) ;
#6220 = CARTESIAN_POINT ( 'NONE',  ( 25.25000000000019540, 11.99999999999998579, 0.000000000000000000 ) ) ;
#6221 = CARTESIAN_POINT ( 'NONE',  ( -6.249999999999402256, -25.00000000000000711, 2.000000000000000000 ) ) ;
#6222 = EDGE_CURVE ( 'NONE', #6563, #562, #4760, .T. ) ;
#6223 = DIRECTION ( 'NONE',  ( -0.000000000000000000, -0.000000000000000000, -1.000000000000000000 ) ) ;
#6224 = AXIS2_PLACEMENT_3D ( 'NONE', #4994, #2103, #1025 ) ;
#6225 = ORIENTED_EDGE ( 'NONE', *, *, #7103, .T. ) ;
#6226 = CARTESIAN_POINT ( 'NONE',  ( 44.25000000000019185, 24.99999999999998579, 2.000000000000000000 ) ) ;
#6227 = EDGE_LOOP ( 'NONE', ( #4726, #4415, #3106, #7487 ) ) ;
#6228 = AXIS2_PLACEMENT_3D ( 'NONE', #1895, #5927, #182 ) ;
#6229 = ORIENTED_EDGE ( 'NONE', *, *, #3883, .F. ) ;
#6230 = CIRCLE ( 'NONE', #402, 0.9999999999999940048 ) ;
#6231 = CARTESIAN_POINT ( 'NONE',  ( -25.24999999999999645, 44.99999999999997868, 2.000000000000000000 ) ) ;
#6232 = CARTESIAN_POINT ( 'NONE',  ( 12.75000000000019895, 25.99999999999997868, 0.000000000000000000 ) ) ;
#6233 = ADVANCED_FACE ( 'NONE', ( #1321 ), #1780, .T. ) ;
#6234 = VECTOR ( 'NONE', #4054, 1000.000000000000000 ) ;
#6235 = CARTESIAN_POINT ( 'NONE',  ( 25.24999999999999289, 31.99999999999998579, 2.000000000000000000 ) ) ;
#6236 = LINE ( 'NONE', #6910, #1368 ) ;
#6237 = VERTEX_POINT ( 'NONE', #3488 ) ;
#6238 = DIRECTION ( 'NONE',  ( 1.000000000000000000, 0.000000000000000000, -0.000000000000000000 ) ) ;
#6239 = FACE_OUTER_BOUND ( 'NONE', #6972, .T. ) ;
#6240 = DIRECTION ( 'NONE',  ( -0.000000000000000000, 1.000000000000000000, -0.000000000000000000 ) ) ;
#6241 = ORIENTED_EDGE ( 'NONE', *, *, #5192, .F. ) ;
#6242 = CARTESIAN_POINT ( 'NONE',  ( 12.75000000000079581, -45.00000000000001421, 0.000000000000000000 ) ) ;
#6243 = DIRECTION ( 'NONE',  ( 0.000000000000000000, 0.000000000000000000, 1.000000000000000000 ) ) ;
#6244 = CYLINDRICAL_SURFACE ( 'NONE', #4168, 0.9999999999999974465 ) ;
#6245 = AXIS2_PLACEMENT_3D ( 'NONE', #4116, #4080, #5801 ) ;
#6246 = DIRECTION ( 'NONE',  ( 1.000000000000000000, 0.000000000000000000, -0.000000000000000000 ) ) ;
#6247 = CARTESIAN_POINT ( 'NONE',  ( -25.24999999999920064, -32.00000000000001421, 2.000000000000000000 ) ) ;
#6248 = ORIENTED_EDGE ( 'NONE', *, *, #2621, .F. ) ;
#6249 = DIRECTION ( 'NONE',  ( 0.000000000000000000, 0.000000000000000000, 1.000000000000000000 ) ) ;
#6250 = ORIENTED_EDGE ( 'NONE', *, *, #5097, .F. ) ;
#6251 = EDGE_LOOP ( 'NONE', ( #2804, #7123, #673, #6183 ) ) ;
#6252 = DIRECTION ( 'NONE',  ( -1.000000000000000000, 0.000000000000000000, 0.000000000000000000 ) ) ;
#6253 = EDGE_CURVE ( 'NONE', #3475, #4931, #4140, .T. ) ;
#6254 = CARTESIAN_POINT ( 'NONE',  ( -43.50000000000002132, 46.49999999999998579, 2.000000000000000000 ) ) ;
#6255 = AXIS2_PLACEMENT_3D ( 'NONE', #6779, #6243, #6745 ) ;
#6256 = DIRECTION ( 'NONE',  ( 1.000000000000000000, 0.000000000000000000, 0.000000000000000000 ) ) ;
#6257 = VERTEX_POINT ( 'NONE', #6417 ) ;
#6258 = CARTESIAN_POINT ( 'NONE',  ( 6.250000000000199840, 25.99999999999997868, 2.000000000000000000 ) ) ;
#6259 = VERTEX_POINT ( 'NONE', #4678 ) ;
#6260 = ORIENTED_EDGE ( 'NONE', *, *, #3883, .T. ) ;
#6261 = CARTESIAN_POINT ( 'NONE',  ( -6.249999999999602984, -6.000000000000012434, 2.000000000000000000 ) ) ;
#6262 = CARTESIAN_POINT ( 'NONE',  ( 12.75000000000039257, -7.000000000000013323, 2.000000000000000000 ) ) ;
#6263 = ADVANCED_FACE ( 'NONE', ( #3036 ), #2391, .F. ) ;
#6264 = CARTESIAN_POINT ( 'NONE',  ( 43.50000000000000000, -46.50000000000000000, 0.000000000000000000 ) ) ;
#6265 = DIRECTION ( 'NONE',  ( -0.000000000000000000, 1.000000000000000000, -0.000000000000000000 ) ) ;
#6266 = VERTEX_POINT ( 'NONE', #5359 ) ;
#6267 = DIRECTION ( 'NONE',  ( -1.000000000000000000, 0.000000000000000000, 0.000000000000000000 ) ) ;
#6268 = ORIENTED_EDGE ( 'NONE', *, *, #868, .F. ) ;
#6269 = CARTESIAN_POINT ( 'NONE',  ( -6.249999999999602984, 6.999999999999978684, 2.000000000000000000 ) ) ;
#6270 = EDGE_CURVE ( 'NONE', #5423, #4969, #855, .T. ) ;
#6271 = EDGE_CURVE ( 'NONE', #6969, #2394, #5725, .T. ) ;
#6272 = DIRECTION ( 'NONE',  ( 0.000000000000000000, 0.000000000000000000, 1.000000000000000000 ) ) ;
#6273 = CARTESIAN_POINT ( 'NONE',  ( -12.75000000000000178, 44.99999999999997868, 2.000000000000000000 ) ) ;
#6274 = AXIS2_PLACEMENT_3D ( 'NONE', #2109, #4429, #4497 ) ;
#6275 = EDGE_LOOP ( 'NONE', ( #6947, #1222, #6075, #3094 ) ) ;
#6276 = VECTOR ( 'NONE', #172, 1000.000000000000000 ) ;
#6277 = DIRECTION ( 'NONE',  ( -1.000000000000000000, 0.000000000000000000, 0.000000000000000000 ) ) ;
#6278 = CIRCLE ( 'NONE', #2274, 1.000000000000000888 ) ;
#6279 = LINE ( 'NONE', #4728, #583 ) ;
#6280 = LINE ( 'NONE', #466, #2223 ) ;
#6281 = CARTESIAN_POINT ( 'NONE',  ( 31.75000000000059686, -12.00000000000001776, 2.000000000000000000 ) ) ;
#6282 = CARTESIAN_POINT ( 'NONE',  ( 31.75000000000000000, 44.99999999999997868, 0.000000000000000000 ) ) ;
#6283 = AXIS2_PLACEMENT_3D ( 'NONE', #4730, #162, #1914 ) ;
#6284 = VERTEX_POINT ( 'NONE', #744 ) ;
#6285 = VECTOR ( 'NONE', #3957, 1000.000000000000000 ) ;
#6286 = ORIENTED_EDGE ( 'NONE', *, *, #3348, .F. ) ;
#6287 = DIRECTION ( 'NONE',  ( 0.000000000000000000, -1.000000000000000000, 0.000000000000000000 ) ) ;
#6288 = CARTESIAN_POINT ( 'NONE',  ( -11.74999999999960032, 5.999999999999984901, 0.000000000000000000 ) ) ;
#6289 = DIRECTION ( 'NONE',  ( -1.000000000000000000, 0.000000000000000000, 0.000000000000000000 ) ) ;
#6290 = ORIENTED_EDGE ( 'NONE', *, *, #54, .F. ) ;
#6291 = DIRECTION ( 'NONE',  ( -0.000000000000000000, -0.000000000000000000, -1.000000000000000000 ) ) ;
#6292 = ORIENTED_EDGE ( 'NONE', *, *, #7437, .T. ) ;
#6293 = ORIENTED_EDGE ( 'NONE', *, *, #2286, .F. ) ;
#6294 = ORIENTED_EDGE ( 'NONE', *, *, #5400, .T. ) ;
#6295 = CARTESIAN_POINT ( 'NONE',  ( -43.50000000000002132, -46.50000000000001421, 2.000000000000000000 ) ) ;
#6296 = DIRECTION ( 'NONE',  ( 0.000000000000000000, 0.000000000000000000, 1.000000000000000000 ) ) ;
#6297 = LINE ( 'NONE', #5018, #2395 ) ;
#6298 = AXIS2_PLACEMENT_3D ( 'NONE', #3596, #1894, #140 ) ;
#6299 = LINE ( 'NONE', #5736, #3899 ) ;
#6300 = ORIENTED_EDGE ( 'NONE', *, *, #5162, .F. ) ;
#6301 = CARTESIAN_POINT ( 'NONE',  ( -45.24999999999919709, -44.00000000000001421, 2.000000000000000000 ) ) ;
#6302 = ADVANCED_FACE ( 'NONE', ( #1202 ), #6496, .T. ) ;
#6303 = VERTEX_POINT ( 'NONE', #1821 ) ;
#6304 = EDGE_CURVE ( 'NONE', #5998, #2013, #2085, .T. ) ;
#6305 = CARTESIAN_POINT ( 'NONE',  ( 12.75000000000079581, -31.00000000000002132, 0.000000000000000000 ) ) ;
#6306 = EDGE_CURVE ( 'NONE', #4500, #6040, #2961, .T. ) ;
#6307 = CARTESIAN_POINT ( 'NONE',  ( -43.50000000000002132, 46.49999999999998579, 2.000000000000000000 ) ) ;
#6308 = VECTOR ( 'NONE', #7397, 1000.000000000000000 ) ;
#6309 = CARTESIAN_POINT ( 'NONE',  ( -31.74999999999920419, -44.00000000000001421, 2.000000000000000000 ) ) ;
#6310 = ADVANCED_FACE ( 'NONE', ( #4716 ), #7028, .F. ) ;
#6311 = ORIENTED_EDGE ( 'NONE', *, *, #2378, .F. ) ;
#6312 = LINE ( 'NONE', #2974, #5500 ) ;
#6313 = ADVANCED_FACE ( 'NONE', ( #1509 ), #3757, .T. ) ;
#6314 = CARTESIAN_POINT ( 'NONE',  ( -7.249999999999194422, -32.00000000000001421, 2.000000000000000000 ) ) ;
#6315 = LINE ( 'NONE', #5144, #2835 ) ;
#6316 = CARTESIAN_POINT ( 'NONE',  ( -43.50000000000002132, 43.50000000000000000, 0.000000000000000000 ) ) ;
#6317 = EDGE_CURVE ( 'NONE', #6528, #4892, #1395, .T. ) ;
#6318 = CARTESIAN_POINT ( 'NONE',  ( 44.25000000000039790, -7.000000000000013323, 0.000000000000000000 ) ) ;
#6319 = VECTOR ( 'NONE', #154, 1000.000000000000000 ) ;
#6320 = EDGE_CURVE ( 'NONE', #745, #738, #219, .T. ) ;
#6321 = VERTEX_POINT ( 'NONE', #4974 ) ;
#6322 = ORIENTED_EDGE ( 'NONE', *, *, #604, .T. ) ;
#6323 = VERTEX_POINT ( 'NONE', #4323 ) ;
#6324 = LINE ( 'NONE', #1536, #2522 ) ;
#6325 = CARTESIAN_POINT ( 'NONE',  ( 27.29999999999998650, 28.49999999999999645, 2.000000000000000000 ) ) ;
#6326 = CARTESIAN_POINT ( 'NONE',  ( -27.30000000000000071, 28.49999999999998934, 0.000000000000000000 ) ) ;
#6327 = EDGE_CURVE ( 'NONE', #5931, #961, #6155, .T. ) ;
#6328 = ORIENTED_EDGE ( 'NONE', *, *, #1021, .T. ) ;
#6329 = DIRECTION ( 'NONE',  ( -1.000000000000000000, 0.000000000000000000, 0.000000000000000000 ) ) ;
#6330 = VERTEX_POINT ( 'NONE', #852 ) ;
#6331 = AXIS2_PLACEMENT_3D ( 'NONE', #2764, #4439, #5655 ) ;
#6332 = ORIENTED_EDGE ( 'NONE', *, *, #6740, .F. ) ;
#6333 = LINE ( 'NONE', #2349, #5511 ) ;
#6334 = CARTESIAN_POINT ( 'NONE',  ( 26.25000000000059330, -13.00000000000001066, 2.000000000000000000 ) ) ;
#6335 = LINE ( 'NONE', #3911, #6761 ) ;
#6336 = EDGE_LOOP ( 'NONE', ( #1069, #1852, #7134, #5550 ) ) ;
#6337 = LINE ( 'NONE', #1124, #5844 ) ;
#6338 = VERTEX_POINT ( 'NONE', #1466 ) ;
#6339 = CARTESIAN_POINT ( 'NONE',  ( 7.250000000000395239, -6.000000000000012434, 2.000000000000000000 ) ) ;
#6340 = AXIS2_PLACEMENT_3D ( 'NONE', #3818, #2173, #6277 ) ;
#6341 = ORIENTED_EDGE ( 'NONE', *, *, #6304, .T. ) ;
#6342 = ORIENTED_EDGE ( 'NONE', *, *, #6866, .F. ) ;
#6343 = VECTOR ( 'NONE', #682, 1000.000000000000000 ) ;
#6344 = VECTOR ( 'NONE', #5589, 1000.000000000000000 ) ;
#6345 = ADVANCED_FACE ( 'NONE', ( #3717 ), #930, .T. ) ;
#6346 = CARTESIAN_POINT ( 'NONE',  ( 31.75000000000019540, 11.99999999999998579, 2.000000000000000000 ) ) ;
#6347 = AXIS2_PLACEMENT_3D ( 'NONE', #6451, #7024, #1815 ) ;
#6348 = CARTESIAN_POINT ( 'NONE',  ( 25.25000000000058975, -12.00000000000001776, 2.000000000000000000 ) ) ;
#6349 = DIRECTION ( 'NONE',  ( -0.000000000000000000, -0.000000000000000000, -1.000000000000000000 ) ) ;
#6350 = EDGE_CURVE ( 'NONE', #5014, #3271, #1358, .T. ) ;
#6351 = VECTOR ( 'NONE', #4484, 1000.000000000000000 ) ;
#6352 = CARTESIAN_POINT ( 'NONE',  ( -44.24999999999960210, 6.999999999999978684, 2.000000000000000000 ) ) ;
#6353 = DIRECTION ( 'NONE',  ( -0.000000000000000000, -0.000000000000000000, -1.000000000000000000 ) ) ;
#6354 = CARTESIAN_POINT ( 'NONE',  ( -12.74999999999960210, -6.000000000000012434, 2.000000000000000000 ) ) ;
#6355 = ORIENTED_EDGE ( 'NONE', *, *, #6365, .T. ) ;
#6356 = DIRECTION ( 'NONE',  ( -0.000000000000000000, -0.000000000000000000, -1.000000000000000000 ) ) ;
#6357 = ORIENTED_EDGE ( 'NONE', *, *, #7158, .F. ) ;
#6358 = DIRECTION ( 'NONE',  ( -0.000000000000000000, -0.000000000000000000, -1.000000000000000000 ) ) ;
#6359 = EDGE_LOOP ( 'NONE', ( #1971, #684, #3167, #809 ) ) ;
#6360 = VERTEX_POINT ( 'NONE', #3190 ) ;
#6361 = AXIS2_PLACEMENT_3D ( 'NONE', #323, #4965, #208 ) ;
#6362 = ORIENTED_EDGE ( 'NONE', *, *, #4366, .T. ) ;
#6363 = LINE ( 'NONE', #1225, #58 ) ;
#6364 = CIRCLE ( 'NONE', #6733, 0.9999999999999940048 ) ;
#6365 = EDGE_CURVE ( 'NONE', #6284, #636, #2315, .T. ) ;
#6366 = CARTESIAN_POINT ( 'NONE',  ( -6.249999999999998224, 30.99999999999998579, 2.000000000000000000 ) ) ;
#6367 = LINE ( 'NONE', #2836, #5625 ) ;
#6368 = ORIENTED_EDGE ( 'NONE', *, *, #2519, .F. ) ;
#6369 = CARTESIAN_POINT ( 'NONE',  ( -45.24999999999978684, 12.99999999999999112, 0.000000000000000000 ) ) ;
#6370 = ORIENTED_EDGE ( 'NONE', *, *, #1700, .F. ) ;
#6371 = ORIENTED_EDGE ( 'NONE', *, *, #5097, .T. ) ;
#6372 = EDGE_LOOP ( 'NONE', ( #4058, #665, #1882, #4009, #3856, #3253, #2207, #3130 ) ) ;
#6373 = PLANE ( 'NONE',  #6298 ) ;
#6374 = EDGE_CURVE ( 'NONE', #1919, #6408, #3145, .T. ) ;
#6375 = AXIS2_PLACEMENT_3D ( 'NONE', #3569, #1865, #6500 ) ;
#6376 = PLANE ( 'NONE',  #2955 ) ;
#6377 = CARTESIAN_POINT ( 'NONE',  ( -45.24999999999919709, -44.00000000000001421, 0.000000000000000000 ) ) ;
#6378 = LINE ( 'NONE', #596, #3474 ) ;
#6379 = ORIENTED_EDGE ( 'NONE', *, *, #2184, .F. ) ;
#6380 = CARTESIAN_POINT ( 'NONE',  ( 11.75000000000020428, 24.99999999999998579, 2.000000000000000000 ) ) ;
#6381 = ORIENTED_EDGE ( 'NONE', *, *, #1377, .T. ) ;
#6382 = DIRECTION ( 'NONE',  ( -0.000000000000000000, -0.000000000000000000, -1.000000000000000000 ) ) ;
#6383 = ORIENTED_EDGE ( 'NONE', *, *, #5864, .F. ) ;
#6384 = CARTESIAN_POINT ( 'NONE',  ( -26.24999999999979394, 24.99999999999998579, 0.000000000000000000 ) ) ;
#6385 = EDGE_CURVE ( 'NONE', #2842, #1542, #5509, .T. ) ;
#6386 = LINE ( 'NONE', #3646, #3493 ) ;
#6387 = CARTESIAN_POINT ( 'NONE',  ( -6.249999999999797495, 11.99999999999998579, 2.000000000000000000 ) ) ;
#6388 = DIRECTION ( 'NONE',  ( 0.000000000000000000, 0.000000000000000000, 1.000000000000000000 ) ) ;
#6389 = DIRECTION ( 'NONE',  ( 0.000000000000000000, 0.000000000000000000, 1.000000000000000000 ) ) ;
#6390 = DIRECTION ( 'NONE',  ( -1.000000000000000000, 0.000000000000000000, 0.000000000000000000 ) ) ;
#6391 = CARTESIAN_POINT ( 'NONE',  ( -25.24999999999999645, 30.99999999999998579, 0.000000000000000000 ) ) ;
#6392 = CIRCLE ( 'NONE', #2756, 1.000000000000000888 ) ;
#6393 = FACE_BOUND ( 'NONE', #4022, .T. ) ;
#6394 = DIRECTION ( 'NONE',  ( 0.000000000000000000, -1.000000000000000000, 0.000000000000000000 ) ) ;
#6395 = ORIENTED_EDGE ( 'NONE', *, *, #3651, .F. ) ;
#6396 = AXIS2_PLACEMENT_3D ( 'NONE', #352, #5525, #3844 ) ;
#6397 = ORIENTED_EDGE ( 'NONE', *, *, #6546, .T. ) ;
#6398 = EDGE_CURVE ( 'NONE', #2573, #5358, #1936, .T. ) ;
#6399 = FACE_OUTER_BOUND ( 'NONE', #3634, .T. ) ;
#6400 = DIRECTION ( 'NONE',  ( -1.000000000000000000, 0.000000000000000000, 0.000000000000000000 ) ) ;
#6401 = EDGE_CURVE ( 'NONE', #1223, #5703, #4879, .T. ) ;
#6402 = VECTOR ( 'NONE', #3823, 1000.000000000000000 ) ;
#6403 = LINE ( 'NONE', #2416, #4463 ) ;
#6404 = VERTEX_POINT ( 'NONE', #7255 ) ;
#6405 = CARTESIAN_POINT ( 'NONE',  ( -7.249999999999194422, -32.00000000000001421, 2.000000000000000000 ) ) ;
#6406 = EDGE_LOOP ( 'NONE', ( #4397, #1643, #4097, #6665 ) ) ;
#6407 = EDGE_CURVE ( 'NONE', #625, #4669, #2048, .T. ) ;
#6408 = VERTEX_POINT ( 'NONE', #2582 ) ;
#6409 = ORIENTED_EDGE ( 'NONE', *, *, #4262, .F. ) ;
#6410 = DIRECTION ( 'NONE',  ( -0.000000000000000000, -0.000000000000000000, -1.000000000000000000 ) ) ;
#6411 = ADVANCED_FACE ( 'NONE', ( #4248 ), #3792, .F. ) ;
#6412 = DIRECTION ( 'NONE',  ( -0.000000000000000000, 1.000000000000000000, -0.000000000000000000 ) ) ;
#6413 = ADVANCED_FACE ( 'NONE', ( #6608 ), #2009, .F. ) ;
#6414 = FACE_OUTER_BOUND ( 'NONE', #4704, .T. ) ;
#6415 = DIRECTION ( 'NONE',  ( -0.000000000000000000, -0.000000000000000000, -1.000000000000000000 ) ) ;
#6416 = ORIENTED_EDGE ( 'NONE', *, *, #4069, .F. ) ;
#6417 = CARTESIAN_POINT ( 'NONE',  ( -11.74999999999960032, -6.000000000000012434, 0.000000000000000000 ) ) ;
#6418 = VECTOR ( 'NONE', #5064, 1000.000000000000000 ) ;
#6419 = ORIENTED_EDGE ( 'NONE', *, *, #1384, .T. ) ;
#6420 = EDGE_CURVE ( 'NONE', #1008, #6909, #2659, .T. ) ;
#6421 = DIRECTION ( 'NONE',  ( 0.000000000000000000, -0.000000000000000000, -1.000000000000000000 ) ) ;
#6422 = ORIENTED_EDGE ( 'NONE', *, *, #1397, .F. ) ;
#6423 = CARTESIAN_POINT ( 'NONE',  ( 30.75000000000040856, 5.999999999999984901, 0.000000000000000000 ) ) ;
#6424 = AXIS2_PLACEMENT_3D ( 'NONE', #6077, #5424, #6638 ) ;
#6425 = DIRECTION ( 'NONE',  ( 1.000000000000000000, 0.000000000000000000, 0.000000000000000000 ) ) ;
#6426 = EDGE_CURVE ( 'NONE', #6991, #3237, #3059, .T. ) ;
#6427 = DIRECTION ( 'NONE',  ( -0.000000000000000000, -0.000000000000000000, -1.000000000000000000 ) ) ;
#6428 = FACE_OUTER_BOUND ( 'NONE', #5174, .T. ) ;
#6429 = VERTEX_POINT ( 'NONE', #4513 ) ;
#6430 = CARTESIAN_POINT ( 'NONE',  ( 7.250000000000797584, -44.00000000000001421, 2.000000000000000000 ) ) ;
#6431 = CARTESIAN_POINT ( 'NONE',  ( 6.250000000000595080, -26.00000000000001066, 0.000000000000000000 ) ) ;
#6432 = VECTOR ( 'NONE', #6044, 1000.000000000000000 ) ;
#6433 = CARTESIAN_POINT ( 'NONE',  ( -31.74999999999920419, -32.00000000000001421, 2.000000000000000000 ) ) ;
#6434 = CARTESIAN_POINT ( 'NONE',  ( 6.250000000000394351, -6.000000000000012434, 0.000000000000000000 ) ) ;
#6435 = CARTESIAN_POINT ( 'NONE',  ( 44.25000000000039790, 6.999999999999978684, 2.000000000000000000 ) ) ;
#6436 = VERTEX_POINT ( 'NONE', #6826 ) ;
#6437 = EDGE_LOOP ( 'NONE', ( #2078, #3292, #2492, #4244 ) ) ;
#6438 = DIRECTION ( 'NONE',  ( -1.000000000000000000, -0.000000000000000000, -0.000000000000000000 ) ) ;
#6439 = VECTOR ( 'NONE', #731, 1000.000000000000000 ) ;
#6440 = CARTESIAN_POINT ( 'NONE',  ( -31.74999999999940314, -13.00000000000001066, 2.000000000000000000 ) ) ;
#6441 = STYLED_ITEM ( 'NONE', ( #1132 ), #5775 ) ;
#6442 = EDGE_CURVE ( 'NONE', #145, #2913, #3905, .T. ) ;
#6443 = LINE ( 'NONE', #3549, #215 ) ;
#6444 = ORIENTED_EDGE ( 'NONE', *, *, #641, .T. ) ;
#6445 = DIRECTION ( 'NONE',  ( -0.000000000000000000, -0.000000000000000000, -1.000000000000000000 ) ) ;
#6446 = EDGE_LOOP ( 'NONE', ( #3834, #4079 ) ) ;
#6447 = AXIS2_PLACEMENT_3D ( 'NONE', #4754, #3600, #1285 ) ;
#6448 = EDGE_LOOP ( 'NONE', ( #1545, #2800, #6760, #250 ) ) ;
#6449 = ADVANCED_FACE ( 'NONE', ( #2188 ), #5082, .F. ) ;
#6450 = CARTESIAN_POINT ( 'NONE',  ( 26.25000000000079226, -44.00000000000001421, 0.000000000000000000 ) ) ;
#6451 = CARTESIAN_POINT ( 'NONE',  ( 28.49999999999999645, -28.49999999999998934, 8.572527594031469492E-17 ) ) ;
#6452 = ORIENTED_EDGE ( 'NONE', *, *, #1720, .T. ) ;
#6453 = CARTESIAN_POINT ( 'NONE',  ( 45.25000000000059686, -13.00000000000001066, 0.000000000000000000 ) ) ;
#6454 = LINE ( 'NONE', #108, #6641 ) ;
#6455 = CIRCLE ( 'NONE', #3183, 3.000000000000016431 ) ;
#6456 = VERTEX_POINT ( 'NONE', #2153 ) ;
#6457 = CARTESIAN_POINT ( 'NONE',  ( -6.249999999999402256, -13.00000000000001066, 2.000000000000000000 ) ) ;
#6458 = ORIENTED_EDGE ( 'NONE', *, *, #1383, .T. ) ;
#6459 = DIRECTION ( 'NONE',  ( 0.000000000000000000, 0.000000000000000000, 1.000000000000000000 ) ) ;
#6460 = ORIENTED_EDGE ( 'NONE', *, *, #6187, .T. ) ;
#6461 = CARTESIAN_POINT ( 'NONE',  ( -25.24999999999920064, -31.00000000000002132, 2.000000000000000000 ) ) ;
#6462 = EDGE_CURVE ( 'NONE', #4517, #2794, #2694, .T. ) ;
#6463 = LINE ( 'NONE', #2434, #3373 ) ;
#6464 = DIRECTION ( 'NONE',  ( 1.000000000000000000, 0.000000000000000000, 0.000000000000000000 ) ) ;
#6465 = VECTOR ( 'NONE', #6702, 1000.000000000000000 ) ;
#6466 = ORIENTED_EDGE ( 'NONE', *, *, #5165, .T. ) ;
#6467 = DIRECTION ( 'NONE',  ( -0.000000000000000000, -0.000000000000000000, -1.000000000000000000 ) ) ;
#6468 = VECTOR ( 'NONE', #31, 1000.000000000000000 ) ;
#6469 = DIRECTION ( 'NONE',  ( 0.000000000000000000, 0.000000000000000000, 1.000000000000000000 ) ) ;
#6470 = LINE ( 'NONE', #5408, #4773 ) ;
#6471 = DIRECTION ( 'NONE',  ( -0.000000000000000000, 1.000000000000000000, -0.000000000000000000 ) ) ;
#6472 = CARTESIAN_POINT ( 'NONE',  ( 45.25000000000078870, -44.00000000000001421, 2.000000000000000000 ) ) ;
#6473 = AXIS2_PLACEMENT_3D ( 'NONE', #4021, #3416, #1086 ) ;
#6474 = VECTOR ( 'NONE', #6223, 1000.000000000000000 ) ;
#6475 = DIRECTION ( 'NONE',  ( 0.000000000000000000, 0.000000000000000000, 1.000000000000000000 ) ) ;
#6476 = EDGE_LOOP ( 'NONE', ( #2390, #6112, #5435, #5433 ) ) ;
#6477 = VECTOR ( 'NONE', #2976, 1000.000000000000000 ) ;
#6478 = EDGE_LOOP ( 'NONE', ( #3226, #3751, #5345, #2901 ) ) ;
#6479 = FACE_OUTER_BOUND ( 'NONE', #2000, .T. ) ;
#6480 = ORIENTED_EDGE ( 'NONE', *, *, #2827, .T. ) ;
#6481 = CYLINDRICAL_SURFACE ( 'NONE', #845, 0.9999999999999974465 ) ;
#6482 = EDGE_CURVE ( 'NONE', #3773, #55, #5604, .T. ) ;
#6483 = DIRECTION ( 'NONE',  ( 0.000000000000000000, -1.000000000000000000, 0.000000000000000000 ) ) ;
#6484 = VECTOR ( 'NONE', #229, 1000.000000000000000 ) ;
#6485 = VERTEX_POINT ( 'NONE', #7435 ) ;
#6486 = PLANE ( 'NONE',  #6576 ) ;
#6487 = VERTEX_POINT ( 'NONE', #6258 ) ;
#6488 = ADVANCED_FACE ( 'NONE', ( #1649 ), #4586, .F. ) ;
#6489 = EDGE_LOOP ( 'NONE', ( #5390, #835, #5693, #5843 ) ) ;
#6490 = VERTEX_POINT ( 'NONE', #439 ) ;
#6491 = LINE ( 'NONE', #1813, #1442 ) ;
#6492 = DIRECTION ( 'NONE',  ( 1.000000000000000000, 0.000000000000000000, 0.000000000000000000 ) ) ;
#6493 = CARTESIAN_POINT ( 'NONE',  ( 45.25000000000000000, 31.99999999999998579, 0.000000000000000000 ) ) ;
#6494 = ORIENTED_EDGE ( 'NONE', *, *, #2142, .F. ) ;
#6495 = AXIS2_PLACEMENT_3D ( 'NONE', #3203, #6840, #5822 ) ;
#6496 = PLANE ( 'NONE',  #1094 ) ;
#6497 = ORIENTED_EDGE ( 'NONE', *, *, #1244, .T. ) ;
#6498 = CARTESIAN_POINT ( 'NONE',  ( -30.74999999999960210, 5.999999999999984901, 2.000000000000000000 ) ) ;
#6499 = DIRECTION ( 'NONE',  ( -0.000000000000000000, -0.000000000000000000, -1.000000000000000000 ) ) ;
#6500 = DIRECTION ( 'NONE',  ( -1.000000000000000000, 0.000000000000000000, 0.000000000000000000 ) ) ;
#6501 = EDGE_CURVE ( 'NONE', #7364, #3189, #2839, .T. ) ;
#6502 = CARTESIAN_POINT ( 'NONE',  ( -6.249999999999998224, 30.99999999999998579, 0.000000000000000000 ) ) ;
#6503 = VECTOR ( 'NONE', #3058, 1000.000000000000000 ) ;
#6504 = CARTESIAN_POINT ( 'NONE',  ( -45.24999999999999289, 43.99999999999998579, 2.000000000000000000 ) ) ;
#6505 = LINE ( 'NONE', #1831, #3072 ) ;
#6506 = EDGE_CURVE ( 'NONE', #6565, #894, #5767, .T. ) ;
#6507 = EDGE_LOOP ( 'NONE', ( #136, #3311, #7439, #5880 ) ) ;
#6508 = EDGE_CURVE ( 'NONE', #2754, #2508, #2931, .T. ) ;
#6509 = EDGE_CURVE ( 'NONE', #2894, #6610, #2454, .T. ) ;
#6510 = CARTESIAN_POINT ( 'NONE',  ( -31.74999999999979750, 12.99999999999998757, 2.000000000000000000 ) ) ;
#6511 = CARTESIAN_POINT ( 'NONE',  ( -11.74999999999960387, 5.999999999999984901, 0.000000000000000000 ) ) ;
#6512 = EDGE_CURVE ( 'NONE', #1810, #4659, #5618, .T. ) ;
#6513 = DIRECTION ( 'NONE',  ( 0.000000000000000000, 0.000000000000000000, 1.000000000000000000 ) ) ;
#6514 = CARTESIAN_POINT ( 'NONE',  ( -44.24999999999960210, -6.000000000000012434, 2.000000000000000000 ) ) ;
#6515 = LINE ( 'NONE', #1840, #5798 ) ;
#6516 = ORIENTED_EDGE ( 'NONE', *, *, #3584, .F. ) ;
#6517 = EDGE_CURVE ( 'NONE', #3916, #3873, #966, .T. ) ;
#6518 = ORIENTED_EDGE ( 'NONE', *, *, #923, .T. ) ;
#6519 = DIRECTION ( 'NONE',  ( 0.000000000000000000, 0.000000000000000000, 1.000000000000000000 ) ) ;
#6520 = AXIS2_PLACEMENT_3D ( 'NONE', #5049, #7371, #2160 ) ;
#6521 = CARTESIAN_POINT ( 'NONE',  ( 12.75000000000079581, -45.00000000000001421, 0.000000000000000000 ) ) ;
#6522 = CARTESIAN_POINT ( 'NONE',  ( 45.25000000000000000, 31.99999999999998579, 2.000000000000000000 ) ) ;
#6523 = CARTESIAN_POINT ( 'NONE',  ( 11.75000000000060041, -25.00000000000000711, 0.000000000000000000 ) ) ;
#6524 = ORIENTED_EDGE ( 'NONE', *, *, #6543, .T. ) ;
#6525 = CARTESIAN_POINT ( 'NONE',  ( 44.25000000000039790, 5.999999999999984901, 2.000000000000000000 ) ) ;
#6526 = VERTEX_POINT ( 'NONE', #1040 ) ;
#6527 = ORIENTED_EDGE ( 'NONE', *, *, #6462, .T. ) ;
#6528 = VERTEX_POINT ( 'NONE', #5691 ) ;
#6529 = FACE_OUTER_BOUND ( 'NONE', #4628, .T. ) ;
#6530 = AXIS2_PLACEMENT_3D ( 'NONE', #20, #1769, #5274 ) ;
#6531 = VECTOR ( 'NONE', #4219, 1000.000000000000000 ) ;
#6532 = CARTESIAN_POINT ( 'NONE',  ( -25.24999999999980105, 11.99999999999998579, 2.000000000000000000 ) ) ;
#6533 = ORIENTED_EDGE ( 'NONE', *, *, #54, .T. ) ;
#6534 = LINE ( 'NONE', #5930, #3531 ) ;
#6535 = EDGE_LOOP ( 'NONE', ( #5171, #3671, #5092, #102 ) ) ;
#6536 = VECTOR ( 'NONE', #6814, 1000.000000000000000 ) ;
#6537 = LINE ( 'NONE', #2474, #2952 ) ;
#6538 = AXIS2_PLACEMENT_3D ( 'NONE', #3083, #643, #2970 ) ;
#6539 = CARTESIAN_POINT ( 'NONE',  ( -6.249999999999998224, 44.99999999999997868, 2.000000000000000000 ) ) ;
#6540 = CARTESIAN_POINT ( 'NONE',  ( 31.75000000000000000, 43.99999999999998579, 2.000000000000000000 ) ) ;
#6541 = CIRCLE ( 'NONE', #946, 1.199999999999999734 ) ;
#6542 = CARTESIAN_POINT ( 'NONE',  ( -31.75000000000000000, 30.99999999999998579, 2.000000000000000000 ) ) ;
#6543 = EDGE_CURVE ( 'NONE', #6756, #901, #5157, .T. ) ;
#6544 = CARTESIAN_POINT ( 'NONE',  ( 12.74999999999999822, 44.99999999999997868, 2.000000000000000000 ) ) ;
#6545 = DIRECTION ( 'NONE',  ( -0.000000000000000000, -0.000000000000000000, -1.000000000000000000 ) ) ;
#6546 = EDGE_CURVE ( 'NONE', #1034, #4018, #3300, .T. ) ;
#6547 = CYLINDRICAL_SURFACE ( 'NONE', #6712, 0.9999999999999940048 ) ;
#6548 = PLANE ( 'NONE',  #6952 ) ;
#6549 = FACE_BOUND ( 'NONE', #3505, .T. ) ;
#6550 = DIRECTION ( 'NONE',  ( -1.000000000000000000, 0.000000000000000000, 0.000000000000000000 ) ) ;
#6551 = ORIENTED_EDGE ( 'NONE', *, *, #4800, .F. ) ;
#6552 = EDGE_CURVE ( 'NONE', #3873, #5905, #7330, .T. ) ;
#6553 = ORIENTED_EDGE ( 'NONE', *, *, #7064, .T. ) ;
#6554 = LINE ( 'NONE', #2639, #2120 ) ;
#6555 = ORIENTED_EDGE ( 'NONE', *, *, #5341, .F. ) ;
#6556 = DIRECTION ( 'NONE',  ( 1.000000000000000000, 0.000000000000000000, -0.000000000000000000 ) ) ;
#6557 = DIRECTION ( 'NONE',  ( 1.000000000000000000, 0.000000000000000000, 0.000000000000000000 ) ) ;
#6558 = EDGE_CURVE ( 'NONE', #6526, #2178, #3369, .T. ) ;
#6559 = EDGE_CURVE ( 'NONE', #844, #7519, #5980, .T. ) ;
#6560 = DIRECTION ( 'NONE',  ( -0.000000000000000000, -0.000000000000000000, -1.000000000000000000 ) ) ;
#6561 = ORIENTED_EDGE ( 'NONE', *, *, #5719, .T. ) ;
#6562 = DIRECTION ( 'NONE',  ( -1.000000000000000000, -0.000000000000000000, -0.000000000000000000 ) ) ;
#6563 = VERTEX_POINT ( 'NONE', #7401 ) ;
#6564 = ORIENTED_EDGE ( 'NONE', *, *, #6365, .F. ) ;
#6565 = VERTEX_POINT ( 'NONE', #482 ) ;
#6566 = LINE ( 'NONE', #1353, #4853 ) ;
#6567 = AXIS2_PLACEMENT_3D ( 'NONE', #7229, #1403, #1978 ) ;
#6568 = PLANE ( 'NONE',  #6228 ) ;
#6569 = ORIENTED_EDGE ( 'NONE', *, *, #5486, .T. ) ;
#6570 = CARTESIAN_POINT ( 'NONE',  ( 31.75000000000019540, 24.99999999999998579, 0.000000000000000000 ) ) ;
#6571 = VERTEX_POINT ( 'NONE', #2799 ) ;
#6572 = VECTOR ( 'NONE', #415, 1000.000000000000000 ) ;
#6573 = LINE ( 'NONE', #746, #4414 ) ;
#6574 = ORIENTED_EDGE ( 'NONE', *, *, #4752, .F. ) ;
#6575 = CARTESIAN_POINT ( 'NONE',  ( -43.50000000000002132, 46.49999999999998579, 0.000000000000000000 ) ) ;
#6576 = AXIS2_PLACEMENT_3D ( 'NONE', #4743, #5959, #2381 ) ;
#6577 = CARTESIAN_POINT ( 'NONE',  ( 7.250000000000797584, -32.00000000000001421, 2.000000000000000000 ) ) ;
#6578 = DIRECTION ( 'NONE',  ( -0.000000000000000000, -0.000000000000000000, -1.000000000000000000 ) ) ;
#6579 = CIRCLE ( 'NONE', #21, 1.000000000000000888 ) ;
#6580 = CARTESIAN_POINT ( 'NONE',  ( -26.24999999999959144, -6.000000000000012434, 2.000000000000000000 ) ) ;
#6581 = VECTOR ( 'NONE', #3783, 1000.000000000000000 ) ;
#6582 = CARTESIAN_POINT ( 'NONE',  ( 30.75000000000079581, -32.00000000000001421, 0.000000000000000000 ) ) ;
#6583 = FACE_OUTER_BOUND ( 'NONE', #6489, .T. ) ;
#6584 = EDGE_CURVE ( 'NONE', #5854, #6149, #3657, .T. ) ;
#6585 = CARTESIAN_POINT ( 'NONE',  ( -45.24999999999959499, 5.999999999999984901, 0.000000000000000000 ) ) ;
#6586 = VECTOR ( 'NONE', #3578, 1000.000000000000000 ) ;
#6587 = LINE ( 'NONE', #237, #4456 ) ;
#6588 = VERTEX_POINT ( 'NONE', #6369 ) ;
#6589 = CIRCLE ( 'NONE', #4406, 0.9999999999999974465 ) ;
#6590 = VERTEX_POINT ( 'NONE', #62 ) ;
#6591 = ORIENTED_EDGE ( 'NONE', *, *, #2475, .F. ) ;
#6592 = DIRECTION ( 'NONE',  ( 0.000000000000000000, -0.000000000000000000, 1.000000000000000000 ) ) ;
#6593 = PLANE ( 'NONE',  #785 ) ;
#6594 = DIRECTION ( 'NONE',  ( 1.000000000000000000, 0.000000000000000000, 0.000000000000000000 ) ) ;
#6595 = AXIS2_PLACEMENT_3D ( 'NONE', #2296, #6931, #4621 ) ;
#6596 = EDGE_CURVE ( 'NONE', #738, #199, #4633, .T. ) ;
#6597 = CARTESIAN_POINT ( 'NONE',  ( 45.25000000000039790, 5.999999999999984901, 2.000000000000000000 ) ) ;
#6598 = AXIS2_PLACEMENT_3D ( 'NONE', #4692, #1793, #3161 ) ;
#6599 = ORIENTED_EDGE ( 'NONE', *, *, #3437, .T. ) ;
#6600 = LINE ( 'NONE', #1387, #5760 ) ;
#6601 = ORIENTED_EDGE ( 'NONE', *, *, #3988, .F. ) ;
#6602 = ORIENTED_EDGE ( 'NONE', *, *, #2460, .F. ) ;
#6603 = ADVANCED_FACE ( 'NONE', ( #5920 ), #1890, .F. ) ;
#6604 = ORIENTED_EDGE ( 'NONE', *, *, #1700, .T. ) ;
#6605 = LINE ( 'NONE', #6037, #1327 ) ;
#6606 = DIRECTION ( 'NONE',  ( 1.000000000000000000, 0.000000000000000000, -0.000000000000000000 ) ) ;
#6607 = ORIENTED_EDGE ( 'NONE', *, *, #4603, .T. ) ;
#6608 = FACE_OUTER_BOUND ( 'NONE', #1864, .T. ) ;
#6609 = VERTEX_POINT ( 'NONE', #1152 ) ;
#6610 = VERTEX_POINT ( 'NONE', #5196 ) ;
#6611 = VERTEX_POINT ( 'NONE', #3473 ) ;
#6612 = DIRECTION ( 'NONE',  ( 0.000000000000000000, 0.000000000000000000, 1.000000000000000000 ) ) ;
#6613 = VECTOR ( 'NONE', #4154, 1000.000000000000000 ) ;
#6614 = AXIS2_PLACEMENT_3D ( 'NONE', #4486, #7344, #5560 ) ;
#6615 = DIRECTION ( 'NONE',  ( -0.000000000000000000, 1.000000000000000000, -0.000000000000000000 ) ) ;
#6616 = CARTESIAN_POINT ( 'NONE',  ( 43.50000000000000000, 46.49999999999998579, 0.000000000000000000 ) ) ;
#6617 = CARTESIAN_POINT ( 'NONE',  ( 31.75000000000059686, -26.00000000000001066, 2.000000000000000000 ) ) ;
#6618 = EDGE_CURVE ( 'NONE', #3266, #2840, #4161, .T. ) ;
#6619 = DIRECTION ( 'NONE',  ( 1.000000000000000000, 0.000000000000000000, 0.000000000000000000 ) ) ;
#6620 = FACE_OUTER_BOUND ( 'NONE', #2627, .T. ) ;
#6621 = VECTOR ( 'NONE', #1381, 1000.000000000000000 ) ;
#6622 = CARTESIAN_POINT ( 'NONE',  ( -44.25000000000000000, 30.99999999999998579, 2.000000000000000000 ) ) ;
#6623 = DIRECTION ( 'NONE',  ( 0.000000000000000000, 0.000000000000000000, 1.000000000000000000 ) ) ;
#6624 = EDGE_LOOP ( 'NONE', ( #1543, #1664, #490, #1577, #3679, #3784, #2330, #7403 ) ) ;
#6625 = ORIENTED_EDGE ( 'NONE', *, *, #7180, .T. ) ;
#6626 = FACE_OUTER_BOUND ( 'NONE', #5578, .T. ) ;
#6627 = DIRECTION ( 'NONE',  ( 1.000000000000000000, 0.000000000000000000, 0.000000000000000000 ) ) ;
#6628 = CARTESIAN_POINT ( 'NONE',  ( -45.24999999999999289, 31.99999999999998579, 2.000000000000000000 ) ) ;
#6629 = DIRECTION ( 'NONE',  ( 0.000000000000000000, 0.000000000000000000, 1.000000000000000000 ) ) ;
#6630 = CARTESIAN_POINT ( 'NONE',  ( -11.75000000000000000, 43.99999999999998579, 2.000000000000000000 ) ) ;
#6631 = CYLINDRICAL_SURFACE ( 'NONE', #2875, 1.000000000000000888 ) ;
#6632 = ORIENTED_EDGE ( 'NONE', *, *, #4325, .F. ) ;
#6633 = DIRECTION ( 'NONE',  ( -0.000000000000000000, -0.000000000000000000, -1.000000000000000000 ) ) ;
#6634 = ORIENTED_EDGE ( 'NONE', *, *, #871, .T. ) ;
#6635 = ADVANCED_FACE ( 'NONE', ( #1849 ), #6486, .T. ) ;
#6636 = ORIENTED_EDGE ( 'NONE', *, *, #6772, .T. ) ;
#6637 = ORIENTED_EDGE ( 'NONE', *, *, #1907, .F. ) ;
#6638 = DIRECTION ( 'NONE',  ( 1.000000000000000000, 0.000000000000000000, 0.000000000000000000 ) ) ;
#6639 = ADVANCED_FACE ( 'NONE', ( #664 ), #2458, .F. ) ;
#6640 = DIRECTION ( 'NONE',  ( 1.000000000000000000, 0.000000000000000000, 0.000000000000000000 ) ) ;
#6641 = VECTOR ( 'NONE', #2426, 1000.000000000000000 ) ;
#6642 = ORIENTED_EDGE ( 'NONE', *, *, #2554, .T. ) ;
#6643 = DIRECTION ( 'NONE',  ( 0.000000000000000000, -0.000000000000000000, -1.000000000000000000 ) ) ;
#6644 = ORIENTED_EDGE ( 'NONE', *, *, #5954, .T. ) ;
#6645 = EDGE_CURVE ( 'NONE', #5229, #1007, #4705, .T. ) ;
#6646 = ORIENTED_EDGE ( 'NONE', *, *, #6253, .F. ) ;
#6647 = VECTOR ( 'NONE', #6560, 1000.000000000000000 ) ;
#6648 = VERTEX_POINT ( 'NONE', #1276 ) ;
#6649 = CIRCLE ( 'NONE', #6882, 1.199999999999999734 ) ;
#6650 = EDGE_CURVE ( 'NONE', #2525, #368, #4264, .T. ) ;
#6651 = EDGE_CURVE ( 'NONE', #3825, #5507, #4515, .T. ) ;
#6652 = CARTESIAN_POINT ( 'NONE',  ( -12.74999999999960210, 6.999999999999978684, 2.000000000000000000 ) ) ;
#6653 = CARTESIAN_POINT ( 'NONE',  ( -25.24999999999940314, -13.00000000000001066, 2.000000000000000000 ) ) ;
#6654 = EDGE_CURVE ( 'NONE', #1931, #3475, #3633, .T. ) ;
#6655 = VECTOR ( 'NONE', #2557, 1000.000000000000000 ) ;
#6656 = CARTESIAN_POINT ( 'NONE',  ( 11.75000000000000355, 43.99999999999998579, 2.000000000000000000 ) ) ;
#6657 = AXIS2_PLACEMENT_3D ( 'NONE', #1437, #1365, #3801 ) ;
#6658 = DIRECTION ( 'NONE',  ( 0.000000000000000000, 1.000000000000000000, 0.000000000000000000 ) ) ;
#6659 = DIRECTION ( 'NONE',  ( -1.000000000000000000, 0.000000000000000000, 0.000000000000000000 ) ) ;
#6660 = DIRECTION ( 'NONE',  ( -0.000000000000000000, -0.000000000000000000, -1.000000000000000000 ) ) ;
#6661 = EDGE_CURVE ( 'NONE', #4898, #71, #135, .T. ) ;
#6662 = PLANE ( 'NONE',  #2656 ) ;
#6663 = DIRECTION ( 'NONE',  ( 0.000000000000000000, -1.000000000000000000, 0.000000000000000000 ) ) ;
#6664 = VERTEX_POINT ( 'NONE', #735 ) ;
#6665 = ORIENTED_EDGE ( 'NONE', *, *, #7335, .T. ) ;
#6666 = CARTESIAN_POINT ( 'NONE',  ( -12.74999999999960210, 6.999999999999978684, 0.000000000000000000 ) ) ;
#6667 = FACE_OUTER_BOUND ( 'NONE', #5512, .T. ) ;
#6668 = DIRECTION ( 'NONE',  ( -0.000000000000000000, -0.000000000000000000, -1.000000000000000000 ) ) ;
#6669 = DIRECTION ( 'NONE',  ( 0.000000000000000000, -0.000000000000000000, -1.000000000000000000 ) ) ;
#6670 = CIRCLE ( 'NONE', #2059, 1.000000000000000888 ) ;
#6671 = DIRECTION ( 'NONE',  ( -1.000000000000000000, 0.000000000000000000, 0.000000000000000000 ) ) ;
#6672 = CYLINDRICAL_SURFACE ( 'NONE', #1294, 1.000000000000000888 ) ;
#6673 = EDGE_LOOP ( 'NONE', ( #958, #520, #296, #3977 ) ) ;
#6674 = CARTESIAN_POINT ( 'NONE',  ( 6.249999999999998224, 31.99999999999998579, 2.000000000000000000 ) ) ;
#6675 = VERTEX_POINT ( 'NONE', #1313 ) ;
#6676 = ORIENTED_EDGE ( 'NONE', *, *, #3570, .T. ) ;
#6677 = EDGE_LOOP ( 'NONE', ( #5396, #3242, #1076, #1851 ) ) ;
#6678 = DIRECTION ( 'NONE',  ( -1.000000000000000000, -0.000000000000000000, -0.000000000000000000 ) ) ;
#6679 = CIRCLE ( 'NONE', #7160, 0.9999999999999940048 ) ;
#6680 = DIRECTION ( 'NONE',  ( -1.000000000000000000, 0.000000000000000000, 0.000000000000000000 ) ) ;
#6681 = ORIENTED_EDGE ( 'NONE', *, *, #2506, .F. ) ;
#6682 = DIRECTION ( 'NONE',  ( -0.000000000000000000, -0.000000000000000000, -1.000000000000000000 ) ) ;
#6683 = EDGE_LOOP ( 'NONE', ( #7394, #4138, #3895, #1433, #360, #3127, #1690, #2867 ) ) ;
#6684 = EDGE_CURVE ( 'NONE', #1271, #5852, #6455, .T. ) ;
#6685 = ORIENTED_EDGE ( 'NONE', *, *, #2871, .F. ) ;
#6686 = VERTEX_POINT ( 'NONE', #7506 ) ;
#6687 = PLANE ( 'NONE',  #3075 ) ;
#6688 = LINE ( 'NONE', #7296, #3010 ) ;
#6689 = CIRCLE ( 'NONE', #1833, 1.000000000000000888 ) ;
#6690 = CARTESIAN_POINT ( 'NONE',  ( -12.74999999999980282, 11.99999999999998579, 2.000000000000000000 ) ) ;
#6691 = DIRECTION ( 'NONE',  ( -0.000000000000000000, -0.000000000000000000, -1.000000000000000000 ) ) ;
#6692 = AXIS2_PLACEMENT_3D ( 'NONE', #2920, #6990, #146 ) ;
#6693 = EDGE_CURVE ( 'NONE', #4616, #7463, #7422, .T. ) ;
#6694 = CARTESIAN_POINT ( 'NONE',  ( -46.50000000000002842, -43.50000000000000000, 0.000000000000000000 ) ) ;
#6695 = DIRECTION ( 'NONE',  ( 0.000000000000000000, -0.000000000000000000, 1.000000000000000000 ) ) ;
#6696 = CARTESIAN_POINT ( 'NONE',  ( -25.24999999999980105, 11.99999999999998579, 2.000000000000000000 ) ) ;
#6697 = EDGE_LOOP ( 'NONE', ( #817, #3432, #2423, #703 ) ) ;
#6698 = LINE ( 'NONE', #867, #3245 ) ;
#6699 = VECTOR ( 'NONE', #2986, 1000.000000000000000 ) ;
#6700 = ORIENTED_EDGE ( 'NONE', *, *, #5697, .T. ) ;
#6701 = ORIENTED_EDGE ( 'NONE', *, *, #2770, .T. ) ;
#6702 = DIRECTION ( 'NONE',  ( -0.000000000000000000, 1.000000000000000000, -0.000000000000000000 ) ) ;
#6703 = CARTESIAN_POINT ( 'NONE',  ( -29.69999999999999929, 28.49999999999998934, 2.000000000000000000 ) ) ;
#6704 = FACE_OUTER_BOUND ( 'NONE', #7358, .T. ) ;
#6705 = DIRECTION ( 'NONE',  ( 1.000000000000000000, 0.000000000000000000, 0.000000000000000000 ) ) ;
#6706 = CARTESIAN_POINT ( 'NONE',  ( -11.74999999999920242, -44.00000000000001421, 0.000000000000000000 ) ) ;
#6707 = DIRECTION ( 'NONE',  ( 0.000000000000000000, -1.000000000000000000, 0.000000000000000000 ) ) ;
#6708 = ORIENTED_EDGE ( 'NONE', *, *, #124, .F. ) ;
#6709 = DIRECTION ( 'NONE',  ( 1.000000000000000000, 0.000000000000000000, 0.000000000000000000 ) ) ;
#6710 = EDGE_LOOP ( 'NONE', ( #5919, #1232, #713, #971 ) ) ;
#6711 = AXIS2_PLACEMENT_3D ( 'NONE', #2424, #5242, #6983 ) ;
#6712 = AXIS2_PLACEMENT_3D ( 'NONE', #3693, #3087, #4146 ) ;
#6713 = VECTOR ( 'NONE', #5420, 1000.000000000000000 ) ;
#6714 = ORIENTED_EDGE ( 'NONE', *, *, #1751, .T. ) ;
#6715 = ORIENTED_EDGE ( 'NONE', *, *, #404, .F. ) ;
#6716 = AXIS2_PLACEMENT_3D ( 'NONE', #7261, #2054, #7336 ) ;
#6717 = LINE ( 'NONE', #2654, #590 ) ;
#6718 = ADVANCED_FACE ( 'NONE', ( #2298 ), #2910, .T. ) ;
#6719 = AXIS2_PLACEMENT_3D ( 'NONE', #1982, #2485, #7187 ) ;
#6720 = CARTESIAN_POINT ( 'NONE',  ( -7.249999999999992895, 43.99999999999998579, 2.000000000000000000 ) ) ;
#6721 =( GEOMETRIC_REPRESENTATION_CONTEXT ( 3 ) GLOBAL_UNCERTAINTY_ASSIGNED_CONTEXT ( ( #3610 ) ) GLOBAL_UNIT_ASSIGNED_CONTEXT ( ( #3113, #2393, #5972 ) ) REPRESENTATION_CONTEXT ( 'NONE', 'WORKASPACE' ) );
#6722 = EDGE_LOOP ( 'NONE', ( #247, #5169, #6599, #1781 ) ) ;
#6723 = DIRECTION ( 'NONE',  ( 0.000000000000000000, 0.000000000000000000, 1.000000000000000000 ) ) ;
#6724 = EDGE_LOOP ( 'NONE', ( #2817, #5536, #6494, #545, #2076, #4855, #2692, #5648 ) ) ;
#6725 = ORIENTED_EDGE ( 'NONE', *, *, #5769, .F. ) ;
#6726 = ORIENTED_EDGE ( 'NONE', *, *, #1156, .T. ) ;
#6727 = FACE_OUTER_BOUND ( 'NONE', #138, .T. ) ;
#6728 = DIRECTION ( 'NONE',  ( -1.000000000000000000, 0.000000000000000000, 0.000000000000000000 ) ) ;
#6729 = CARTESIAN_POINT ( 'NONE',  ( 31.75000000000040146, 5.999999999999984901, 2.000000000000000000 ) ) ;
#6730 = AXIS2_PLACEMENT_3D ( 'NONE', #2702, #5020, #5631 ) ;
#6731 = CARTESIAN_POINT ( 'NONE',  ( 44.25000000000000000, 31.99999999999998579, 0.000000000000000000 ) ) ;
#6732 = VERTEX_POINT ( 'NONE', #1190 ) ;
#6733 = AXIS2_PLACEMENT_3D ( 'NONE', #2414, #6519, #3018 ) ;
#6734 = EDGE_CURVE ( 'NONE', #4661, #178, #5842, .T. ) ;
#6735 = DIRECTION ( 'NONE',  ( -0.000000000000000000, -0.000000000000000000, -1.000000000000000000 ) ) ;
#6736 = PLANE ( 'NONE',  #1668 ) ;
#6737 = ORIENTED_EDGE ( 'NONE', *, *, #4695, .F. ) ;
#6738 = CARTESIAN_POINT ( 'NONE',  ( 25.25000000000019540, 24.99999999999998579, 0.000000000000000000 ) ) ;
#6739 = EDGE_CURVE ( 'NONE', #7191, #1896, #5276, .T. ) ;
#6740 = EDGE_CURVE ( 'NONE', #508, #3441, #2813, .T. ) ;
#6741 = EDGE_CURVE ( 'NONE', #6408, #6991, #3102, .T. ) ;
#6743 = ORIENTED_EDGE ( 'NONE', *, *, #7180, .F. ) ;
#6742 = EDGE_CURVE ( 'NONE', #736, #3586, #1968, .T. ) ;
#6744 = CARTESIAN_POINT ( 'NONE',  ( -25.24999999999999645, 30.99999999999998579, 0.000000000000000000 ) ) ;
#6745 = DIRECTION ( 'NONE',  ( 1.000000000000000000, 0.000000000000000000, 0.000000000000000000 ) ) ;
#6746 = DIRECTION ( 'NONE',  ( -1.000000000000000000, 0.000000000000000000, 0.000000000000000000 ) ) ;
#6747 = CARTESIAN_POINT ( 'NONE',  ( 26.25000000000019540, 24.99999999999998579, 0.000000000000000000 ) ) ;
#6748 = DIRECTION ( 'NONE',  ( -0.000000000000000000, -0.000000000000000000, -1.000000000000000000 ) ) ;
#6749 = DIRECTION ( 'NONE',  ( 0.000000000000000000, -0.000000000000000000, 1.000000000000000000 ) ) ;
#6750 = ORIENTED_EDGE ( 'NONE', *, *, #1767, .F. ) ;
#6751 = CARTESIAN_POINT ( 'NONE',  ( -26.24999999999919353, -32.00000000000001421, 0.000000000000000000 ) ) ;
#6752 = VERTEX_POINT ( 'NONE', #4277 ) ;
#6753 = ORIENTED_EDGE ( 'NONE', *, *, #6552, .F. ) ;
#6754 = FACE_OUTER_BOUND ( 'NONE', #1554, .T. ) ;
#6755 = CARTESIAN_POINT ( 'NONE',  ( -44.24999999999940314, -26.00000000000001066, 2.000000000000000000 ) ) ;
#6756 = VERTEX_POINT ( 'NONE', #4891 ) ;
#6757 = DIRECTION ( 'NONE',  ( -0.000000000000000000, -0.000000000000000000, -1.000000000000000000 ) ) ;
#6758 = ORIENTED_EDGE ( 'NONE', *, *, #2871, .T. ) ;
#6759 = VERTEX_POINT ( 'NONE', #4390 ) ;
#6760 = ORIENTED_EDGE ( 'NONE', *, *, #6327, .T. ) ;
#6761 = VECTOR ( 'NONE', #488, 1000.000000000000000 ) ;
#6762 = CARTESIAN_POINT ( 'NONE',  ( -31.75000000000000000, 43.99999999999998579, 0.000000000000000000 ) ) ;
#6763 = DIRECTION ( 'NONE',  ( 0.000000000000000000, -0.000000000000000000, -1.000000000000000000 ) ) ;
#6764 = CARTESIAN_POINT ( 'NONE',  ( 26.25000000000019185, 24.99999999999998579, 2.000000000000000000 ) ) ;
#6765 = FACE_OUTER_BOUND ( 'NONE', #1511, .T. ) ;
#6766 = VECTOR ( 'NONE', #6287, 1000.000000000000000 ) ;
#6767 = AXIS2_PLACEMENT_3D ( 'NONE', #2558, #1796, #4769 ) ;
#6768 = ORIENTED_EDGE ( 'NONE', *, *, #6858, .F. ) ;
#6769 = FACE_OUTER_BOUND ( 'NONE', #4475, .T. ) ;
#6770 = CIRCLE ( 'NONE', #6530, 0.9999999999999940048 ) ;
#6771 = ADVANCED_FACE ( 'NONE', ( #175 ), #1420, .T. ) ;
#6772 = EDGE_CURVE ( 'NONE', #3137, #6686, #5999, .T. ) ;
#6773 = VECTOR ( 'NONE', #1328, 1000.000000000000000 ) ;
#6774 = DIRECTION ( 'NONE',  ( 1.000000000000000000, 0.000000000000000000, 0.000000000000000000 ) ) ;
#6775 = DIRECTION ( 'NONE',  ( 0.000000000000000000, 0.000000000000000000, 1.000000000000000000 ) ) ;
#6776 = ADVANCED_FACE ( 'NONE', ( #2036 ), #3826, .F. ) ;
#6777 = ORIENTED_EDGE ( 'NONE', *, *, #5952, .F. ) ;
#6778 = CARTESIAN_POINT ( 'NONE',  ( -26.24999999999959144, -6.000000000000012434, 2.000000000000000000 ) ) ;
#6779 = CARTESIAN_POINT ( 'NONE',  ( 25.25000000000058975, -25.00000000000000711, 2.000000000000000000 ) ) ;
#6780 = DIRECTION ( 'NONE',  ( -0.000000000000000000, -0.000000000000000000, -1.000000000000000000 ) ) ;
#6781 = FACE_OUTER_BOUND ( 'NONE', #1112, .T. ) ;
#6782 = LINE ( 'NONE', #3251, #7482 ) ;
#6783 = AXIS2_PLACEMENT_3D ( 'NONE', #426, #3246, #6208 ) ;
#6784 = ORIENTED_EDGE ( 'NONE', *, *, #6741, .T. ) ;
#6785 = CARTESIAN_POINT ( 'NONE',  ( -25.24999999999920064, -45.00000000000001421, 2.000000000000000000 ) ) ;
#6786 = ORIENTED_EDGE ( 'NONE', *, *, #2404, .F. ) ;
#6787 = ORIENTED_EDGE ( 'NONE', *, *, #5309, .F. ) ;
#6788 = CARTESIAN_POINT ( 'NONE',  ( 7.249999999999999112, 31.99999999999998579, 0.000000000000000000 ) ) ;
#6789 = EDGE_CURVE ( 'NONE', #211, #1988, #884, .T. ) ;
#6790 = CARTESIAN_POINT ( 'NONE',  ( -44.25000000000000000, 30.99999999999998579, 0.000000000000000000 ) ) ;
#6791 = VECTOR ( 'NONE', #1425, 1000.000000000000000 ) ;
#6792 = CARTESIAN_POINT ( 'NONE',  ( -25.24999999999999645, 30.99999999999998579, 2.000000000000000000 ) ) ;
#6793 = ORIENTED_EDGE ( 'NONE', *, *, #5341, .T. ) ;
#6794 = DIRECTION ( 'NONE',  ( 0.000000000000000000, -1.000000000000000000, 0.000000000000000000 ) ) ;
#6795 = ORIENTED_EDGE ( 'NONE', *, *, #4603, .F. ) ;
#6796 = ORIENTED_EDGE ( 'NONE', *, *, #6693, .F. ) ;
#6797 = VECTOR ( 'NONE', #2295, 1000.000000000000000 ) ;
#6798 = DIRECTION ( 'NONE',  ( 0.000000000000000000, -1.000000000000000000, 0.000000000000000000 ) ) ;
#6799 = LINE ( 'NONE', #6232, #921 ) ;
#6800 = LINE ( 'NONE', #4019, #137 ) ;
#6801 = DIRECTION ( 'NONE',  ( -0.000000000000000000, -0.000000000000000000, -1.000000000000000000 ) ) ;
#6802 = VERTEX_POINT ( 'NONE', #4818 ) ;
#6803 = VECTOR ( 'NONE', #697, 1000.000000000000000 ) ;
#6804 = CARTESIAN_POINT ( 'NONE',  ( -31.75000000000000000, 44.99999999999997868, 2.000000000000000000 ) ) ;
#6805 = AXIS2_PLACEMENT_3D ( 'NONE', #1516, #4945, #4985 ) ;
#6806 = DIRECTION ( 'NONE',  ( 1.000000000000000000, 0.000000000000000000, 0.000000000000000000 ) ) ;
#6807 = CARTESIAN_POINT ( 'NONE',  ( 46.49999999999998579, 43.49999999999998579, 2.000000000000000000 ) ) ;
#6808 = EDGE_CURVE ( 'NONE', #7091, #2742, #6073, .T. ) ;
#6809 = VERTEX_POINT ( 'NONE', #4241 ) ;
#6810 = DIRECTION ( 'NONE',  ( -0.000000000000000000, -0.000000000000000000, -1.000000000000000000 ) ) ;
#6811 = LINE ( 'NONE', #3926, #4597 ) ;
#6812 = CARTESIAN_POINT ( 'NONE',  ( -25.24999999999920064, -31.00000000000002132, 2.000000000000000000 ) ) ;
#6813 = AXIS2_PLACEMENT_3D ( 'NONE', #4048, #3027, #704 ) ;
#6814 = DIRECTION ( 'NONE',  ( -1.000000000000000000, -0.000000000000000000, -0.000000000000000000 ) ) ;
#6815 = LINE ( 'NONE', #3781, #7253 ) ;
#6816 = ORIENTED_EDGE ( 'NONE', *, *, #4637, .T. ) ;
#6817 = LINE ( 'NONE', #5218, #7339 ) ;
#6818 = ORIENTED_EDGE ( 'NONE', *, *, #6661, .F. ) ;
#6819 = EDGE_LOOP ( 'NONE', ( #2542, #6743, #4744, #2775 ) ) ;
#6820 = CARTESIAN_POINT ( 'NONE',  ( -26.24999999999979394, 24.99999999999998579, 2.000000000000000000 ) ) ;
#6821 = EDGE_CURVE ( 'NONE', #2601, #4956, #3220, .T. ) ;
#6822 = CARTESIAN_POINT ( 'NONE',  ( -31.74999999999960565, -6.000000000000012434, 2.000000000000000000 ) ) ;
#6823 = DIRECTION ( 'NONE',  ( -0.000000000000000000, 1.000000000000000000, -0.000000000000000000 ) ) ;
#6824 = VECTOR ( 'NONE', #1063, 1000.000000000000000 ) ;
#6825 = ORIENTED_EDGE ( 'NONE', *, *, #7448, .F. ) ;
#6826 = CARTESIAN_POINT ( 'NONE',  ( 45.25000000000019185, 12.99999999999998757, 0.000000000000000000 ) ) ;
#6827 = ORIENTED_EDGE ( 'NONE', *, *, #2231, .F. ) ;
#6828 = AXIS2_PLACEMENT_3D ( 'NONE', #3187, #3265, #3790 ) ;
#6829 = EDGE_CURVE ( 'NONE', #6982, #4203, #4642, .T. ) ;
#6830 = EDGE_LOOP ( 'NONE', ( #3949, #2865, #4155, #2002 ) ) ;
#6831 = ADVANCED_FACE ( 'NONE', ( #6032 ), #5538, .F. ) ;
#6832 = CARTESIAN_POINT ( 'NONE',  ( 31.75000000000059686, -12.00000000000001776, 0.000000000000000000 ) ) ;
#6833 = CARTESIAN_POINT ( 'NONE',  ( -44.24999999999960210, 5.999999999999984901, 2.000000000000000000 ) ) ;
#6834 = DIRECTION ( 'NONE',  ( 0.000000000000000000, -1.000000000000000000, 0.000000000000000000 ) ) ;
#6835 = CYLINDRICAL_SURFACE ( 'NONE', #1586, 1.000000000000000888 ) ;
#6836 = VERTEX_POINT ( 'NONE', #3180 ) ;
#6837 = AXIS2_PLACEMENT_3D ( 'NONE', #1263, #4072, #5831 ) ;
#6838 = CYLINDRICAL_SURFACE ( 'NONE', #2217, 0.9999999999999974465 ) ;
#6839 = ORIENTED_EDGE ( 'NONE', *, *, #5697, .F. ) ;
#6840 = DIRECTION ( 'NONE',  ( 1.000000000000000000, 0.000000000000000000, -0.000000000000000000 ) ) ;
#6841 = CARTESIAN_POINT ( 'NONE',  ( -44.24999999999919709, -32.00000000000001421, 0.000000000000000000 ) ) ;
#6842 = AXIS2_PLACEMENT_3D ( 'NONE', #3766, #3199, #3839 ) ;
#6843 = CARTESIAN_POINT ( 'NONE',  ( -12.74999999999920242, -44.00000000000001421, 2.000000000000000000 ) ) ;
#6844 = ORIENTED_EDGE ( 'NONE', *, *, #37, .F. ) ;
#6845 = DIRECTION ( 'NONE',  ( 1.000000000000000000, 0.000000000000000000, 0.000000000000000000 ) ) ;
#6846 = DIRECTION ( 'NONE',  ( 0.000000000000000000, -1.000000000000000000, 0.000000000000000000 ) ) ;
#6847 = DIRECTION ( 'NONE',  ( -0.000000000000000000, -0.000000000000000000, -1.000000000000000000 ) ) ;
#6848 = FACE_BOUND ( 'NONE', #7108, .T. ) ;
#6849 = AXIS2_PLACEMENT_3D ( 'NONE', #3806, #349, #5054 ) ;
#6850 = CARTESIAN_POINT ( 'NONE',  ( -45.24999999999959499, -6.000000000000012434, 2.000000000000000000 ) ) ;
#6851 = ORIENTED_EDGE ( 'NONE', *, *, #1564, .T. ) ;
#6852 = ORIENTED_EDGE ( 'NONE', *, *, #3134, .F. ) ;
#6853 = CARTESIAN_POINT ( 'NONE',  ( -25.24999999999999645, 43.99999999999998579, 2.000000000000000000 ) ) ;
#6854 = CARTESIAN_POINT ( 'NONE',  ( 30.75000000000040856, -6.000000000000012434, 0.000000000000000000 ) ) ;
#6855 = VECTOR ( 'NONE', #128, 1000.000000000000000 ) ;
#6856 = DIRECTION ( 'NONE',  ( 0.000000000000000000, -1.000000000000000000, 0.000000000000000000 ) ) ;
#6857 = ORIENTED_EDGE ( 'NONE', *, *, #7388, .T. ) ;
#6858 = EDGE_CURVE ( 'NONE', #4627, #4671, #2535, .T. ) ;
#6859 = DIRECTION ( 'NONE',  ( 0.000000000000000000, 0.000000000000000000, 1.000000000000000000 ) ) ;
#6860 = ORIENTED_EDGE ( 'NONE', *, *, #5599, .T. ) ;
#6861 = EDGE_CURVE ( 'NONE', #3908, #1691, #3567, .T. ) ;
#6862 = EDGE_LOOP ( 'NONE', ( #4043, #3995, #539, #5732 ) ) ;
#6863 = CARTESIAN_POINT ( 'NONE',  ( -7.249999999999396039, -13.00000000000001066, 2.000000000000000000 ) ) ;
#6864 = CARTESIAN_POINT ( 'NONE',  ( -12.74999999999940492, -13.00000000000001066, 2.000000000000000000 ) ) ;
#6865 = DIRECTION ( 'NONE',  ( -0.000000000000000000, -0.000000000000000000, -1.000000000000000000 ) ) ;
#6866 = EDGE_CURVE ( 'NONE', #3270, #3451, #2075, .T. ) ;
#6867 = DIRECTION ( 'NONE',  ( -0.000000000000000000, -0.000000000000000000, -1.000000000000000000 ) ) ;
#6868 = ORIENTED_EDGE ( 'NONE', *, *, #6866, .T. ) ;
#6869 = DIRECTION ( 'NONE',  ( 0.000000000000000000, 0.000000000000000000, 1.000000000000000000 ) ) ;
#6870 = EDGE_CURVE ( 'NONE', #3031, #1579, #1348, .T. ) ;
#6871 = ORIENTED_EDGE ( 'NONE', *, *, #3394, .F. ) ;
#6872 = EDGE_CURVE ( 'NONE', #1041, #7395, #6600, .T. ) ;
#6873 = LINE ( 'NONE', #6423, #5252 ) ;
#6874 = EDGE_CURVE ( 'NONE', #1349, #4473, #806, .T. ) ;
#6875 = CARTESIAN_POINT ( 'NONE',  ( -46.50000000000002842, -43.50000000000000000, 0.000000000000000000 ) ) ;
#6876 = SURFACE_SIDE_STYLE ('',( #498 ) ) ;
#6877 = VECTOR ( 'NONE', #1778, 1000.000000000000000 ) ;
#6878 = VERTEX_POINT ( 'NONE', #2791 ) ;
#6879 = AXIS2_PLACEMENT_3D ( 'NONE', #3744, #2678, #6669 ) ;
#6880 = DIRECTION ( 'NONE',  ( 1.000000000000000000, 0.000000000000000000, 0.000000000000000000 ) ) ;
#6881 = EDGE_CURVE ( 'NONE', #3595, #695, #2116, .T. ) ;
#6882 = AXIS2_PLACEMENT_3D ( 'NONE', #3541, #7045, #3619 ) ;
#6883 = DIRECTION ( 'NONE',  ( -1.000000000000000000, 0.000000000000000000, 0.000000000000000000 ) ) ;
#6884 = DIRECTION ( 'NONE',  ( -1.000000000000000000, 0.000000000000000000, 0.000000000000000000 ) ) ;
#6885 = FACE_BOUND ( 'NONE', #2877, .T. ) ;
#6886 = LINE ( 'NONE', #4037, #7008 ) ;
#6887 = VECTOR ( 'NONE', #5266, 1000.000000000000000 ) ;
#6888 = ORIENTED_EDGE ( 'NONE', *, *, #2412, .T. ) ;
#6889 = VECTOR ( 'NONE', #4487, 1000.000000000000000 ) ;
#6890 = ORIENTED_EDGE ( 'NONE', *, *, #384, .F. ) ;
#6891 = EDGE_LOOP ( 'NONE', ( #4243, #5749, #2681, #2129 ) ) ;
#6892 = DIRECTION ( 'NONE',  ( 0.000000000000000000, -1.000000000000000000, 0.000000000000000000 ) ) ;
#6893 = ORIENTED_EDGE ( 'NONE', *, *, #2695, .F. ) ;
#6894 = CARTESIAN_POINT ( 'NONE',  ( 31.75000000000000000, 31.99999999999998579, 0.000000000000000000 ) ) ;
#6895 = CIRCLE ( 'NONE', #6783, 0.9999999999999940048 ) ;
#6896 = LINE ( 'NONE', #4550, #3680 ) ;
#6897 = VERTEX_POINT ( 'NONE', #5683 ) ;
#6898 = DIRECTION ( 'NONE',  ( 1.000000000000000000, 0.000000000000000000, 0.000000000000000000 ) ) ;
#6899 = EDGE_LOOP ( 'NONE', ( #6241, #218, #658, #1465 ) ) ;
#6900 = ORIENTED_EDGE ( 'NONE', *, *, #1702, .T. ) ;
#6901 = VERTEX_POINT ( 'NONE', #606 ) ;
#6902 = DIRECTION ( 'NONE',  ( 1.000000000000000000, 0.000000000000000000, 0.000000000000000000 ) ) ;
#6903 = DIRECTION ( 'NONE',  ( -0.000000000000000000, 0.000000000000000000, -1.000000000000000000 ) ) ;
#6904 = PLANE ( 'NONE',  #443 ) ;
#6905 = VECTOR ( 'NONE', #6678, 1000.000000000000000 ) ;
#6906 = ORIENTED_EDGE ( 'NONE', *, *, #3023, .F. ) ;
#6907 = EDGE_CURVE ( 'NONE', #1675, #3105, #1788, .T. ) ;
#6908 = LINE ( 'NONE', #1658, #4506 ) ;
#6909 = VERTEX_POINT ( 'NONE', #4068 ) ;
#6910 = CARTESIAN_POINT ( 'NONE',  ( 31.75000000000019540, 25.99999999999997868, 0.000000000000000000 ) ) ;
#6911 = VERTEX_POINT ( 'NONE', #4103 ) ;
#6912 = LINE ( 'NONE', #2241, #5688 ) ;
#6913 = DIRECTION ( 'NONE',  ( -1.000000000000000000, -0.000000000000000000, -0.000000000000000000 ) ) ;
#6914 = DIRECTION ( 'NONE',  ( 0.000000000000000000, -0.000000000000000000, 1.000000000000000000 ) ) ;
#6915 = EDGE_CURVE ( 'NONE', #1279, #6917, #7359, .T. ) ;
#6916 = AXIS2_PLACEMENT_3D ( 'NONE', #2399, #4833, #4723 ) ;
#6917 = VERTEX_POINT ( 'NONE', #959 ) ;
#6918 = DIRECTION ( 'NONE',  ( -0.000000000000000000, -0.000000000000000000, -1.000000000000000000 ) ) ;
#6919 = CARTESIAN_POINT ( 'NONE',  ( 12.74999999999999822, 30.99999999999998579, 0.000000000000000000 ) ) ;
#6920 = DIRECTION ( 'NONE',  ( 0.000000000000000000, -0.000000000000000000, 1.000000000000000000 ) ) ;
#6921 = VECTOR ( 'NONE', #7130, 1000.000000000000000 ) ;
#6922 = FACE_BOUND ( 'NONE', #3587, .T. ) ;
#6923 = DIRECTION ( 'NONE',  ( -0.000000000000000000, 1.000000000000000000, -0.000000000000000000 ) ) ;
#6924 = AXIS2_PLACEMENT_3D ( 'NONE', #2885, #447, #5091 ) ;
#6925 = VERTEX_POINT ( 'NONE', #1532 ) ;
#6926 = ORIENTED_EDGE ( 'NONE', *, *, #6684, .F. ) ;
#6927 = ORIENTED_EDGE ( 'NONE', *, *, #5399, .F. ) ;
#6928 = DIRECTION ( 'NONE',  ( 1.000000000000000000, 0.000000000000000000, -0.000000000000000000 ) ) ;
#6929 = AXIS2_PLACEMENT_3D ( 'NONE', #6121, #892, #335 ) ;
#6930 = DIRECTION ( 'NONE',  ( -1.000000000000000000, 0.000000000000000000, 0.000000000000000000 ) ) ;
#6931 = DIRECTION ( 'NONE',  ( -0.000000000000000000, -0.000000000000000000, -1.000000000000000000 ) ) ;
#6932 = AXIS2_PLACEMENT_3D ( 'NONE', #3955, #4531, #1056 ) ;
#6933 = ORIENTED_EDGE ( 'NONE', *, *, #4787, .F. ) ;
#6934 = CARTESIAN_POINT ( 'NONE',  ( -43.50000000000001421, -43.50000000000000000, 0.000000000000000000 ) ) ;
#6935 = EDGE_LOOP ( 'NONE', ( #922, #1123, #5950, #5422, #4966, #6497, #5893, #3065 ) ) ;
#6936 = AXIS2_PLACEMENT_3D ( 'NONE', #409, #546, #2874 ) ;
#6937 = ORIENTED_EDGE ( 'NONE', *, *, #5809, .T. ) ;
#6938 = ORIENTED_EDGE ( 'NONE', *, *, #3158, .F. ) ;
#6939 = EDGE_CURVE ( 'NONE', #2578, #1234, #3291, .T. ) ;
#6940 = DIRECTION ( 'NONE',  ( 0.000000000000000000, 0.000000000000000000, 1.000000000000000000 ) ) ;
#6941 = CARTESIAN_POINT ( 'NONE',  ( -25.24999999999940314, -26.00000000000001066, 2.000000000000000000 ) ) ;
#6942 = DIRECTION ( 'NONE',  ( -1.000000000000000000, 0.000000000000000000, 0.000000000000000000 ) ) ;
#6943 = DIRECTION ( 'NONE',  ( -0.000000000000000000, 0.000000000000000000, -1.000000000000000000 ) ) ;
#6944 = VERTEX_POINT ( 'NONE', #6751 ) ;
#6945 = VECTOR ( 'NONE', #6126, 1000.000000000000000 ) ;
#6946 = CARTESIAN_POINT ( 'NONE',  ( -30.74999999999980460, 24.99999999999998579, 2.000000000000000000 ) ) ;
#6947 = ORIENTED_EDGE ( 'NONE', *, *, #5899, .F. ) ;
#6948 = LINE ( 'NONE', #1745, #753 ) ;
#6949 = ORIENTED_EDGE ( 'NONE', *, *, #5964, .F. ) ;
#6950 = CIRCLE ( 'NONE', #2342, 0.9999999999999940048 ) ;
#6951 = CARTESIAN_POINT ( 'NONE',  ( -12.74999999999980282, 25.99999999999997868, 0.000000000000000000 ) ) ;
#6952 = AXIS2_PLACEMENT_3D ( 'NONE', #1332, #1480, #6695 ) ;
#6953 = CARTESIAN_POINT ( 'NONE',  ( 11.75000000000039968, -6.000000000000012434, 2.000000000000000000 ) ) ;
#6954 = LINE ( 'NONE', #2204, #5 ) ;
#6955 = CIRCLE ( 'NONE', #3687, 1.000000000000000888 ) ;
#6956 = ADVANCED_FACE ( 'NONE', ( #3894 ), #1172, .F. ) ;
#6957 = DIRECTION ( 'NONE',  ( -0.000000000000000000, -0.000000000000000000, -1.000000000000000000 ) ) ;
#6958 = ORIENTED_EDGE ( 'NONE', *, *, #649, .T. ) ;
#6959 = LINE ( 'NONE', #5334, #630 ) ;
#6960 = CARTESIAN_POINT ( 'NONE',  ( -25.24999999999959854, -6.000000000000012434, 0.000000000000000000 ) ) ;
#6961 = DIRECTION ( 'NONE',  ( -1.000000000000000000, 0.000000000000000000, 0.000000000000000000 ) ) ;
#6962 = ORIENTED_EDGE ( 'NONE', *, *, #1667, .T. ) ;
#6963 = CARTESIAN_POINT ( 'NONE',  ( -29.69999999999998863, -28.50000000000000355, 0.000000000000000000 ) ) ;
#6964 = EDGE_CURVE ( 'NONE', #1410, #6456, #6817, .T. ) ;
#6965 = PLANE ( 'NONE',  #2650 ) ;
#6966 = ORIENTED_EDGE ( 'NONE', *, *, #4934, .F. ) ;
#6967 = ORIENTED_EDGE ( 'NONE', *, *, #6596, .T. ) ;
#6968 = ADVANCED_FACE ( 'NONE', ( #2930 ), #2360, .T. ) ;
#6969 = VERTEX_POINT ( 'NONE', #2144 ) ;
#6970 = ORIENTED_EDGE ( 'NONE', *, *, #88, .T. ) ;
#6971 = CYLINDRICAL_SURFACE ( 'NONE', #1629, 1.000000000000000888 ) ;
#6972 = EDGE_LOOP ( 'NONE', ( #1697, #4003, #5279, #587 ) ) ;
#6973 = VECTOR ( 'NONE', #2869, 1000.000000000000000 ) ;
#6974 = LINE ( 'NONE', #3508, #6803 ) ;
#6975 = AXIS2_PLACEMENT_3D ( 'NONE', #5364, #77, #4867 ) ;
#6976 = EDGE_CURVE ( 'NONE', #1399, #3632, #4053, .T. ) ;
#6977 = CARTESIAN_POINT ( 'NONE',  ( -7.249999999999596767, 5.999999999999984901, 2.000000000000000000 ) ) ;
#6978 = EDGE_LOOP ( 'NONE', ( #1068, #4121 ) ) ;
#6979 = CARTESIAN_POINT ( 'NONE',  ( 31.75000000000059686, -25.00000000000000711, 0.000000000000000000 ) ) ;
#6980 = ORIENTED_EDGE ( 'NONE', *, *, #5309, .T. ) ;
#6981 = ORIENTED_EDGE ( 'NONE', *, *, #5572, .F. ) ;
#6982 = VERTEX_POINT ( 'NONE', #5647 ) ;
#6983 = DIRECTION ( 'NONE',  ( 0.000000000000000000, -0.000000000000000000, -1.000000000000000000 ) ) ;
#6984 = VECTOR ( 'NONE', #6846, 1000.000000000000000 ) ;
#6985 = ADVANCED_FACE ( 'NONE', ( #2755 ), #919, .T. ) ;
#6986 = FACE_OUTER_BOUND ( 'NONE', #186, .T. ) ;
#6987 = DIRECTION ( 'NONE',  ( -0.000000000000000000, 0.000000000000000000, -1.000000000000000000 ) ) ;
#6988 = DIRECTION ( 'NONE',  ( 1.000000000000000000, 0.000000000000000000, 0.000000000000000000 ) ) ;
#6989 = ORIENTED_EDGE ( 'NONE', *, *, #7109, .F. ) ;
#6990 = DIRECTION ( 'NONE',  ( 0.000000000000000000, 0.000000000000000000, 1.000000000000000000 ) ) ;
#6991 = VERTEX_POINT ( 'NONE', #2318 ) ;
#6992 = ORIENTED_EDGE ( 'NONE', *, *, #3721, .T. ) ;
#6993 = DIRECTION ( 'NONE',  ( 0.000000000000000000, 0.000000000000000000, 1.000000000000000000 ) ) ;
#6994 = CARTESIAN_POINT ( 'NONE',  ( 31.75000000000079226, -45.00000000000001421, 2.000000000000000000 ) ) ;
#6995 = DIRECTION ( 'NONE',  ( -0.000000000000000000, -0.000000000000000000, -1.000000000000000000 ) ) ;
#6996 = DIRECTION ( 'NONE',  ( -0.000000000000000000, -0.000000000000000000, -1.000000000000000000 ) ) ;
#6997 = VERTEX_POINT ( 'NONE', #3254 ) ;
#6998 = ADVANCED_FACE ( 'NONE', ( #1605 ), #4646, .T. ) ;
#6999 = CARTESIAN_POINT ( 'NONE',  ( -46.50000000000002842, 43.49999999999999289, 2.000000000000000000 ) ) ;
#7000 = DIRECTION ( 'NONE',  ( 0.000000000000000000, 0.000000000000000000, 1.000000000000000000 ) ) ;
#7001 = CARTESIAN_POINT ( 'NONE',  ( -25.24999999999940314, -25.00000000000000711, 2.000000000000000000 ) ) ;
#7002 = AXIS2_PLACEMENT_3D ( 'NONE', #429, #2753, #5068 ) ;
#7003 = FACE_OUTER_BOUND ( 'NONE', #2012, .T. ) ;
#7004 = ORIENTED_EDGE ( 'NONE', *, *, #4601, .T. ) ;
#7005 = DIRECTION ( 'NONE',  ( 0.000000000000000000, -1.000000000000000000, 0.000000000000000000 ) ) ;
#7006 = ORIENTED_EDGE ( 'NONE', *, *, #698, .T. ) ;
#7007 = EDGE_CURVE ( 'NONE', #2452, #7417, #5002, .T. ) ;
#7008 = VECTOR ( 'NONE', #7005, 1000.000000000000000 ) ;
#7009 = VERTEX_POINT ( 'NONE', #5609 ) ;
#7010 = ORIENTED_EDGE ( 'NONE', *, *, #6401, .T. ) ;
#7011 = DIRECTION ( 'NONE',  ( -0.000000000000000000, -0.000000000000000000, -1.000000000000000000 ) ) ;
#7012 = CYLINDRICAL_SURFACE ( 'NONE', #2437, 1.000000000000000888 ) ;
#7013 = AXIS2_PLACEMENT_3D ( 'NONE', #662, #60, #620 ) ;
#7014 = CARTESIAN_POINT ( 'NONE',  ( -12.75000000000000178, 44.99999999999997868, 0.000000000000000000 ) ) ;
#7015 = AXIS2_PLACEMENT_3D ( 'NONE', #5217, #2744, #5705 ) ;
#7016 = VERTEX_POINT ( 'NONE', #3326 ) ;
#7017 = DIRECTION ( 'NONE',  ( -1.000000000000000000, 0.000000000000000000, 0.000000000000000000 ) ) ;
#7018 = ORIENTED_EDGE ( 'NONE', *, *, #2738, .F. ) ;
#7019 = ORIENTED_EDGE ( 'NONE', *, *, #7437, .F. ) ;
#7020 = EDGE_CURVE ( 'NONE', #432, #3362, #4431, .T. ) ;
#7021 = EDGE_LOOP ( 'NONE', ( #4393, #5186, #4809, #7076 ) ) ;
#7022 = PRODUCT ( 'Top plate', 'Top plate', '', ( #7145 ) ) ;
#7023 = CARTESIAN_POINT ( 'NONE',  ( 6.250000000000796696, -44.00000000000001421, 0.000000000000000000 ) ) ;
#7024 = DIRECTION ( 'NONE',  ( -0.000000000000000000, -0.000000000000000000, -1.000000000000000000 ) ) ;
#7025 = CARTESIAN_POINT ( 'NONE',  ( 30.75000000000060396, -13.00000000000001066, 2.000000000000000000 ) ) ;
#7026 = DIRECTION ( 'NONE',  ( 0.000000000000000000, -1.000000000000000000, 0.000000000000000000 ) ) ;
#7027 = ORIENTED_EDGE ( 'NONE', *, *, #1645, .T. ) ;
#7028 = CYLINDRICAL_SURFACE ( 'NONE', #1709, 0.9999999999999974465 ) ;
#7029 = CIRCLE ( 'NONE', #4476, 1.000000000000000888 ) ;
#7030 = ORIENTED_EDGE ( 'NONE', *, *, #2854, .F. ) ;
#7031 = DIRECTION ( 'NONE',  ( 0.000000000000000000, -1.000000000000000000, 0.000000000000000000 ) ) ;
#7032 = ORIENTED_EDGE ( 'NONE', *, *, #4502, .F. ) ;
#7033 = CARTESIAN_POINT ( 'NONE',  ( 26.25000000000059330, -13.00000000000001066, 2.000000000000000000 ) ) ;
#7034 = AXIS2_PLACEMENT_3D ( 'NONE', #7023, #2990, #2914 ) ;
#7035 = CARTESIAN_POINT ( 'NONE',  ( -29.69999999999999929, 28.49999999999998934, 0.000000000000000000 ) ) ;
#7036 = DIRECTION ( 'NONE',  ( -0.000000000000000000, -0.000000000000000000, -1.000000000000000000 ) ) ;
#7037 = CARTESIAN_POINT ( 'NONE',  ( 7.249999999999999112, 43.99999999999998579, 2.000000000000000000 ) ) ;
#7038 = ORIENTED_EDGE ( 'NONE', *, *, #230, .F. ) ;
#7039 = CARTESIAN_POINT ( 'NONE',  ( -30.75000000000000000, 43.99999999999998579, 0.000000000000000000 ) ) ;
#7040 = CARTESIAN_POINT ( 'NONE',  ( -25.24999999999920064, -31.00000000000002132, 2.000000000000000000 ) ) ;
#7041 = VECTOR ( 'NONE', #2498, 1000.000000000000000 ) ;
#7042 = CARTESIAN_POINT ( 'NONE',  ( -25.24999999999940314, -26.00000000000001066, 2.000000000000000000 ) ) ;
#7043 = DIRECTION ( 'NONE',  ( 0.000000000000000000, 1.000000000000000000, 0.000000000000000000 ) ) ;
#7044 = ORIENTED_EDGE ( 'NONE', *, *, #952, .T. ) ;
#7045 = DIRECTION ( 'NONE',  ( -0.000000000000000000, -0.000000000000000000, -1.000000000000000000 ) ) ;
#7046 = EDGE_CURVE ( 'NONE', #2352, #5854, #1033, .T. ) ;
#7047 = ORIENTED_EDGE ( 'NONE', *, *, #3015, .F. ) ;
#7048 = EDGE_LOOP ( 'NONE', ( #7018, #1626, #5317, #5421 ) ) ;
#7049 = ORIENTED_EDGE ( 'NONE', *, *, #2661, .F. ) ;
#7050 = CARTESIAN_POINT ( 'NONE',  ( 30.75000000000000711, 31.99999999999998579, 0.000000000000000000 ) ) ;
#7051 = DIRECTION ( 'NONE',  ( -0.000000000000000000, -0.000000000000000000, -1.000000000000000000 ) ) ;
#7052 =( GEOMETRIC_REPRESENTATION_CONTEXT ( 3 ) GLOBAL_UNCERTAINTY_ASSIGNED_CONTEXT ( ( #2018 ) ) GLOBAL_UNIT_ASSIGNED_CONTEXT ( ( #3, #532, #2169 ) ) REPRESENTATION_CONTEXT ( 'NONE', 'WORKASPACE' ) );
#7053 = DIRECTION ( 'NONE',  ( 1.000000000000000000, 0.000000000000000000, -0.000000000000000000 ) ) ;
#7054 = VERTEX_POINT ( 'NONE', #6785 ) ;
#7055 = CARTESIAN_POINT ( 'NONE',  ( 44.25000000000059686, -13.00000000000001066, 2.000000000000000000 ) ) ;
#7056 = ORIENTED_EDGE ( 'NONE', *, *, #3000, .F. ) ;
#7057 = ADVANCED_FACE ( 'NONE', ( #431 ), #5979, .T. ) ;
#7058 = AXIS2_PLACEMENT_3D ( 'NONE', #6053, #2057, #7338 ) ;
#7059 = ORIENTED_EDGE ( 'NONE', *, *, #3023, .T. ) ;
#7060 = ORIENTED_EDGE ( 'NONE', *, *, #4195, .T. ) ;
#7061 = CARTESIAN_POINT ( 'NONE',  ( 25.25000000000079226, -31.00000000000002132, 0.000000000000000000 ) ) ;
#7062 = CARTESIAN_POINT ( 'NONE',  ( -12.74999999999980282, 12.99999999999998757, 2.000000000000000000 ) ) ;
#7064 = EDGE_CURVE ( 'NONE', #6610, #6456, #3045, .T. ) ;
#7063 = DIRECTION ( 'NONE',  ( 0.000000000000000000, 0.000000000000000000, 1.000000000000000000 ) ) ;
#7065 = AXIS2_PLACEMENT_3D ( 'NONE', #2501, #1458, #7281 ) ;
#7066 = EDGE_CURVE ( 'NONE', #4898, #4565, #3798, .T. ) ;
#7067 = EDGE_LOOP ( 'NONE', ( #3795, #6157, #6634, #4857 ) ) ;
#7068 = CARTESIAN_POINT ( 'NONE',  ( -30.74999999999980105, 24.99999999999998579, 2.000000000000000000 ) ) ;
#7069 = VERTEX_POINT ( 'NONE', #6018 ) ;
#7070 = EDGE_CURVE ( 'NONE', #7009, #4902, #7186, .T. ) ;
#7071 = EDGE_CURVE ( 'NONE', #4203, #1450, #5296, .T. ) ;
#7072 = EDGE_CURVE ( 'NONE', #4473, #1396, #1114, .T. ) ;
#7073 = ORIENTED_EDGE ( 'NONE', *, *, #7115, .F. ) ;
#7074 = LINE ( 'NONE', #5403, #5652 ) ;
#7075 = CARTESIAN_POINT ( 'NONE',  ( -44.24999999999979394, 25.99999999999997868, 2.000000000000000000 ) ) ;
#7076 = ORIENTED_EDGE ( 'NONE', *, *, #4409, .T. ) ;
#7077 = VECTOR ( 'NONE', #7384, 1000.000000000000000 ) ;
#7078 = CARTESIAN_POINT ( 'NONE',  ( 46.50000000000000000, -43.50000000000001421, 0.000000000000000000 ) ) ;
#7079 = AXIS2_PLACEMENT_3D ( 'NONE', #4872, #7116, #752 ) ;
#7080 = AXIS2_PLACEMENT_3D ( 'NONE', #3561, #3640, #3520 ) ;
#7081 = DIRECTION ( 'NONE',  ( 1.000000000000000000, 0.000000000000000000, 0.000000000000000000 ) ) ;
#7082 = PLANE ( 'NONE',  #3433 ) ;
#7083 = CARTESIAN_POINT ( 'NONE',  ( 7.250000000000595968, -13.00000000000001066, 2.000000000000000000 ) ) ;
#7084 = FACE_BOUND ( 'NONE', #7400, .T. ) ;
#7085 = AXIS2_PLACEMENT_3D ( 'NONE', #5290, #7031, #1360 ) ;
#7086 = CARTESIAN_POINT ( 'NONE',  ( 7.250000000000395239, 5.999999999999984901, 0.000000000000000000 ) ) ;
#7087 = ORIENTED_EDGE ( 'NONE', *, *, #5552, .F. ) ;
#7088 = AXIS2_PLACEMENT_3D ( 'NONE', #5603, #3888, #6884 ) ;
#7089 = VERTEX_POINT ( 'NONE', #4143 ) ;
#7090 = LINE ( 'NONE', #1883, #6973 ) ;
#7091 = VERTEX_POINT ( 'NONE', #4835 ) ;
#7092 = DIRECTION ( 'NONE',  ( -0.000000000000000000, -0.000000000000000000, -1.000000000000000000 ) ) ;
#7093 = CARTESIAN_POINT ( 'NONE',  ( 45.25000000000019185, 12.99999999999998757, 2.000000000000000000 ) ) ;
#7094 = CARTESIAN_POINT ( 'NONE',  ( -26.24999999999999289, 43.99999999999998579, 2.000000000000000000 ) ) ;
#7095 = VECTOR ( 'NONE', #720, 1000.000000000000000 ) ;
#7096 = ORIENTED_EDGE ( 'NONE', *, *, #5009, .F. ) ;
#7097 = DIRECTION ( 'NONE',  ( -0.000000000000000000, -0.000000000000000000, -1.000000000000000000 ) ) ;
#7098 = EDGE_LOOP ( 'NONE', ( #3229, #2637, #1424, #2051 ) ) ;
#7099 = VECTOR ( 'NONE', #2027, 1000.000000000000000 ) ;
#7100 = VERTEX_POINT ( 'NONE', #6580 ) ;
#7101 = ORIENTED_EDGE ( 'NONE', *, *, #6976, .T. ) ;
#7102 = CYLINDRICAL_SURFACE ( 'NONE', #2422, 1.000000000000000888 ) ;
#7103 = EDGE_CURVE ( 'NONE', #6917, #6485, #4223, .T. ) ;
#7104 = EDGE_CURVE ( 'NONE', #6878, #2239, #5333, .T. ) ;
#7105 = LINE ( 'NONE', #69, #3674 ) ;
#7106 = ORIENTED_EDGE ( 'NONE', *, *, #4444, .F. ) ;
#7107 = DIRECTION ( 'NONE',  ( 0.000000000000000000, 0.000000000000000000, 1.000000000000000000 ) ) ;
#7108 = EDGE_LOOP ( 'NONE', ( #5219, #7161, #1518, #4819, #299, #5992, #6553, #2122 ) ) ;
#7109 = EDGE_CURVE ( 'NONE', #17, #621, #2401, .T. ) ;
#7110 = DIRECTION ( 'NONE',  ( 0.000000000000000000, 0.000000000000000000, 1.000000000000000000 ) ) ;
#7111 = ORIENTED_EDGE ( 'NONE', *, *, #1804, .T. ) ;
#7112 = CARTESIAN_POINT ( 'NONE',  ( 11.75000000000000355, 31.99999999999998579, 2.000000000000000000 ) ) ;
#7113 = DIRECTION ( 'NONE',  ( -0.000000000000000000, -0.000000000000000000, -1.000000000000000000 ) ) ;
#7114 = LINE ( 'NONE', #4181, #608 ) ;
#7115 = EDGE_CURVE ( 'NONE', #2271, #5584, #117, .T. ) ;
#7116 = DIRECTION ( 'NONE',  ( 0.000000000000000000, 1.000000000000000000, 0.000000000000000000 ) ) ;
#7117 = EDGE_CURVE ( 'NONE', #7292, #5060, #1367, .T. ) ;
#7118 = ADVANCED_FACE ( 'NONE', ( #6428 ), #7152, .T. ) ;
#7119 = FACE_OUTER_BOUND ( 'NONE', #4786, .T. ) ;
#7120 = CARTESIAN_POINT ( 'NONE',  ( 44.25000000000000000, 44.99999999999997868, 0.000000000000000000 ) ) ;
#7121 = FACE_BOUND ( 'NONE', #2603, .T. ) ;
#7122 = FACE_OUTER_BOUND ( 'NONE', #1144, .T. ) ;
#7123 = ORIENTED_EDGE ( 'NONE', *, *, #6506, .F. ) ;
#7124 = ADVANCED_FACE ( 'NONE', ( #790 ), #2553, .F. ) ;
#7125 = VERTEX_POINT ( 'NONE', #2436 ) ;
#7126 = DIRECTION ( 'NONE',  ( -1.000000000000000000, -0.000000000000000000, -0.000000000000000000 ) ) ;
#7127 = ORIENTED_EDGE ( 'NONE', *, *, #1439, .T. ) ;
#7128 = VECTOR ( 'NONE', #6212, 1000.000000000000000 ) ;
#7129 = CARTESIAN_POINT ( 'NONE',  ( 12.74999999999999822, 31.99999999999998579, 0.000000000000000000 ) ) ;
#7130 = DIRECTION ( 'NONE',  ( -0.000000000000000000, -0.000000000000000000, -1.000000000000000000 ) ) ;
#7131 = LINE ( 'NONE', #1805, #3491 ) ;
#7132 = ORIENTED_EDGE ( 'NONE', *, *, #926, .T. ) ;
#7133 = DIRECTION ( 'NONE',  ( -0.000000000000000000, 0.000000000000000000, -1.000000000000000000 ) ) ;
#7134 = ORIENTED_EDGE ( 'NONE', *, *, #1300, .T. ) ;
#7135 = ORIENTED_EDGE ( 'NONE', *, *, #2854, .T. ) ;
#7136 = EDGE_LOOP ( 'NONE', ( #4614, #6753, #5547, #4160 ) ) ;
#7137 = DIRECTION ( 'NONE',  ( -1.000000000000000000, 0.000000000000000000, 0.000000000000000000 ) ) ;
#7138 = AXIS2_PLACEMENT_3D ( 'NONE', #2643, #4886, #2609 ) ;
#7139 = CYLINDRICAL_SURFACE ( 'NONE', #4779, 1.000000000000000888 ) ;
#7140 = ORIENTED_EDGE ( 'NONE', *, *, #1079, .F. ) ;
#7141 = DIRECTION ( 'NONE',  ( 0.000000000000000000, 0.000000000000000000, 1.000000000000000000 ) ) ;
#7142 = ADVANCED_FACE ( 'NONE', ( #3573 ), #4764, .T. ) ;
#7143 = ORIENTED_EDGE ( 'NONE', *, *, #2446, .F. ) ;
#7144 = AXIS2_PLACEMENT_3D ( 'NONE', #7346, #6136, #273 ) ;
#7145 = PRODUCT_CONTEXT ( 'NONE', #3039, 'mechanical' ) ;
#7146 = CIRCLE ( 'NONE', #4225, 1.000000000000000888 ) ;
#7147 = PLANE ( 'NONE',  #5588 ) ;
#7148 = LINE ( 'NONE', #3722, #5410 ) ;
#7149 = AXIS2_PLACEMENT_3D ( 'NONE', #6960, #5264, #2819 ) ;
#7150 = DIRECTION ( 'NONE',  ( -1.000000000000000000, 0.000000000000000000, 0.000000000000000000 ) ) ;
#7151 = LINE ( 'NONE', #1943, #1705 ) ;
#7152 = PLANE ( 'NONE',  #5381 ) ;
#7153 = EDGE_CURVE ( 'NONE', #3105, #2067, #4183, .T. ) ;
#7154 = DIRECTION ( 'NONE',  ( 0.000000000000000000, 0.000000000000000000, 1.000000000000000000 ) ) ;
#7155 = DIRECTION ( 'NONE',  ( -0.000000000000000000, -0.000000000000000000, -1.000000000000000000 ) ) ;
#7156 = DIRECTION ( 'NONE',  ( 1.595148023886719315E-16, -1.000000000000000000, 0.000000000000000000 ) ) ;
#7157 = LINE ( 'NONE', #4150, #7374 ) ;
#7158 = EDGE_CURVE ( 'NONE', #579, #4568, #6505, .T. ) ;
#7159 = ORIENTED_EDGE ( 'NONE', *, *, #2618, .F. ) ;
#7160 = AXIS2_PLACEMENT_3D ( 'NONE', #4005, #2149, #6930 ) ;
#7161 = ORIENTED_EDGE ( 'NONE', *, *, #2275, .T. ) ;
#7162 = ORIENTED_EDGE ( 'NONE', *, *, #3622, .F. ) ;
#7163 = CARTESIAN_POINT ( 'NONE',  ( 28.49999999999999645, -28.49999999999998934, 2.000000000000000000 ) ) ;
#7164 = DIRECTION ( 'NONE',  ( 1.000000000000000000, 0.000000000000000000, 0.000000000000000000 ) ) ;
#7165 = LINE ( 'NONE', #838, #4378 ) ;
#7166 = DIRECTION ( 'NONE',  ( -0.000000000000000000, -0.000000000000000000, -1.000000000000000000 ) ) ;
#7167 = EDGE_CURVE ( 'NONE', #6193, #3434, #5904, .T. ) ;
#7168 = ORIENTED_EDGE ( 'NONE', *, *, #1809, .T. ) ;
#7169 = DIRECTION ( 'NONE',  ( 0.000000000000000000, 0.000000000000000000, 1.000000000000000000 ) ) ;
#7170 = ORIENTED_EDGE ( 'NONE', *, *, #1204, .T. ) ;
#7171 = EDGE_LOOP ( 'NONE', ( #2763, #3487, #5161, #1779 ) ) ;
#7172 = ORIENTED_EDGE ( 'NONE', *, *, #3260, .F. ) ;
#7173 = DIRECTION ( 'NONE',  ( 1.000000000000000000, 0.000000000000000000, 0.000000000000000000 ) ) ;
#7174 = AXIS2_PLACEMENT_3D ( 'NONE', #6387, #1673, #6914 ) ;
#7175 = LINE ( 'NONE', #1967, #997 ) ;
#7176 = VERTEX_POINT ( 'NONE', #192 ) ;
#7177 = DIRECTION ( 'NONE',  ( -1.000000000000000000, -0.000000000000000000, -0.000000000000000000 ) ) ;
#7178 = ORIENTED_EDGE ( 'NONE', *, *, #3248, .T. ) ;
#7179 = AXIS2_PLACEMENT_3D ( 'NONE', #6729, #2126, #7264 ) ;
#7180 = EDGE_CURVE ( 'NONE', #1008, #4089, #3089, .T. ) ;
#7181 = ORIENTED_EDGE ( 'NONE', *, *, #681, .F. ) ;
#7182 = DIRECTION ( 'NONE',  ( 0.000000000000000000, 0.000000000000000000, 1.000000000000000000 ) ) ;
#7183 = AXIS2_PLACEMENT_3D ( 'NONE', #6570, #6723, #7365 ) ;
#7184 = CARTESIAN_POINT ( 'NONE',  ( 31.75000000000079226, -32.00000000000001421, 2.000000000000000000 ) ) ;
#7185 = CARTESIAN_POINT ( 'NONE',  ( -44.24999999999979394, 12.99999999999998757, 2.000000000000000000 ) ) ;
#7186 = LINE ( 'NONE', #1257, #7095 ) ;
#7187 = DIRECTION ( 'NONE',  ( -1.000000000000000000, 0.000000000000000000, 0.000000000000000000 ) ) ;
#7188 = DIRECTION ( 'NONE',  ( -1.000000000000000000, 0.000000000000000000, 0.000000000000000000 ) ) ;
#7189 = LINE ( 'NONE', #3843, #4340 ) ;
#7190 = VECTOR ( 'NONE', #5179, 1000.000000000000000 ) ;
#7191 = VERTEX_POINT ( 'NONE', #6055 ) ;
#7192 = EDGE_CURVE ( 'NONE', #5869, #4078, #2965, .T. ) ;
#7193 = DIRECTION ( 'NONE',  ( 1.000000000000000000, 0.000000000000000000, 0.000000000000000000 ) ) ;
#7194 = VERTEX_POINT ( 'NONE', #861 ) ;
#7195 = CIRCLE ( 'NONE', #3194, 2.999999999999995559 ) ;
#7196 = ADVANCED_FACE ( 'NONE', ( #3804 ), #1404, .F. ) ;
#7197 = ORIENTED_EDGE ( 'NONE', *, *, #2644, .T. ) ;
#7198 = ORIENTED_EDGE ( 'NONE', *, *, #5933, .T. ) ;
#7199 = DIRECTION ( 'NONE',  ( 0.000000000000000000, -0.000000000000000000, -1.000000000000000000 ) ) ;
#7200 = LINE ( 'NONE', #1955, #1026 ) ;
#7201 = ADVANCED_FACE ( 'NONE', ( #3877 ), #4447, .F. ) ;
#7202 = CARTESIAN_POINT ( 'NONE',  ( 31.75000000000059686, -12.00000000000001776, 2.000000000000000000 ) ) ;
#7203 = DIRECTION ( 'NONE',  ( -0.000000000000000000, -0.000000000000000000, -1.000000000000000000 ) ) ;
#7204 = VECTOR ( 'NONE', #3484, 1000.000000000000000 ) ;
#7205 = LINE ( 'NONE', #1994, #7488 ) ;
#7206 = CARTESIAN_POINT ( 'NONE',  ( -6.249999999999602984, -7.000000000000013323, 0.000000000000000000 ) ) ;
#7207 = EDGE_CURVE ( 'NONE', #4968, #2065, #531, .T. ) ;
#7208 = CIRCLE ( 'NONE', #3439, 0.9999999999999940048 ) ;
#7209 = ORIENTED_EDGE ( 'NONE', *, *, #772, .F. ) ;
#7210 = DIRECTION ( 'NONE',  ( -7.975740119433594108E-17, 1.000000000000000000, 0.000000000000000000 ) ) ;
#7211 = EDGE_CURVE ( 'NONE', #4616, #2215, #7373, .T. ) ;
#7212 = EDGE_LOOP ( 'NONE', ( #2302, #1606, #3453, #5037 ) ) ;
#7213 = VERTEX_POINT ( 'NONE', #6091 ) ;
#7214 = EDGE_CURVE ( 'NONE', #2082, #3317, #6163, .T. ) ;
#7215 = ORIENTED_EDGE ( 'NONE', *, *, #4077, .T. ) ;
#7216 = CYLINDRICAL_SURFACE ( 'NONE', #4362, 0.9999999999999974465 ) ;
#7217 = ADVANCED_FACE ( 'NONE', ( #6130 ), #2127, .F. ) ;
#7218 = VECTOR ( 'NONE', #268, 1000.000000000000000 ) ;
#7219 = CARTESIAN_POINT ( 'NONE',  ( -12.74999999999960210, 5.999999999999984901, 0.000000000000000000 ) ) ;
#7220 = ORIENTED_EDGE ( 'NONE', *, *, #2001, .T. ) ;
#7221 = DIRECTION ( 'NONE',  ( -1.000000000000000000, 0.000000000000000000, 0.000000000000000000 ) ) ;
#7222 = ORIENTED_EDGE ( 'NONE', *, *, #910, .F. ) ;
#7223 = EDGE_LOOP ( 'NONE', ( #6681, #6151, #2693, #3327 ) ) ;
#7224 = ADVANCED_FACE ( 'NONE', ( #6765 ), #2019, .T. ) ;
#7225 = CARTESIAN_POINT ( 'NONE',  ( -26.24999999999919353, -32.00000000000001421, 2.000000000000000000 ) ) ;
#7226 = AXIS2_PLACEMENT_3D ( 'NONE', #201, #4850, #5451 ) ;
#7227 = DIRECTION ( 'NONE',  ( 0.000000000000000000, -0.000000000000000000, -1.000000000000000000 ) ) ;
#7228 = CARTESIAN_POINT ( 'NONE',  ( 31.75000000000040146, -7.000000000000013323, 2.000000000000000000 ) ) ;
#7229 = CARTESIAN_POINT ( 'NONE',  ( -28.50000000000000000, 28.49999999999998934, 0.000000000000000000 ) ) ;
#7230 = PLANE ( 'NONE',  #1732 ) ;
#7231 = CARTESIAN_POINT ( 'NONE',  ( -6.249999999999602984, -7.000000000000013323, 2.000000000000000000 ) ) ;
#7232 = LINE ( 'NONE', #2021, #1370 ) ;
#7233 = VECTOR ( 'NONE', #3887, 1000.000000000000000 ) ;
#7234 = DIRECTION ( 'NONE',  ( 0.000000000000000000, -1.000000000000000000, 0.000000000000000000 ) ) ;
#7235 = CARTESIAN_POINT ( 'NONE',  ( 31.75000000000079226, -31.00000000000002132, 2.000000000000000000 ) ) ;
#7236 = ORIENTED_EDGE ( 'NONE', *, *, #6872, .T. ) ;
#7237 = ORIENTED_EDGE ( 'NONE', *, *, #4593, .F. ) ;
#7238 = ORIENTED_EDGE ( 'NONE', *, *, #6558, .F. ) ;
#7239 = CARTESIAN_POINT ( 'NONE',  ( -44.25000000000000000, 44.99999999999997868, 2.000000000000000000 ) ) ;
#7240 = CARTESIAN_POINT ( 'NONE',  ( -44.24999999999979394, 11.99999999999998579, 2.000000000000000000 ) ) ;
#7241 = CARTESIAN_POINT ( 'NONE',  ( -25.24999999999999645, 31.99999999999998579, 0.000000000000000000 ) ) ;
#7242 = PLANE ( 'NONE',  #4335 ) ;
#7243 = EDGE_CURVE ( 'NONE', #6429, #7176, #4946, .T. ) ;
#7244 = DIRECTION ( 'NONE',  ( -0.000000000000000000, 1.000000000000000000, -0.000000000000000000 ) ) ;
#7245 = CARTESIAN_POINT ( 'NONE',  ( 7.250000000000797584, -32.00000000000001421, 0.000000000000000000 ) ) ;
#7246 = ORIENTED_EDGE ( 'NONE', *, *, #2738, .T. ) ;
#7247 = CARTESIAN_POINT ( 'NONE',  ( -25.24999999999999645, 31.99999999999998579, 2.000000000000000000 ) ) ;
#7248 = VERTEX_POINT ( 'NONE', #4296 ) ;
#7249 = VERTEX_POINT ( 'NONE', #2058 ) ;
#7250 = ORIENTED_EDGE ( 'NONE', *, *, #7020, .F. ) ;
#7251 = CARTESIAN_POINT ( 'NONE',  ( -31.75000000000000000, 30.99999999999998579, 2.000000000000000000 ) ) ;
#7252 = CARTESIAN_POINT ( 'NONE',  ( 7.249999999999996447, 43.99999999999998579, 0.000000000000000000 ) ) ;
#7253 = VECTOR ( 'NONE', #6707, 1000.000000000000000 ) ;
#7254 = ORIENTED_EDGE ( 'NONE', *, *, #6374, .T. ) ;
#7255 = CARTESIAN_POINT ( 'NONE',  ( -25.24999999999959854, -7.000000000000013323, 0.000000000000000000 ) ) ;
#7256 = ORIENTED_EDGE ( 'NONE', *, *, #3672, .F. ) ;
#7257 = EDGE_CURVE ( 'NONE', #5673, #4993, #1506, .T. ) ;
#7258 = VECTOR ( 'NONE', #3062, 1000.000000000000000 ) ;
#7259 = ORIENTED_EDGE ( 'NONE', *, *, #5238, .T. ) ;
#7260 = VECTOR ( 'NONE', #6923, 1000.000000000000000 ) ;
#7261 = CARTESIAN_POINT ( 'NONE',  ( 31.75000000000000000, 43.99999999999998579, 2.000000000000000000 ) ) ;
#7262 = CARTESIAN_POINT ( 'NONE',  ( -44.24999999999940314, -25.00000000000000711, 2.000000000000000000 ) ) ;
#7263 = AXIS2_PLACEMENT_3D ( 'NONE', #2671, #2063, #5596 ) ;
#7264 = DIRECTION ( 'NONE',  ( -1.000000000000000000, 0.000000000000000000, 0.000000000000000000 ) ) ;
#7265 = DIRECTION ( 'NONE',  ( -1.000000000000000000, -0.000000000000000000, -0.000000000000000000 ) ) ;
#7266 = DIRECTION ( 'NONE',  ( 0.000000000000000000, 0.000000000000000000, 1.000000000000000000 ) ) ;
#7267 = DIRECTION ( 'NONE',  ( 1.000000000000000000, 0.000000000000000000, 0.000000000000000000 ) ) ;
#7268 = PLANE ( 'NONE',  #5327 ) ;
#7269 = DIRECTION ( 'NONE',  ( 0.000000000000000000, 0.000000000000000000, 1.000000000000000000 ) ) ;
#7270 = ORIENTED_EDGE ( 'NONE', *, *, #5101, .T. ) ;
#7271 = EDGE_CURVE ( 'NONE', #5616, #6490, #2487, .T. ) ;
#7272 = EDGE_LOOP ( 'NONE', ( #3352, #4360, #6010, #292 ) ) ;
#7273 = DIRECTION ( 'NONE',  ( -0.000000000000000000, -0.000000000000000000, -1.000000000000000000 ) ) ;
#7274 = DIRECTION ( 'NONE',  ( -1.000000000000000000, 0.000000000000000000, 0.000000000000000000 ) ) ;
#7275 = CARTESIAN_POINT ( 'NONE',  ( -25.24999999999940314, -12.00000000000001776, 2.000000000000000000 ) ) ;
#7276 = LINE ( 'NONE', #392, #3737 ) ;
#7277 = AXIS2_PLACEMENT_3D ( 'NONE', #5462, #4822, #328 ) ;
#7278 = CARTESIAN_POINT ( 'NONE',  ( -31.74999999999940314, -13.00000000000001066, 2.000000000000000000 ) ) ;
#7279 = CARTESIAN_POINT ( 'NONE',  ( -45.24999999999959499, -6.000000000000012434, 2.000000000000000000 ) ) ;
#7280 = EDGE_LOOP ( 'NONE', ( #1663, #3828, #5960, #931, #1929, #1881, #5268, #417 ) ) ;
#7281 = DIRECTION ( 'NONE',  ( -1.000000000000000000, 0.000000000000000000, 0.000000000000000000 ) ) ;
#7282 = ORIENTED_EDGE ( 'NONE', *, *, #471, .T. ) ;
#7283 = EDGE_LOOP ( 'NONE', ( #774, #775, #4242, #1965 ) ) ;
#7284 = EDGE_LOOP ( 'NONE', ( #517, #6685, #519, #846 ) ) ;
#7285 = CYLINDRICAL_SURFACE ( 'NONE', #5090, 0.9999999999999940048 ) ;
#7286 = CARTESIAN_POINT ( 'NONE',  ( 6.250000000000796696, -31.00000000000002132, 0.000000000000000000 ) ) ;
#7287 = ORIENTED_EDGE ( 'NONE', *, *, #7104, .T. ) ;
#7288 = CARTESIAN_POINT ( 'NONE',  ( 27.29999999999999716, -28.49999999999998934, 0.000000000000000000 ) ) ;
#7289 = ORIENTED_EDGE ( 'NONE', *, *, #4305, .F. ) ;
#7290 = ADVANCED_FACE ( 'NONE', ( #1517 ), #943, .F. ) ;
#7291 = ORIENTED_EDGE ( 'NONE', *, *, #239, .T. ) ;
#7292 = VERTEX_POINT ( 'NONE', #6617 ) ;
#7293 = CIRCLE ( 'NONE', #5713, 0.9999999999999940048 ) ;
#7294 = ADVANCED_FACE ( 'NONE', ( #347 ), #7230, .T. ) ;
#7295 = CARTESIAN_POINT ( 'NONE',  ( 12.75000000000019895, 11.99999999999998579, 0.000000000000000000 ) ) ;
#7296 = CARTESIAN_POINT ( 'NONE',  ( -30.74999999999920064, -32.00000000000001421, 2.000000000000000000 ) ) ;
#7297 = AXIS2_PLACEMENT_3D ( 'NONE', #5637, #422, #7193 ) ;
#7298 = EDGE_CURVE ( 'NONE', #1499, #1095, #4373, .T. ) ;
#7299 = EDGE_CURVE ( 'NONE', #7509, #6259, #4986, .T. ) ;
#7300 = LINE ( 'NONE', #6690, #974 ) ;
#7301 = EDGE_CURVE ( 'NONE', #3441, #6991, #6236, .T. ) ;
#7302 = DIRECTION ( 'NONE',  ( 1.000000000000000000, 0.000000000000000000, 0.000000000000000000 ) ) ;
#7303 = ORIENTED_EDGE ( 'NONE', *, *, #95, .F. ) ;
#7304 = VECTOR ( 'NONE', #72, 1000.000000000000000 ) ;
#7305 = EDGE_CURVE ( 'NONE', #165, #199, #6948, .T. ) ;
#7306 = DIRECTION ( 'NONE',  ( 0.000000000000000000, -0.000000000000000000, 1.000000000000000000 ) ) ;
#7307 = AXIS2_PLACEMENT_3D ( 'NONE', #5744, #1630, #7483 ) ;
#7308 = DIRECTION ( 'NONE',  ( 0.000000000000000000, 0.000000000000000000, 1.000000000000000000 ) ) ;
#7309 = ORIENTED_EDGE ( 'NONE', *, *, #3207, .T. ) ;
#7310 = LINE ( 'NONE', #1558, #4829 ) ;
#7311 = VECTOR ( 'NONE', #2119, 1000.000000000000000 ) ;
#7312 = EDGE_LOOP ( 'NONE', ( #1568, #4901, #4454, #4791 ) ) ;
#7313 = CARTESIAN_POINT ( 'NONE',  ( -7.249999999999992895, 43.99999999999998579, 2.000000000000000000 ) ) ;
#7314 = DIRECTION ( 'NONE',  ( 0.000000000000000000, 0.000000000000000000, 1.000000000000000000 ) ) ;
#7315 = CARTESIAN_POINT ( 'NONE',  ( -45.24999999999999289, 43.99999999999998579, 2.000000000000000000 ) ) ;
#7316 = CARTESIAN_POINT ( 'NONE',  ( 11.75000000000000355, 43.99999999999998579, 0.000000000000000000 ) ) ;
#7317 = LINE ( 'NONE', #2645, #3971 ) ;
#7318 = PLANE ( 'NONE',  #6274 ) ;
#7319 = ORIENTED_EDGE ( 'NONE', *, *, #5624, .F. ) ;
#7320 = CARTESIAN_POINT ( 'NONE',  ( -30.74999999999940314, -25.00000000000000711, 2.000000000000000000 ) ) ;
#7321 = CIRCLE ( 'NONE', #6614, 1.000000000000000888 ) ;
#7322 = VECTOR ( 'NONE', #5407, 1000.000000000000000 ) ;
#7323 = ORIENTED_EDGE ( 'NONE', *, *, #5477, .F. ) ;
#7324 = ORIENTED_EDGE ( 'NONE', *, *, #2770, .F. ) ;
#7325 = AXIS2_PLACEMENT_3D ( 'NONE', #4790, #5356, #5850 ) ;
#7326 = CARTESIAN_POINT ( 'NONE',  ( 6.250000000000199840, 12.99999999999998757, 2.000000000000000000 ) ) ;
#7327 = DIRECTION ( 'NONE',  ( -1.000000000000000000, 0.000000000000000000, 0.000000000000000000 ) ) ;
#7328 = AXIS2_PLACEMENT_3D ( 'NONE', #5932, #4680, #714 ) ;
#7329 = ORIENTED_EDGE ( 'NONE', *, *, #3760, .F. ) ;
#7330 = LINE ( 'NONE', #3903, #6210 ) ;
#7331 = ORIENTED_EDGE ( 'NONE', *, *, #1706, .F. ) ;
#7332 = VERTEX_POINT ( 'NONE', #3492 ) ;
#7333 = ORIENTED_EDGE ( 'NONE', *, *, #920, .F. ) ;
#7334 = EDGE_CURVE ( 'NONE', #4953, #5360, #3678, .T. ) ;
#7335 = EDGE_CURVE ( 'NONE', #4894, #4318, #2238, .T. ) ;
#7336 = DIRECTION ( 'NONE',  ( 1.000000000000000000, 0.000000000000000000, 0.000000000000000000 ) ) ;
#7337 = CARTESIAN_POINT ( 'NONE',  ( -6.249999999999200639, -31.00000000000002132, 0.000000000000000000 ) ) ;
#7338 = DIRECTION ( 'NONE',  ( -1.000000000000000000, 0.000000000000000000, 0.000000000000000000 ) ) ;
#7339 = VECTOR ( 'NONE', #4, 1000.000000000000000 ) ;
#7340 = DIRECTION ( 'NONE',  ( -0.000000000000000000, -0.000000000000000000, -1.000000000000000000 ) ) ;
#7341 = ORIENTED_EDGE ( 'NONE', *, *, #2519, .T. ) ;
#7342 = VECTOR ( 'NONE', #5103, 1000.000000000000000 ) ;
#7343 = AXIS2_PLACEMENT_3D ( 'NONE', #2131, #1555, #3313 ) ;
#7344 = DIRECTION ( 'NONE',  ( 0.000000000000000000, 0.000000000000000000, 1.000000000000000000 ) ) ;
#7345 = EDGE_CURVE ( 'NONE', #3750, #3066, #1627, .T. ) ;
#7346 = CARTESIAN_POINT ( 'NONE',  ( 25.25000000000039080, -6.000000000000012434, 0.000000000000000000 ) ) ;
#7347 = VERTEX_POINT ( 'NONE', #7480 ) ;
#7348 = LINE ( 'NONE', #2600, #3124 ) ;
#7349 = ADVANCED_FACE ( 'NONE', ( #5210 ), #5820, .F. ) ;
#7350 = EDGE_CURVE ( 'NONE', #1579, #1931, #1247, .T. ) ;
#7351 = ORIENTED_EDGE ( 'NONE', *, *, #5545, .F. ) ;
#7352 = CARTESIAN_POINT ( 'NONE',  ( 11.75000000000060041, -25.00000000000000711, 2.000000000000000000 ) ) ;
#7353 = CIRCLE ( 'NONE', #6021, 0.9999999999999940048 ) ;
#7354 = LINE ( 'NONE', #1028, #3101 ) ;
#7355 = FACE_OUTER_BOUND ( 'NONE', #2584, .T. ) ;
#7356 = DIRECTION ( 'NONE',  ( -0.000000000000000000, 1.000000000000000000, -0.000000000000000000 ) ) ;
#7357 = DIRECTION ( 'NONE',  ( 0.000000000000000000, 0.000000000000000000, 1.000000000000000000 ) ) ;
#7358 = EDGE_LOOP ( 'NONE', ( #1024, #2299, #5579, #4880 ) ) ;
#7359 = LINE ( 'NONE', #3359, #3446 ) ;
#7360 = ORIENTED_EDGE ( 'NONE', *, *, #3607, .F. ) ;
#7361 = ORIENTED_EDGE ( 'NONE', *, *, #4516, .T. ) ;
#7362 = CARTESIAN_POINT ( 'NONE',  ( 25.25000000000079226, -31.00000000000002132, 2.000000000000000000 ) ) ;
#7363 = CARTESIAN_POINT ( 'NONE',  ( 12.74999999999999822, 44.99999999999997868, 0.000000000000000000 ) ) ;
#7364 = VERTEX_POINT ( 'NONE', #6301 ) ;
#7365 = DIRECTION ( 'NONE',  ( 1.000000000000000000, 0.000000000000000000, 0.000000000000000000 ) ) ;
#7366 = ORIENTED_EDGE ( 'NONE', *, *, #1292, .F. ) ;
#7367 = ORIENTED_EDGE ( 'NONE', *, *, #7192, .T. ) ;
#7368 = CIRCLE ( 'NONE', #7002, 1.000000000000000888 ) ;
#7369 = DIRECTION ( 'NONE',  ( 1.000000000000000000, 0.000000000000000000, 0.000000000000000000 ) ) ;
#7370 = EDGE_CURVE ( 'NONE', #401, #1041, #1494, .T. ) ;
#7371 = DIRECTION ( 'NONE',  ( 0.000000000000000000, 0.000000000000000000, 1.000000000000000000 ) ) ;
#7372 = CARTESIAN_POINT ( 'NONE',  ( -7.249999999999992895, 43.99999999999998579, 0.000000000000000000 ) ) ;
#7373 = LINE ( 'NONE', #4331, #7218 ) ;
#7374 = VECTOR ( 'NONE', #759, 1000.000000000000000 ) ;
#7375 = ADVANCED_FACE ( 'NONE', ( #7516 ), #2199, .F. ) ;
#7376 = ORIENTED_EDGE ( 'NONE', *, *, #1013, .T. ) ;
#7377 = CARTESIAN_POINT ( 'NONE',  ( -11.75000000000000000, 31.99999999999998579, 2.000000000000000000 ) ) ;
#7378 = CIRCLE ( 'NONE', #5320, 1.199999999999999734 ) ;
#7379 = AXIS2_PLACEMENT_3D ( 'NONE', #5098, #2778, #5636 ) ;
#7380 = LINE ( 'NONE', #2316, #5934 ) ;
#7381 = EDGE_CURVE ( 'NONE', #4796, #1919, #2106, .T. ) ;
#7382 = VECTOR ( 'NONE', #2279, 1000.000000000000000 ) ;
#7383 = ORIENTED_EDGE ( 'NONE', *, *, #40, .F. ) ;
#7384 = DIRECTION ( 'NONE',  ( 1.000000000000000000, 0.000000000000000000, 0.000000000000000000 ) ) ;
#7385 = DIRECTION ( 'NONE',  ( -0.000000000000000000, -0.000000000000000000, -1.000000000000000000 ) ) ;
#7386 = DIRECTION ( 'NONE',  ( -1.000000000000000000, 0.000000000000000000, 0.000000000000000000 ) ) ;
#7387 = FACE_BOUND ( 'NONE', #4595, .T. ) ;
#7388 = EDGE_CURVE ( 'NONE', #5187, #4442, #4638, .T. ) ;
#7389 = PLANE ( 'NONE',  #3845 ) ;
#7390 = EDGE_CURVE ( 'NONE', #314, #4473, #3454, .T. ) ;
#7391 = ORIENTED_EDGE ( 'NONE', *, *, #2644, .F. ) ;
#7392 = EDGE_CURVE ( 'NONE', #1074, #4931, #5666, .T. ) ;
#7393 = CARTESIAN_POINT ( 'NONE',  ( -25.24999999999959854, 6.999999999999978684, 2.000000000000000000 ) ) ;
#7394 = ORIENTED_EDGE ( 'NONE', *, *, #5297, .T. ) ;
#7395 = VERTEX_POINT ( 'NONE', #2853 ) ;
#7396 = LINE ( 'NONE', #2725, #3821 ) ;
#7397 = DIRECTION ( 'NONE',  ( -0.000000000000000000, -0.000000000000000000, -1.000000000000000000 ) ) ;
#7398 = CIRCLE ( 'NONE', #828, 0.9999999999999940048 ) ;
#7399 = LINE ( 'NONE', #7363, #639 ) ;
#7400 = EDGE_LOOP ( 'NONE', ( #2583, #727, #5758, #6839, #3050, #5464, #1359, #2648 ) ) ;
#7401 = CARTESIAN_POINT ( 'NONE',  ( -6.249999999999402256, -12.00000000000001776, 2.000000000000000000 ) ) ;
#7402 = ORIENTED_EDGE ( 'NONE', *, *, #868, .T. ) ;
#7403 = ORIENTED_EDGE ( 'NONE', *, *, #6442, .T. ) ;
#7404 = CARTESIAN_POINT ( 'NONE',  ( -31.74999999999920419, -32.00000000000001421, 2.000000000000000000 ) ) ;
#7405 = DIRECTION ( 'NONE',  ( 1.000000000000000000, 0.000000000000000000, -0.000000000000000000 ) ) ;
#7406 = DIRECTION ( 'NONE',  ( -1.000000000000000000, -0.000000000000000000, -0.000000000000000000 ) ) ;
#7407 = FACE_OUTER_BOUND ( 'NONE', #1718, .T. ) ;
#7408 = ORIENTED_EDGE ( 'NONE', *, *, #459, .F. ) ;
#7409 = CARTESIAN_POINT ( 'NONE',  ( -45.24999999999939604, -25.00000000000000711, 0.000000000000000000 ) ) ;
#7410 = ORIENTED_EDGE ( 'NONE', *, *, #5214, .F. ) ;
#7411 = VECTOR ( 'NONE', #6105, 1000.000000000000000 ) ;
#7412 = DIRECTION ( 'NONE',  ( 0.000000000000000000, 0.000000000000000000, 1.000000000000000000 ) ) ;
#7413 = CIRCLE ( 'NONE', #1463, 1.000000000000000888 ) ;
#7414 = DIRECTION ( 'NONE',  ( 0.000000000000000000, 0.000000000000000000, 1.000000000000000000 ) ) ;
#7415 = LINE ( 'NONE', #1170, #5474 ) ;
#7416 = AXIS2_PLACEMENT_3D ( 'NONE', #6457, #635, #2509 ) ;
#7417 = VERTEX_POINT ( 'NONE', #7409 ) ;
#7418 = LINE ( 'NONE', #6778, #4893 ) ;
#7419 = CARTESIAN_POINT ( 'NONE',  ( 12.75000000000039257, -7.000000000000013323, 0.000000000000000000 ) ) ;
#7420 = DIRECTION ( 'NONE',  ( 1.000000000000000000, 0.000000000000000000, 0.000000000000000000 ) ) ;
#7421 = ADVANCED_FACE ( 'NONE', ( #4526 ), #6838, .F. ) ;
#7422 = CIRCLE ( 'NONE', #4144, 1.000000000000000888 ) ;
#7423 = FACE_BOUND ( 'NONE', #2757, .T. ) ;
#7424 = CARTESIAN_POINT ( 'NONE',  ( -25.24999999999999645, 44.99999999999997868, 2.000000000000000000 ) ) ;
#7425 = EDGE_CURVE ( 'NONE', #1987, #2452, #1661, .T. ) ;
#7426 = VERTEX_POINT ( 'NONE', #5702 ) ;
#7427 = VECTOR ( 'NONE', #687, 1000.000000000000000 ) ;
#7428 = EDGE_LOOP ( 'NONE', ( #5394, #4553, #179, #779 ) ) ;
#7429 = DIRECTION ( 'NONE',  ( -1.000000000000000000, 0.000000000000000000, 0.000000000000000000 ) ) ;
#7430 = CARTESIAN_POINT ( 'NONE',  ( 7.250000000000595968, -13.00000000000001066, 0.000000000000000000 ) ) ;
#7431 = FACE_OUTER_BOUND ( 'NONE', #4109, .T. ) ;
#7432 = EDGE_CURVE ( 'NONE', #1234, #1399, #2811, .T. ) ;
#7433 = AXIS2_PLACEMENT_3D ( 'NONE', #3009, #3424, #2363 ) ;
#7434 = ORIENTED_EDGE ( 'NONE', *, *, #307, .T. ) ;
#7435 = CARTESIAN_POINT ( 'NONE',  ( -30.74999999999980460, 24.99999999999998579, 0.000000000000000000 ) ) ;
#7436 = ORIENTED_EDGE ( 'NONE', *, *, #2167, .T. ) ;
#7437 = EDGE_CURVE ( 'NONE', #3368, #4514, #5632, .T. ) ;
#7438 = EDGE_CURVE ( 'NONE', #4696, #5923, #6573, .T. ) ;
#7439 = ORIENTED_EDGE ( 'NONE', *, *, #1537, .T. ) ;
#7440 = AXIS2_PLACEMENT_3D ( 'NONE', #4875, #1331, #5981 ) ;
#7441 = DIRECTION ( 'NONE',  ( -1.000000000000000000, -0.000000000000000000, -0.000000000000000000 ) ) ;
#7442 = VECTOR ( 'NONE', #406, 1000.000000000000000 ) ;
#7443 = DIRECTION ( 'NONE',  ( -1.000000000000000000, 0.000000000000000000, 0.000000000000000000 ) ) ;
#7444 = CARTESIAN_POINT ( 'NONE',  ( 25.25000000000079226, -45.00000000000001421, 0.000000000000000000 ) ) ;
#7445 = DIRECTION ( 'NONE',  ( 1.000000000000000000, 0.000000000000000000, 0.000000000000000000 ) ) ;
#7446 = EDGE_LOOP ( 'NONE', ( #2988, #2668, #7215, #1650 ) ) ;
#7447 = DIRECTION ( 'NONE',  ( 1.000000000000000000, 0.000000000000000000, 0.000000000000000000 ) ) ;
#7448 = EDGE_CURVE ( 'NONE', #5559, #6648, #6537, .T. ) ;
#7449 = ORIENTED_EDGE ( 'NONE', *, *, #5835, .F. ) ;
#7450 = ORIENTED_EDGE ( 'NONE', *, *, #3864, .T. ) ;
#7451 = DIRECTION ( 'NONE',  ( -0.000000000000000000, -0.000000000000000000, -1.000000000000000000 ) ) ;
#7452 = DIRECTION ( 'NONE',  ( -0.000000000000000000, -0.000000000000000000, -1.000000000000000000 ) ) ;
#7453 = VECTOR ( 'NONE', #5827, 1000.000000000000000 ) ;
#7454 = SURFACE_STYLE_USAGE ( .BOTH. , #6876 ) ;
#7455 = ORIENTED_EDGE ( 'NONE', *, *, #6907, .F. ) ;
#7456 = DIRECTION ( 'NONE',  ( -0.000000000000000000, -0.000000000000000000, -1.000000000000000000 ) ) ;
#7457 = DIRECTION ( 'NONE',  ( -0.000000000000000000, -0.000000000000000000, -1.000000000000000000 ) ) ;
#7458 = DIRECTION ( 'NONE',  ( 0.000000000000000000, -1.000000000000000000, 0.000000000000000000 ) ) ;
#7459 = FACE_OUTER_BOUND ( 'NONE', #3417, .T. ) ;
#7460 = VECTOR ( 'NONE', #2891, 1000.000000000000000 ) ;
#7461 = FACE_OUTER_BOUND ( 'NONE', #514, .T. ) ;
#7462 = ORIENTED_EDGE ( 'NONE', *, *, #3260, .T. ) ;
#7463 = VERTEX_POINT ( 'NONE', #1245 ) ;
#7464 = CYLINDRICAL_SURFACE ( 'NONE', #4232, 0.9999999999999974465 ) ;
#7465 = CARTESIAN_POINT ( 'NONE',  ( 31.75000000000000000, 44.99999999999997868, 0.000000000000000000 ) ) ;
#7466 = ADVANCED_FACE ( 'NONE', ( #1205 ), #5398, .T. ) ;
#7467 = VECTOR ( 'NONE', #913, 1000.000000000000000 ) ;
#7468 = CARTESIAN_POINT ( 'NONE',  ( 45.25000000000000000, 43.99999999999998579, 0.000000000000000000 ) ) ;
#7469 = ORIENTED_EDGE ( 'NONE', *, *, #4186, .T. ) ;
#7470 = DIRECTION ( 'NONE',  ( -1.000000000000000000, 0.000000000000000000, 0.000000000000000000 ) ) ;
#7471 = VERTEX_POINT ( 'NONE', #4136 ) ;
#7472 = EDGE_LOOP ( 'NONE', ( #2374, #6268, #7006, #6714 ) ) ;
#7473 = LINE ( 'NONE', #6863, #5628 ) ;
#7474 = DIRECTION ( 'NONE',  ( 0.000000000000000000, 0.000000000000000000, 1.000000000000000000 ) ) ;
#7475 = LINE ( 'NONE', #2807, #5791 ) ;
#7476 = EDGE_CURVE ( 'NONE', #178, #7213, #5506, .T. ) ;
#7477 = ORIENTED_EDGE ( 'NONE', *, *, #1809, .F. ) ;
#7478 = CARTESIAN_POINT ( 'NONE',  ( -6.249999999999602984, -7.000000000000013323, 2.000000000000000000 ) ) ;
#7479 = EDGE_LOOP ( 'NONE', ( #483, #5468, #965, #577 ) ) ;
#7480 = CARTESIAN_POINT ( 'NONE',  ( 12.75000000000019895, 25.99999999999997868, 2.000000000000000000 ) ) ;
#7481 = ORIENTED_EDGE ( 'NONE', *, *, #3348, .T. ) ;
#7482 = VECTOR ( 'NONE', #5535, 1000.000000000000000 ) ;
#7483 = DIRECTION ( 'NONE',  ( -1.000000000000000000, 0.000000000000000000, 0.000000000000000000 ) ) ;
#7484 = LINE ( 'NONE', #2283, #936 ) ;
#7485 = DIRECTION ( 'NONE',  ( 0.000000000000000000, -1.000000000000000000, 0.000000000000000000 ) ) ;
#7486 = VECTOR ( 'NONE', #1067, 1000.000000000000000 ) ;
#7487 = ORIENTED_EDGE ( 'NONE', *, *, #2747, .T. ) ;
#7488 = VECTOR ( 'NONE', #4312, 1000.000000000000000 ) ;
#7489 = DIRECTION ( 'NONE',  ( -0.000000000000000000, -0.000000000000000000, -1.000000000000000000 ) ) ;
#7490 = CIRCLE ( 'NONE', #1546, 0.9999999999999940048 ) ;
#7491 = DIRECTION ( 'NONE',  ( -0.000000000000000000, -1.000000000000000000, -0.000000000000000000 ) ) ;
#7492 = DIRECTION ( 'NONE',  ( 1.000000000000000000, 0.000000000000000000, 0.000000000000000000 ) ) ;
#7493 = FACE_BOUND ( 'NONE', #4939, .T. ) ;
#7494 = DIRECTION ( 'NONE',  ( -0.000000000000000000, -0.000000000000000000, -1.000000000000000000 ) ) ;
#7495 = AXIS2_PLACEMENT_3D ( 'NONE', #4843, #52, #5983 ) ;
#7496 = ORIENTED_EDGE ( 'NONE', *, *, #4169, .F. ) ;
#7497 = EDGE_CURVE ( 'NONE', #842, #2230, #1938, .T. ) ;
#7498 = AXIS2_PLACEMENT_3D ( 'NONE', #4480, #4523, #4558 ) ;
#7499 = ORIENTED_EDGE ( 'NONE', *, *, #1829, .T. ) ;
#7500 = ORIENTED_EDGE ( 'NONE', *, *, #5297, .F. ) ;
#7501 = CARTESIAN_POINT ( 'NONE',  ( -25.24999999999940314, -25.00000000000000711, 2.000000000000000000 ) ) ;
#7502 = CYLINDRICAL_SURFACE ( 'NONE', #960, 1.000000000000000888 ) ;
#7503 = AXIS2_PLACEMENT_3D ( 'NONE', #509, #4469, #5151 ) ;
#7504 = FACE_OUTER_BOUND ( 'NONE', #4576, .T. ) ;
#7505 = EDGE_LOOP ( 'NONE', ( #7351, #5388, #4041, #2703 ) ) ;
#7506 = CARTESIAN_POINT ( 'NONE',  ( 44.25000000000019185, 11.99999999999998579, 0.000000000000000000 ) ) ;
#7507 = ORIENTED_EDGE ( 'NONE', *, *, #4701, .F. ) ;
#7508 = ORIENTED_EDGE ( 'NONE', *, *, #2518, .F. ) ;
#7509 = VERTEX_POINT ( 'NONE', #2996 ) ;
#7510 = CARTESIAN_POINT ( 'NONE',  ( -46.50000000000002842, 43.49999999999999289, 2.000000000000000000 ) ) ;
#7511 = LINE ( 'NONE', #5813, #5016 ) ;
#7512 = LINE ( 'NONE', #4131, #4578 ) ;
#7513 = ORIENTED_EDGE ( 'NONE', *, *, #1907, .T. ) ;
#7514 = CYLINDRICAL_SURFACE ( 'NONE', #1841, 2.999999999999988898 ) ;
#7515 = ORIENTED_EDGE ( 'NONE', *, *, #872, .F. ) ;
#7516 = FACE_OUTER_BOUND ( 'NONE', #2866, .T. ) ;
#7517 = AXIS2_PLACEMENT_3D ( 'NONE', #6221, #3936, #1109 ) ;
#7518 = ORIENTED_EDGE ( 'NONE', *, *, #6558, .T. ) ;
#7519 = VERTEX_POINT ( 'NONE', #3683 ) ;
#7520 = EDGE_CURVE ( 'NONE', #4627, #24, #6955, .T. ) ;
#7521 = CARTESIAN_POINT ( 'NONE',  ( 45.25000000000000000, 43.99999999999998579, 2.000000000000000000 ) ) ;
#7522 = ADVANCED_FACE ( 'NONE', ( #782 ), #4214, .T. ) ;
#7523 = EDGE_CURVE ( 'NONE', #1007, #16, #5328, .T. ) ;
ENDSEC;
END-ISO-10303-21;
